"Fecha","08172","08173","08174","08191","08192","08194","08195","08196","08197","08198","08221","08222","08223","08224","08225","08226","08227","08228","08231","08232","08233","08230"
2015-01-01,12.3,12.3,12.2,12.5,12,12.2,12.4,11.9,12.6,12.2,11.7,11.6,11.8,11.7,10.6,11.4,11.5,12.1,11.9,12.1,11.7,9.6
2015-01-02,16.2,16.2,16,15.9,16.8,16.5,16.2,14.9,16.2,15.7,16.4,16.9,17,15.8,14.3,16.3,17.5,17,15.5,15.5,14.4,13.4
2015-01-03,17.1,17,16.9,16.6,17.4,17.2,17,16.1,17,16.7,16.9,17.2,17.3,16.3,14.9,16.7,17.5,17.4,16.1,16.2,14.8,14.2
2015-01-04,15.9,15.9,15.7,15.6,16.5,16.2,15.9,15.4,16,15.8,15.9,16.3,16.4,15.2,13.4,15.7,16.9,16.5,14.9,14.9,13.4,12.6
2015-01-05,16.7,16.6,16.4,15.9,15.9,16,16.5,15.2,16.3,15.8,15.4,15.4,15.5,15.3,14.5,15.2,15.4,15.8,15.4,15.6,15.1,13.8
2015-01-06,12.2,12.2,12.1,12.2,12.6,12.5,12.3,12,12.6,12.4,12.2,12.4,12.5,11.8,10.5,12,12.7,12.7,11.7,11.6,10.2,10.4
2015-01-07,13.9,13.9,13.6,13.3,13.4,13.5,13.9,12.8,13.8,13.4,12.7,12.9,13.1,12.3,10.8,12.4,13.1,13.4,12.4,12.3,11,10
2015-01-08,11,11,10.7,10.8,12.2,11.7,11,11,11.3,11.5,11.7,12.2,12.3,11,9.6,11.7,13,12.2,10.5,10.4,9.1,9.4
2015-01-09,13.5,13.5,13.3,12.9,14.2,13.8,13.4,12.2,13.3,13.1,13.5,14.1,14.1,12.8,11,13.4,14.8,14.2,12.3,12,10.2,11.1
2015-01-10,18.5,18.5,18.4,18.6,18.6,18.7,18.6,18.3,18.8,18.4,18.2,18.3,18.4,17.9,16.7,18,18.4,18.7,18,17.8,16.4,16.5
2015-01-11,15,15,14.8,14.3,15.2,15,15,14.1,15,14.8,14.3,14.8,14.9,13.6,11.6,14.1,15.4,15.2,13.4,13,10.7,11.6
2015-01-12,16.4,16.4,16.2,16,16.1,16.1,16.4,16.1,16.4,16.2,15.3,15.5,15.6,14.9,13.3,15,15.6,16,15,14.4,12.1,13.3
2015-01-13,17,17,16.8,17,16.3,16.7,17.1,15.7,17.1,16.2,15.9,15.8,16,15.8,14.6,15.5,15.5,16.4,16.1,16.4,15.6,13.5
2015-01-14,16.7,16.7,16.5,16.8,16.4,16.6,16.8,15.7,16.9,16.2,16.1,16.1,16.3,15.8,14.3,15.7,16.1,16.6,16,16.3,15.7,12.8
2015-01-15,17.7,17.7,17.4,17.5,17,17.3,17.7,16.5,17.6,16.8,16.6,16.5,16.7,16.4,15.4,16.2,16.3,17.1,16.6,17.1,16.6,14.1
2015-01-16,11.3,11.3,11.1,11.2,11.4,11.5,11.4,11.3,11.7,11.5,10.9,11,11.2,10.4,8.9,10.5,11.1,11.5,10.4,10.4,8.7,8.4
2015-01-17,11.2,11.2,11,11.1,11.4,11.4,11.4,10.7,11.6,11.2,10.7,10.9,11.1,10.1,7.9,10.2,11.2,11.5,10.1,10.1,8.4,6.5
2015-01-18,13.1,13,12.7,13,12.3,12.6,13.1,11.7,13.3,12.3,11.6,11.6,11.8,11.4,9.6,11.1,11.4,12.4,11.7,12,11.1,8
2015-01-19,7.3,7.2,7,6.7,6.9,6.9,7.2,6.1,7.2,6.8,6.3,6.4,6.6,5.9,4.6,6,6.5,6.9,5.9,6.1,5,3.7
2015-01-20,9.5,9.4,9.2,9.1,9.6,9.5,9.5,8.4,9.6,9,8.8,9.2,9.4,8.1,5.8,8.4,9.6,9.7,7.9,8,6.2,4.5
2015-01-21,8.2,8.2,8,8,7.8,8,8.3,7.1,8.4,7.9,7.2,7.2,7.4,6.9,5.3,6.8,7.2,7.8,7,7.2,5.9,4.4
2015-01-22,11.9,11.9,11.6,11.5,11.4,11.6,11.9,10.5,11.9,11.2,10.9,10.9,11.1,10.5,8.8,10.4,10.9,11.5,10.6,11.1,10.3,7.2
2015-01-23,13.5,13.5,13.1,12.6,12.6,12.8,13.4,11.6,13.3,12.4,11.9,11.8,12.1,11.5,9.7,11.4,11.7,12.6,11.6,12.2,11.2,8
2015-01-24,13.3,13.2,12.9,12.7,13.1,13.1,13.2,11.4,13.2,12.4,12.4,12.6,12.8,11.8,9.7,11.9,12.8,13.2,11.7,11.9,10.3,8.4
2015-01-25,17.8,17.8,17.4,16.5,16.5,16.6,17.5,14.8,17,15.8,15.8,15.9,16.1,15.3,13.7,15.3,16,16.5,15.3,16.1,15.9,11.6
2015-01-26,13,13,12.7,12.2,11.4,11.8,12.9,10.8,12.7,11.8,10.8,10.6,10.8,10.9,9.7,10.4,10.3,11.4,11.2,11.6,11.1,8.4
2015-01-27,12.1,12.1,11.8,11.4,11.7,11.7,12.1,10.9,12.1,11.6,10.9,11.1,11.2,10.5,8.8,10.6,11.1,11.7,10.5,10.5,8.9,7.9
2015-01-28,14.2,14.1,13.9,13.6,13.1,13.4,14.1,12.6,14,13.2,12.5,12.5,12.7,12.4,11,12.1,12.3,13.1,12.7,12.9,12.2,9.6
2015-01-29,15.5,15.4,15.2,15.1,14.7,15,15.5,14,15.5,14.9,14.2,14.1,14.3,14,12.5,13.8,14.1,14.8,14.2,14.5,13.9,11.1
2015-01-30,15.9,15.9,15.5,15.3,14.9,15.2,15.9,14.4,15.9,15.2,14.1,14.1,14.4,13.9,12.1,13.7,14,14.9,14.1,14.4,13.5,10.4
2015-01-31,13.6,13.5,13.2,13.1,12.9,13.2,13.6,12.4,13.6,12.9,12.5,12.3,12.5,12.2,10.8,12,12.1,13,12.3,13,12.5,9.1
2015-02-01,11.4,11.4,11,11.1,10.6,11,11.5,10.4,11.6,10.7,10.1,9.9,10.2,9.9,8.2,9.5,9.7,10.8,10.1,11,10.5,6.1
2015-02-02,9.1,9.1,8.8,9,8.4,8.7,9.2,8.2,9.4,8.7,7.7,7.7,7.9,7.4,5.7,7.3,7.6,8.5,7.7,7.5,5.8,4.4
2015-02-03,8.4,8.4,8.1,7.9,7.3,7.7,8.4,7.4,8.4,7.8,6.7,6.6,6.8,6.6,5.3,6.3,6.4,7.3,6.9,7,6,4
2015-02-04,7.1,7.1,6.7,6.1,6,6.2,6.9,4.5,6.7,5.7,5.1,5.2,5.4,4.8,3.1,4.7,5.1,5.9,4.9,5.1,3.8,1.9
2015-02-05,11.2,11.1,10.7,10.2,10.1,10.4,11,9.2,10.9,10,9.3,9.3,9.5,8.9,7.1,8.8,9.2,10.1,9,9.6,8.4,5.4
2015-02-06,8,8,7.8,7.6,7.5,7.6,8,6.8,8,7.4,6.8,6.8,7,6.5,4.9,6.4,6.8,7.5,6.6,6.8,5.9,3.7
2015-02-07,10.6,10.6,10.4,10.8,10.1,10.4,10.7,9.6,10.8,10,9.7,9.7,9.9,9.6,8.4,9.4,9.6,10.2,9.8,10,9.3,7.1
2015-02-08,9.4,9.4,9.2,9.2,9.6,9.6,9.5,8,9.6,9,9,9.2,9.3,8.4,6.6,8.6,9.4,9.7,8.4,8.3,6.6,5.7
2015-02-09,13.9,13.9,13.7,13.9,13.4,13.6,13.9,12.7,13.9,13.1,13,13,13.2,12.8,11.6,12.7,13,13.5,13.1,13.3,12.6,10.3
2015-02-10,17.9,17.9,18,18.1,17.5,17.9,18.1,16.5,18,16.8,17.3,17.3,17.4,17,15.6,16.9,17.2,17.8,17.3,17.7,17.1,14
2015-02-11,16,16,15.7,15.1,15.1,15.3,15.9,14.6,15.6,14.9,14.6,14.6,14.8,14.3,13,14.2,14.5,15.2,14.4,14.8,14.1,11.7
2015-02-12,15.5,15.5,15.2,15.1,14.6,14.9,15.4,13.7,15.3,14.3,14.1,14,14.2,13.9,12.5,13.7,13.9,14.7,14.1,14.4,13.5,11.5
2015-02-13,17,16.9,16.6,16.7,16.1,16.5,16.9,15.4,16.9,15.9,15.7,15.6,15.8,15.5,14,15.2,15.4,16.2,15.7,16.3,15.8,12.2
2015-02-14,15.1,15.1,14.8,14.4,14.1,14.4,15,13.2,14.9,14.1,13.5,13.4,13.6,13.2,11.8,13,13.3,14.1,13.3,13.6,12.6,10.2
2015-02-15,15.9,15.9,15.5,14.8,14.8,14.9,15.7,12.9,15.2,14.2,14.1,14.2,14.4,13.7,12.1,13.7,14.3,14.8,13.7,14.1,13.3,10.7
2015-02-16,16.6,16.5,16.2,16.1,15.7,16,16.5,15,16.4,15.5,15.3,15.2,15.4,15,13.6,14.8,15.1,15.8,15.2,15.8,15.3,11.9
2015-02-17,15,14.9,14.6,13.9,14.5,14.4,14.8,13.1,14.6,14,13.7,13.9,14.1,13.1,11.3,13.3,14.2,14.5,13,13.2,11.8,10.3
2015-02-18,17.2,17.1,16.8,16.3,16.1,16.3,17,13.9,16.6,15.4,15.5,15.6,15.8,15.2,13.8,15.2,15.7,16.2,15.3,15.6,14.9,12.5
2015-02-19,14.7,14.6,14.6,14.7,14,14.5,14.8,12.9,14.9,13.7,13.9,13.7,13.8,13.7,12.6,13.4,13.3,14.2,14.1,14.4,13.7,11.3
2015-02-20,14.3,14.3,14.1,14.2,13.8,14.1,14.3,12.9,14.4,13.5,13.5,13.5,13.6,13.4,12.3,13.2,13.3,13.9,13.5,13.9,13.2,11.2
2015-02-21,12.1,12.1,11.8,12,11.7,11.9,12.1,10.5,12.2,11.3,11.3,11.2,11.4,11.1,9.8,10.9,11.1,11.8,11.2,11.8,11.2,8.4
2015-02-22,16,16,15.6,15,14.8,15,15.8,13.9,15.6,14.9,14.1,14.1,14.3,13.8,12.3,13.7,14.1,14.8,13.9,14.3,13.6,10.8
2015-02-23,19.5,19.5,19.2,19.3,18.8,19,19.4,18,19.4,18.5,18.3,18.3,18.5,18.1,16.8,17.9,18.3,18.9,18.3,18.6,18.1,15.2
2015-02-24,14.1,14.1,13.7,13.5,13.5,13.7,14.1,12.8,14.1,13.3,12.9,12.8,13.1,12.5,10.8,12.4,12.7,13.6,12.6,13.4,12.7,8.6
2015-02-25,19.2,19.1,18.8,18.5,17.8,18.2,19.1,17,19,18,17.2,17,17.2,17,15.6,16.6,16.7,17.8,17.3,17.9,17.4,13.7
2015-02-26,16.7,16.7,16.6,16.9,15.7,16.5,17,15.5,17.1,15.8,15.5,15.2,15.5,15.5,13.9,14.9,14.7,16,16,16.6,15.6,12.1
2015-02-27,17.2,17.1,16.9,16.8,16.4,16.6,17.1,14.4,16.9,15.6,16,16,16.2,15.6,14.2,15.5,16.1,16.5,15.7,16.4,16.1,12.4
2015-02-28,14.7,14.6,14.5,15.2,14.7,15,14.8,13.2,15,13.9,14.7,14.6,14.7,14.5,13.4,14.3,14.6,15,14.6,15.3,15.2,11.9
2015-03-01,21,21,21.1,21,20.4,20.8,21.1,17.9,20.8,19,20.1,20.1,20.3,19.7,18,19.6,20.1,20.7,20,20.5,19.9,16.2
2015-03-02,22.8,22.8,22.6,22.7,22,22.3,22.8,21.4,22.9,22.1,21.5,21.4,21.6,21.3,19.9,21.1,21.3,22.1,21.6,21.9,21.3,18.4
2015-03-03,18.2,18.1,18.2,18.2,17.8,18.3,18.4,16.8,18.4,17.2,17.9,17.8,17.9,17.6,16.4,17.5,17.5,18.2,17.9,18.5,18,15
2015-03-04,13.4,13.4,13.2,13.3,12.5,12.9,13.4,12.2,13.4,12.7,12.2,12,12.2,12.2,11.1,11.8,11.8,12.6,12.5,12.8,12.1,10.2
2015-03-05,19.3,19.3,18.9,18.5,18.6,18.8,19.2,17.5,19.1,18.3,18.1,18.1,18.3,17.7,16.3,17.7,18,18.7,17.6,18.5,18.1,14.5
2015-03-06,15.4,15.4,15.5,16.2,15.5,16,15.7,14.4,16,14.9,15.7,15.5,15.6,15.5,14.7,15.3,15.2,15.8,15.8,16.2,15.7,13.6
2015-03-07,19.1,19.1,19.4,19.4,18.3,19.1,19.4,16.8,19.3,17.6,18.6,18.2,18.4,18.6,17.9,18.1,17.6,18.7,19.1,19.7,19.4,16.5
2015-03-08,16.8,16.8,17,17.1,16.3,16.9,17.1,15.2,17.2,15.8,16.4,16.1,16.3,16.3,15.3,15.9,15.7,16.7,16.7,17.1,16.4,13.9
2015-03-09,19.2,19.2,19.3,19.5,18.6,19.2,19.5,18,19.5,18.1,18.6,18.4,18.5,18.4,17,18.1,18,19,18.8,19.2,18.4,15.5
2015-03-10,19.9,19.9,20.1,20.3,19.5,20,20.1,17.7,20,18.4,19.5,19.4,19.6,19.2,18,19.1,19.3,19.9,19.5,19.8,19.1,16.9
2015-03-11,24.8,24.7,24.7,24.3,23.8,24.3,24.7,21.3,24.2,22.3,23.8,23.6,23.8,23.5,22.3,23.3,23.4,24.1,23.7,24.5,24.3,20.5
2015-03-12,19.6,19.5,19.7,20.1,19.5,20,19.9,18.7,20.1,19,19.6,19.5,19.6,19.4,18.3,19.2,19.3,19.9,19.6,20,19.2,17.2
2015-03-13,17.5,17.5,17.2,17.3,16.9,17.2,17.5,15.7,17.4,16.4,16.7,16.6,16.7,16.5,15.5,16.3,16.5,17.1,16.6,17.2,16.8,14.1
2015-03-14,12.5,12.4,12.1,12.1,11.4,11.9,12.4,9.8,12.4,11.2,11.3,11,11.1,11.3,10.8,10.9,10.5,11.5,11.6,12.5,12.5,9.1
2015-03-15,13.7,13.6,13.4,13.7,13,13.4,13.8,12.9,14,13.1,12.7,12.5,12.7,12.7,11.7,12.2,12.1,13.1,13,13.7,13.4,9.8
2015-03-16,14.3,14.3,13.9,13.3,12.8,13.1,14.1,11.9,13.8,12.8,12.1,12,12.2,12,10.8,11.7,11.8,12.7,12.3,12.6,11.9,9.2
2015-03-17,16.6,16.5,16.5,16.4,15.7,16.3,16.7,15.6,16.7,15.6,15.5,15.3,15.5,15.3,14,15,14.9,15.9,15.6,16,15,12.6
2015-03-18,17.1,17.1,16.8,16.3,15.6,15.9,16.9,14.3,16.6,15.4,15,14.8,15,15,13.9,14.6,14.5,15.5,15.3,15.7,15.3,12.6
2015-03-19,19.8,19.8,19.7,18.9,18.2,18.8,19.7,16.3,19.2,17.6,18,17.7,17.9,17.9,17.1,17.6,17.3,18.3,18.2,18.7,18.4,15.8
2015-03-20,18.1,18,18,17.2,16.8,17.3,18,15.4,17.6,16.4,16.7,16.5,16.6,16.6,15.8,16.3,16.1,17,16.8,17.5,17.5,14.4
2015-03-21,15.1,15,14.8,14.4,14.2,14.4,14.9,12.7,14.8,13.9,13.7,13.7,13.8,13.5,12.3,13.3,13.6,14.2,13.6,14,13.4,10.9
2015-03-22,15.8,15.8,15.6,16.1,15.5,15.8,15.9,14.8,16.2,15.4,15.3,15.1,15.3,15.1,14,14.9,15,15.7,15.3,15.6,14.9,12.6
2015-03-23,16.8,16.7,16.3,15.5,15.3,15.6,16.5,14.7,16.1,15.3,14.8,14.6,14.8,14.6,13.4,14.3,14.3,15.3,14.7,15.5,15.3,11.9
2015-03-24,14.6,14.5,14.4,14,13.8,14.1,14.6,12.1,14.4,13.3,13.6,13.5,13.6,13.4,12.3,13.2,13.3,14,13.5,14.3,14.2,10.7
2015-03-25,14.5,14.4,14.5,14.9,13.6,14.4,14.8,12.6,14.9,13.3,13.6,13.2,13.5,13.5,12.2,13,12.6,14,14.1,14.9,14.2,10.2
2015-03-26,16.8,16.8,16.5,16.6,16.1,16.4,16.8,15.3,16.7,15.8,15.6,15.5,15.7,15.5,14.2,15.2,15.4,16.2,15.7,16.1,15.5,12.6
2015-03-27,20.7,20.7,20.9,21,20.2,20.9,21,18.3,20.9,19,20.6,20.3,20.4,20.3,19.2,20,19.9,20.8,20.7,21.8,21.8,17.1
2015-03-28,23,23,23.1,23.6,22.8,23.4,23.3,21.2,23.4,21.7,23,22.8,23,22.6,21.3,22.4,22.6,23.3,22.9,23.7,23.4,19.2
2015-03-29,21.9,21.8,21.6,22.2,20.8,21.3,21.9,19.6,21.9,20.4,20.4,20.2,20.4,20.4,19,19.9,19.9,21,20.9,21.2,20.7,17.1
2015-03-30,25.2,25.2,25.3,25.3,24.6,25.1,25.4,22.6,25.2,23.4,24.4,24.4,24.6,24,22.5,23.9,24.3,24.9,24.3,25,24.5,20.6
2015-03-31,25.2,25.2,25.4,25.4,24.5,25.2,25.4,21.7,25.1,22.9,24.9,24.6,24.7,24.7,23.8,24.3,24.1,25,25.1,26.1,26.5,21.9
2015-04-01,19.6,19.6,19.8,20.7,19.7,20.3,20,16.8,20.1,18.1,20,19.9,20,19.8,18.7,19.5,19.7,20.2,20.1,21,20.9,16.9
2015-04-02,20,19.9,20.1,20.2,19.1,19.9,20.2,18.1,20.2,18.6,19.3,18.9,19.1,19.4,18.6,18.8,18.3,19.5,19.9,20.6,20.4,17
2015-04-03,19.3,19.2,19.4,19.6,18.8,19.4,19.5,17.5,19.5,18.1,19,18.8,18.9,18.9,18.1,18.6,18.4,19.2,19.2,19.7,19.1,16.9
2015-04-04,19.1,19,19,19,18,18.7,19.2,17.2,19.2,17.8,17.9,17.6,17.8,17.8,16.6,17.3,17.1,18.3,18.3,19,18.4,14.9
2015-04-05,17.9,17.8,17.9,18.1,17,17.8,18.1,16.3,18.2,16.8,17.1,16.8,17,17.1,16,16.6,16.2,17.4,17.5,18.2,17.8,14.2
2015-04-06,17.4,17.4,17.5,17.8,16.8,17.4,17.6,15.9,17.6,16.3,16.8,16.6,16.8,16.7,15.7,16.4,16.3,17.1,17.1,17.4,16.8,14.5
2015-04-07,17.5,17.5,17.5,17.8,16.8,17.4,17.7,16.3,17.7,16.6,16.6,16.4,16.6,16.5,15.1,16.1,16.2,17,16.9,17.1,16.4,13.8
2015-04-08,18.2,18.2,18.3,18.6,18,18.5,18.5,17.1,18.6,17.5,18.1,17.9,18,17.9,16.9,17.7,17.6,18.3,18.2,18.6,18,15.9
2015-04-09,19.9,19.8,19.9,19.2,18.6,19.3,19.9,17.3,19.5,17.9,18.7,18.3,18.5,18.6,17.7,18.2,17.8,18.9,18.9,19.8,19.7,16.1
2015-04-10,19,19,19,19.1,18.2,18.9,19.2,18,19.3,18,18.1,17.8,18,18,16.7,17.6,17.3,18.5,18.5,19.1,18.4,15.2
2015-04-11,19,19,19.3,20.2,19,19.8,19.5,17.5,19.7,18,19.4,19,19.2,19.2,18.2,18.9,18.6,19.5,19.7,20.3,19.7,16.7
2015-04-12,21.1,21.1,21.4,21.8,20.8,21.6,21.5,19.6,21.6,19.9,21.1,20.8,20.9,20.9,19.7,20.6,20.3,21.3,21.3,22,21.3,18.3
2015-04-13,24.3,24.2,24.5,23.7,23.2,23.8,24.4,21.3,23.8,21.9,23.3,23,23.2,23,22,22.8,22.6,23.5,23.4,24.1,23.5,20.6
2015-04-14,25.6,25.5,25.7,25.7,25,25.7,25.8,23.8,25.7,24,25.2,25,25.1,24.9,23.6,24.7,24.7,25.5,25.2,25.9,25.2,22.1
2015-04-15,22.8,22.8,22.9,23.1,22.3,22.8,23,21.2,23,21.6,22.2,22.1,22.3,22,20.7,21.8,21.9,22.6,22.3,22.7,21.9,19.4
2015-04-16,21.8,21.8,21.5,21.5,20.8,21.2,21.7,19.6,21.6,20.2,20.4,20.2,20.4,20.2,18.9,19.9,19.9,20.9,20.5,21,20.1,17.5
2015-04-17,23.2,23.2,23,23.5,22.7,23.1,23.3,21.5,23.4,22.1,22.5,22.4,22.6,22.3,21.1,22,22.3,23,22.7,23.3,22.9,19.2
2015-04-18,23,23,23.1,23.4,23,23.5,23.3,21.3,23.4,21.8,23.1,23,23.2,22.5,21,22.5,23,23.5,22.7,23.3,22.3,19.4
2015-04-19,20.3,20.3,20.1,20.7,19.7,20.2,20.4,18.4,20.7,19.4,19.5,19.3,19.5,19.4,18.2,19,19,19.9,19.8,20.3,19.7,16.5
2015-04-20,19,19,19.1,19.7,18.8,19.5,19.4,17.4,19.6,18.1,19.1,18.8,18.9,19,18,18.6,18.3,19.3,19.4,20.2,19.8,16.2
2015-04-21,23.6,23.6,23.6,23.7,23.1,23.6,23.8,22.8,23.9,22.8,23.1,22.9,23,22.8,21.5,22.6,22.5,23.4,23.1,23.8,23.1,20
2015-04-22,22.1,22.1,22,21.6,21.1,21.5,22.1,20,21.9,20.7,20.9,20.7,20.9,20.7,19.6,20.5,20.5,21.3,20.9,21.4,20.9,18.2
2015-04-23,23,22.9,23.1,23.9,22.2,23.2,23.3,21.3,23.5,21.6,22.5,22,22.2,22.5,21.4,21.9,21.4,22.7,23.2,24,23.6,19.3
2015-04-24,24.6,24.6,24.7,24.9,24.7,25.1,24.8,22.4,24.7,23.1,24.8,24.8,24.9,24.3,23,24.4,24.8,25.1,24.4,25.1,24.5,21.7
2015-04-25,21.2,21.2,21.4,21.4,21.4,21.8,21.5,18.7,21.4,19.7,21.6,21.6,21.7,21.1,19.9,21.2,21.6,21.9,21.2,21.9,21.2,18.3
2015-04-26,21.5,21.4,21.2,21.3,20.9,21.3,21.5,19.4,21.5,20.2,20.8,20.7,20.8,20.6,19.7,20.4,20.4,21.2,20.8,21.6,21.3,18.2
2015-04-27,23.1,23,22.7,22.4,21.5,22,23,21.4,22.9,22,20.9,20.7,20.9,20.8,19.3,20.4,20.3,21.6,21.2,21.9,21.5,17.4
2015-04-28,20.4,20.4,20.4,20.7,20,20.6,20.7,19.5,20.9,19.7,20.1,19.8,20,20,18.9,19.6,19.4,20.4,20.3,21,20.4,17.2
2015-04-29,20.6,20.6,20.4,21.1,20.7,21,20.7,19.7,21.1,20.1,20.5,20.5,20.7,20.2,18.8,20.1,20.5,21,20.3,20.8,20.1,17.2
2015-04-30,22.2,22.2,22.3,23.2,21.9,22.6,22.6,20.5,22.9,21.1,21.8,21.7,21.9,21.5,19.8,21.3,21.4,22.4,22,22.2,20.9,18.3
2015-05-01,27.2,27.2,27.2,27.2,26.3,26.9,27.3,24.4,27,25.1,26.1,26,26.2,25.7,24,25.5,25.9,26.6,26,26.5,26,22.2
2015-05-02,28.3,28.2,28.2,28.5,27.4,28,28.4,25.3,28.1,26.3,27.1,27.1,27.3,26.8,24.9,26.6,27,27.7,27.1,27.4,26.4,23.3
2015-05-03,33.1,33.1,33.2,33.2,32.3,32.9,33.3,29.6,32.9,30.5,32.1,32.1,32.3,31.6,29.6,31.5,31.9,32.7,31.9,32.7,31.9,27.4
2015-05-04,26.6,26.5,27,26.4,25.8,26.6,26.9,24.1,26.4,24.4,26.3,25.9,26,26.1,25.3,25.8,25.4,26.3,26.4,27.2,26.8,24.1
2015-05-05,27.1,27,26.9,28.1,26.8,27.3,27.2,25.3,27.6,26,26.7,26.6,26.7,26.6,25.4,26.2,26.4,27.1,27,27.5,27.1,23.8
2015-05-06,26.6,26.5,26.6,26.8,26.3,26.8,26.8,24.1,26.7,24.9,26.3,26.3,26.4,25.9,24.6,25.8,26.1,26.7,26.1,27,26.5,22.6
2015-05-07,23.6,23.6,23.9,24.9,23.7,24.4,24.1,22,24.4,22.6,23.8,23.7,23.9,23.5,21.9,23.3,23.5,24.2,23.9,24.1,22.8,21
2015-05-08,29.3,29.2,29.3,29.2,28.8,29.3,29.4,26.5,29.1,27.2,28.7,28.6,28.8,28.1,26.3,28.1,28.6,29.2,28.3,29,28.3,24.5
2015-05-09,26.5,26.5,26.7,27.4,26.8,27.3,26.9,24.7,27,25.4,26.9,26.9,27.1,26.4,25,26.5,26.9,27.3,26.6,26.9,25.7,24.1
2015-05-10,29.4,29.4,29.7,30,29.1,29.7,29.7,26.8,29.5,27.5,29.1,29.1,29.3,28.6,27,28.6,29,29.6,28.9,29.2,27.9,26
2015-05-11,29.5,29.5,29.9,30.7,29.5,30.2,30,27.1,30,27.9,29.7,29.7,29.8,29.2,27.7,29.2,29.6,30.1,29.6,29.8,28.7,26.5
2015-05-12,26.8,26.8,27.3,27.5,27,27.7,27.3,25.6,27.4,25.9,27.6,27.4,27.5,27.3,26.4,27.2,27.1,27.6,27.6,28.2,27.6,25.2
2015-05-13,31,31,31.6,32,31.3,32,31.5,28.3,31.3,29.1,31.7,31.7,31.8,31.1,29.9,31.3,31.5,32,31.3,31.6,30.3,29.7
2015-05-14,34.3,34.2,34.6,34.4,34.5,34.9,34.5,31.6,34,31.7,34.8,35,35.1,34,32.2,34.3,35.2,35.1,34,35.1,34.8,30.2
2015-05-15,26.4,26.4,26.1,26.1,25.7,26,26.4,24.8,26.5,25.4,25.1,25.1,25.4,24.7,23,24.6,25.1,25.9,24.9,25.4,24.5,21.1
2015-05-16,26.6,26.5,26.8,27.4,27.1,27.7,27.1,24.7,27.2,25.3,27.6,27.5,27.6,27,25.7,27,27.3,27.8,27.2,28.5,28.2,23.4
2015-05-17,26.4,26.4,26.6,27,26.4,27,26.7,24.7,26.8,25.1,26.8,26.6,26.7,26.5,25.4,26.3,26.3,26.9,26.8,27.7,27.5,23.7
2015-05-18,27.8,27.7,28.1,28.7,27.7,28.4,28.2,24.9,28.1,26,27.8,27.8,27.9,27.2,25.4,27.2,27.7,28.3,27.5,27.8,26.5,24.3
2015-05-19,20.1,20,19.8,19.9,19.6,19.7,20.1,19.2,20.2,19.6,18.7,18.9,19.1,18.3,16.4,18.4,19.1,19.6,18.5,18.1,16.2,15.8
2015-05-20,19.1,19.1,19.1,19.3,18.7,19.3,19.3,16.3,19.3,17.5,19,18.7,18.9,18.7,17.7,18.5,18.4,19.2,19,20,19.7,15.9
2015-05-21,22,22,21.8,22.7,22,22.4,22.1,19.1,22.3,20.4,22.1,21.9,22.1,21.7,20.6,21.5,21.7,22.4,22,23.1,23,18.6
2015-05-22,22.3,22.3,22.4,23.1,22.1,22.9,22.7,20.2,22.9,21,22.5,22.2,22.4,22.3,21.1,21.9,21.7,22.7,22.7,23.9,23.8,18.9
2015-05-23,23.8,23.8,23.6,24.5,23.7,24.2,24,21.9,24.3,22.7,23.9,23.6,23.8,23.7,22.7,23.4,23.4,24.1,24,25,24.8,21
2015-05-24,25.9,25.9,25.5,25,24.3,24.7,25.7,23.9,25.4,24.2,23.4,23.3,23.6,23.2,21.2,22.9,23.1,24.3,23.5,23.8,22.3,19.7
2015-05-25,26.9,26.9,26.9,27.9,26.7,27.4,27.3,25,27.5,25.8,26.8,26.6,26.8,26.6,25.1,26.2,26.3,27.2,27,27.8,27.5,22.8
2015-05-26,24.2,24.2,24.4,25.5,24.1,25.1,24.7,22.9,25.1,23.2,24.6,24.2,24.4,24.5,23.2,24,23.6,24.8,25,26,25.5,21.3
2015-05-27,23.2,23.2,23.5,24.3,23,23.9,23.7,21.6,23.9,22.1,23.6,23.2,23.3,23.5,22.6,23,22.5,23.6,24.1,25,24.7,20.7
2015-05-28,26.8,26.8,27.1,28.1,26.9,27.6,27.2,23.7,27.3,25,27.1,27.1,27.2,26.5,24.8,26.5,27,27.5,26.9,27.2,25.9,23.7
2015-05-29,26.6,26.6,27,28,27,27.6,27.1,24.2,27.3,25.1,27.2,27.2,27.4,26.7,25.1,26.7,27.1,27.6,27.1,27.5,26.5,23.7
2015-05-30,24,24,24.1,24.4,24,24.5,24.4,23.3,24.6,23.4,24.1,24,24.1,23.8,22.5,23.6,23.6,24.4,24.1,24.8,23.7,21
2015-05-31,26.2,26.2,26.3,26,25.3,26,26.4,24,26.2,24.6,25.4,25.1,25.2,25.1,23.9,24.8,24.6,25.7,25.5,26.2,25.4,22.4
2015-06-01,28.7,28.6,28.6,28.3,27.7,28.3,28.8,27.1,28.6,27.3,27.6,27.4,27.6,27.3,26,27,27,28,27.7,28.4,27.6,24.2
2015-06-02,28.6,28.6,28.8,29.4,28.6,29.2,29,26.1,29,26.9,28.8,28.8,28.9,28.2,26.6,28.3,28.8,29.2,28.5,29,28,25.2
2015-06-03,30.2,30.1,30.3,30.7,30.1,30.7,30.5,28.1,30.6,28.8,30.3,30.1,30.3,29.9,28.4,29.7,29.9,30.6,30.2,30.8,30,26.7
2015-06-04,31.7,31.7,31.8,31.9,31.4,32,32,29.3,31.9,30,31.5,31.4,31.6,31.1,29.5,31,31.3,31.9,31.3,32,31.1,27.8
2015-06-05,31.2,31.2,31.3,32,31.3,31.9,31.6,29.2,31.8,30,31.5,31.3,31.5,31.1,29.7,30.9,31.1,31.8,31.4,32,31.2,28.2
2015-06-06,30.7,30.7,30.8,30.9,29.4,30.3,31,29.1,30.8,29.1,29.4,29,29.2,29.3,27.8,28.8,28.4,29.8,30,30.4,29.5,26.3
2015-06-07,31.6,31.6,31.7,31.7,31.2,31.8,31.9,29.6,31.9,30.3,31.4,31.1,31.3,31,29.6,30.8,30.8,31.7,31.3,32.3,31.7,27.7
2015-06-08,32,31.9,31.8,31.5,30.8,31.4,32.1,30.2,31.9,30.5,30.5,30.2,30.5,30.3,28.7,29.9,29.8,31,30.7,31.4,30.5,27
2015-06-09,28.4,28.4,28.4,28.2,27.6,28.3,28.6,27,28.6,27.3,27.6,27.3,27.5,27.4,26,27,26.8,28,27.7,28.5,27.7,24.4
2015-06-10,29.3,29.3,29,29,27.9,28.4,29.2,27.7,29.1,27.8,27.3,27.1,27.3,27.3,25.8,26.8,26.6,28,27.7,28.3,27.4,24.1
2015-06-11,30.5,30.4,30.3,29.6,29.5,29.8,30.4,28.1,30,28.6,29,29,29.2,28.6,27,28.5,28.9,29.6,28.8,29.4,28.5,25.5
2015-06-12,29,29,28.7,28.9,28.1,28.5,29,27.5,29.1,27.9,27.6,27.5,27.7,27.5,26.1,27.1,27.2,28.2,27.8,28.2,27.3,24.6
2015-06-13,26,26,26,26.1,25.3,26,26.3,24.8,26.3,25,25.4,25,25.2,25.3,24,24.8,24.4,25.7,25.7,26.5,25.8,22.4
2015-06-14,27.9,27.8,27.6,27.8,26.8,27.3,27.9,26.2,28,26.8,26.3,26.1,26.4,26.2,24.7,25.8,25.8,26.9,26.6,27,26.2,23.3
2015-06-15,24.2,24.2,23.9,24.3,23.6,24.1,24.4,23.7,24.7,24,23.3,23.1,23.3,23.3,22.1,22.9,22.6,23.8,23.6,24.2,23.3,20.8
2015-06-16,25.5,25.5,25.2,25.2,24.6,25.1,25.6,24.3,25.6,24.7,24.2,24,24.2,24.1,22.7,23.7,23.7,24.8,24.3,24.9,24.1,21
2015-06-17,27.4,27.4,27.4,27.4,26.8,27.4,27.6,25.5,27.5,26,27,26.7,26.8,26.7,25.6,26.4,26.3,27.2,27,28,27.7,23.6
2015-06-18,29.9,29.8,29.9,30.4,29.4,30.1,30.1,27.5,30.1,28.3,29.7,29.4,29.6,29.5,28.3,29.1,29,29.9,29.8,30.9,30.9,26.2
2015-06-19,28.2,28.1,28.2,28.2,27.4,28.1,28.4,27,28.4,27,27.5,27.2,27.4,27.3,26.3,27,26.8,27.8,27.7,28.4,27.7,24.5
2015-06-20,28.6,28.6,28.7,29.2,28.6,29.2,29,26.8,29.1,27.5,28.9,28.7,28.9,28.6,27.5,28.4,28.5,29.2,28.8,29.6,29,25.9
2015-06-21,28.8,28.8,29,29.7,28.7,29.4,29.2,27.3,29.5,27.8,28.8,28.6,28.8,28.5,27.1,28.3,28.3,29.2,28.9,29.4,28.4,25.5
2015-06-22,30,29.9,30.2,30.9,29.9,30.6,30.4,27.9,30.5,28.7,29.9,29.8,30,29.5,27.8,29.4,29.6,30.4,29.8,30.1,28.6,26.8
2015-06-23,29.5,29.4,29.2,29.3,28.6,29.1,29.5,28.4,29.5,28.5,28.4,28.2,28.3,28.3,27.2,27.9,27.8,28.8,28.6,29.3,28.8,25.5
2015-06-24,27.6,27.6,27.6,27.8,27.2,27.8,27.9,26,27.9,26.5,27.3,27.1,27.3,27.1,26.1,26.9,26.8,27.6,27.4,28.2,27.8,24.4
2015-06-25,30.4,30.3,30.5,29.8,29.1,29.8,30.5,28,30,28.4,29.2,28.9,29,29,28,28.7,28.3,29.5,29.3,30.3,30.1,26.1
2015-06-26,32.4,32.3,32.6,32.6,31.9,32.6,32.6,29.5,32.4,30.5,32.4,32.1,32.2,32.1,31.2,31.8,31.6,32.5,32.3,33.5,33.6,29.2
2015-06-27,34.7,34.6,34.8,34.2,33.4,34.2,34.8,30.7,34.2,32,33.7,33.3,33.4,33.5,32.7,33.1,32.7,33.8,33.9,35,35.1,30.8
2015-06-28,30.5,30.5,30.8,31,30.5,31.2,31,29.2,31,29.5,31,30.8,30.9,30.6,29.6,30.5,30.5,31.1,30.9,31.5,30.9,28.1
2015-06-29,34.1,34,34.2,34.7,33.7,34.4,34.4,31.9,34.5,32.8,33.7,33.6,33.8,33.3,31.8,33.2,33.4,34.2,33.7,34,33,30.5
2015-06-30,34.5,34.5,34.8,35.5,34.4,35.1,34.9,32.6,35.1,33.3,34.6,34.5,34.7,34.3,32.7,34.1,34.3,35,34.6,35.1,34.3,31.4
2015-07-01,33.8,33.8,34.1,33.7,32.9,33.7,34.1,31.5,33.7,31.7,33.2,32.9,33,32.9,31.7,32.6,32.3,33.4,33.4,34.1,33.3,30.1
2015-07-02,33.7,33.6,33.8,33.3,32.6,33.2,33.8,31.6,33.4,31.8,32.4,32.2,32.4,32.1,30.5,31.9,31.9,32.9,32.4,32.9,31.9,29.2
2015-07-03,34.2,34.2,34.5,34.3,33.6,34.4,34.5,32.4,34.3,32.5,33.9,33.6,33.8,33.7,32.6,33.4,33.2,34.1,34,34.9,34.3,31
2015-07-04,37.1,37.1,37.4,38.1,37,37.7,37.6,35.1,37.7,35.7,37.1,36.9,37.1,36.7,35.1,36.5,36.7,37.5,37.2,37.7,36.7,33.7
2015-07-05,38.3,38.3,38.6,39.5,38.5,39.2,38.8,35.1,38.8,36.3,38.6,38.6,38.8,38.1,36.3,38.1,38.5,39.1,38.4,38.9,37.7,34.7
2015-07-06,37.6,37.6,37.9,38.2,37.1,37.9,37.9,34.3,37.7,35.5,37.1,37,37.2,36.7,35,36.6,36.8,37.6,37,37.4,36.1,33.9
2015-07-07,37.2,37.2,37.9,39.1,37.9,38.7,37.9,33.8,37.9,35,38.5,38.5,38.6,37.8,36.2,37.9,38.4,38.7,38.1,38.5,37.3,35.1
2015-07-08,30.2,30.2,30.5,30.8,30.1,30.8,30.6,28.3,30.7,29.1,30.6,30.3,30.4,30.4,29.5,30.2,29.9,30.7,30.7,31.4,30.7,28.4
2015-07-09,31.1,31,31.2,32.5,31.1,31.9,31.5,30,32,30.4,31.6,31.2,31.4,31.6,30.8,31.1,30.7,31.6,32.2,33,33,28.9
2015-07-10,32.4,32.4,32.8,33.5,32.5,33.2,32.9,29.9,33,30.9,32.7,32.7,32.8,32.3,30.7,32.2,32.6,33.1,32.6,32.8,31.7,29.8
2015-07-11,30.3,30.3,30.6,30.6,30.2,30.8,30.7,28.5,30.7,29.1,30.5,30.3,30.4,30.2,29,30,30,30.7,30.4,31,30.1,27.8
2015-07-12,32.3,32.3,32.6,33,32.2,32.9,32.7,30.3,32.8,31,32.6,32.3,32.5,32.4,31.5,32.1,31.9,32.7,32.8,33.6,33.1,29.9
2015-07-13,31.8,31.8,32.1,32.4,31.5,32.3,32.3,29.9,32.3,30.7,32,31.7,31.8,31.9,31.1,31.5,31.1,32.1,32.3,33.1,32.7,29.6
2015-07-14,32.8,32.8,33,33,32.7,33.2,33.1,31.1,33,31.5,33,32.8,32.9,32.6,31.4,32.5,32.6,33.2,32.8,33.5,32.9,29.9
2015-07-15,33.8,33.8,34.1,34.5,33.8,34.5,34.3,32.1,34.4,32.7,34,33.8,34,33.7,32.2,33.5,33.6,34.3,34,34.5,33.6,30.8
2015-07-16,33.2,33.2,33.8,35,33.6,34.5,33.9,31.9,34.3,32.4,34.2,34,34.1,33.9,32.6,33.7,33.7,34.3,34.4,34.8,34,31.3
2015-07-17,33.4,33.4,33.9,33.9,33.2,34,33.9,31.5,33.8,32,33.8,33.5,33.6,33.6,32.6,33.3,33,33.8,33.9,34.8,34.4,31.2
2015-07-18,34.9,34.9,35.2,35.1,34.4,35.2,35.3,32.1,35,33,34.8,34.5,34.7,34.5,33.3,34.3,34.1,35,34.8,35.8,35.4,31.6
2015-07-19,33.5,33.5,33.7,33.2,32.1,33.1,33.8,31.4,33.4,31.7,32.3,31.8,32,32.2,31.1,31.7,31.1,32.5,32.8,33.5,32.7,29.6
2015-07-20,32.1,32.1,32.4,33.2,32.3,33.1,32.7,30.7,33,31.3,32.8,32.5,32.6,32.5,31.3,32.2,32.1,32.9,32.9,33.7,33,29.6
2015-07-21,34.8,34.7,34.9,34.9,34.3,34.9,35.1,33,35,33.5,34.4,34.1,34.3,34.1,32.7,33.8,33.8,34.7,34.4,35.1,34.3,30.8
2015-07-22,35.9,35.9,36,36.3,34.8,35.7,36.2,34.1,36.2,34.5,34.9,34.5,34.7,34.8,33.5,34.2,33.9,35.3,35.4,36.2,35.8,31.4
2015-07-23,32.4,32.4,32.5,34,32.5,33.2,32.9,30.8,33.4,31.6,32.6,32.5,32.7,32.4,30.9,32.1,32.2,33,32.9,33.2,32.2,29.4
2015-07-24,33.9,33.9,34.1,34.7,33.7,34.4,34.3,31.2,34.3,32.2,33.7,33.6,33.8,33.2,31.3,33.1,33.5,34.2,33.5,33.9,32.6,30
2015-07-25,27.8,27.8,28,28.6,27.6,28.3,28.2,26.5,28.5,27.2,27.7,27.5,27.6,27.6,26.5,27.3,27.1,28,28,28.4,27.7,25.3
2015-07-26,31.6,31.6,31.7,32.7,31.4,32.1,32,29.4,32.2,30.4,31.4,31.2,31.4,31.1,29.8,30.9,30.9,31.8,31.5,31.7,30.5,28.7
2015-07-27,28.7,28.6,28.8,28.2,27.3,28.1,28.8,26.2,28.5,26.9,27.4,27,27.1,27.4,26.7,26.9,26.3,27.6,27.9,28.6,28.1,25.2
2015-07-28,27.9,27.9,28.2,28.5,27.4,28.3,28.3,25.3,28.3,26.5,27.9,27.5,27.6,27.9,27.2,27.5,26.9,27.9,28.3,29.1,28.7,26.2
2015-07-29,31.7,31.6,31.8,32.2,31.5,32.1,32,29.6,32.1,30.5,31.6,31.4,31.6,31.2,29.7,31.1,31.2,32,31.4,32,31,28.4
2015-07-30,29.4,29.4,29.1,28.5,28.1,28.4,29.2,26.7,28.8,27.6,27.6,27.5,27.7,27.4,26.1,27.2,27.3,28.2,27.6,28,27,24.8
2015-07-31,28.8,28.8,28.5,27.9,27.3,27.7,28.6,27.1,28.3,27.4,26.8,26.6,26.8,26.7,26,26.4,26.2,27.3,27,27.4,26.7,24.7
2015-08-01,28.5,28.5,28.3,28.4,27.8,28.1,28.5,25.9,28.3,26.9,27.5,27.4,27.6,27.3,26.1,27.1,27.3,28,27.5,28.1,27.8,24.5
2015-08-02,30.6,30.6,30.8,31.3,30.4,31,30.9,28,30.9,29.1,30.4,30.3,30.5,30,28.5,29.9,30.2,30.8,30.3,30.5,29.3,27.6
2015-08-03,35.2,35.1,35.4,34.7,34.2,34.8,35.3,31.3,34.7,32.6,34.2,34,34.2,33.7,32.4,33.7,33.8,34.5,34,34.6,33.9,30.9
2015-08-04,31.6,31.6,31.8,32.3,31.5,32.2,32,30.2,32.2,30.8,31.8,31.5,31.7,31.5,30.3,31.2,31.1,32,31.9,32.6,31.9,28.8
2015-08-05,33.9,33.9,34.1,34.2,33.7,34.3,34.2,31.9,34.2,32.5,33.9,33.8,33.9,33.4,32,33.4,33.6,34.2,33.7,34.3,33.4,30.6
2015-08-06,33.4,33.4,33.6,32.9,32.1,33,33.6,31.1,33.1,31.5,32.4,32,32.1,32.3,31.6,31.9,31.3,32.5,32.8,33.5,33,30.1
2015-08-07,34.3,34.2,34.7,34.3,34.1,34.8,34.7,32,34.4,32.6,34.6,34.4,34.5,34.3,33.5,34.2,34,34.7,34.4,35.4,35,31.9
2015-08-08,31.4,31.3,31.1,31.7,30.8,31.2,31.4,29.7,31.6,30.5,30.4,30.4,30.6,30.2,28.6,30,30.3,31,30.5,30.6,29.8,27.1
2015-08-09,28.9,28.9,28.7,29.2,28.4,28.8,29,27.4,29.2,28.1,28.1,27.9,28.1,27.9,26.4,27.6,27.7,28.6,28.2,28.7,27.9,24.7
2015-08-10,30.4,30.4,30.6,31.3,30.2,30.9,30.8,29.3,31,29.4,30.5,30.2,30.4,30.4,29.4,30,29.7,30.7,30.9,31.7,31.5,27.5
2015-08-11,30.7,30.6,30.9,31.5,30.5,31.2,31.1,29.4,31.3,29.9,30.8,30.6,30.7,30.6,29.5,30.3,30.2,31,31,31.6,31.1,28
2015-08-12,31.3,31.3,31.4,31,30.2,30.9,31.5,28.6,31.3,29.8,30.1,29.9,30,29.9,28.7,29.6,29.4,30.5,30.3,30.8,29.9,27.4
2015-08-13,32.5,32.4,32.5,33,31.3,32.2,32.7,29.7,32.8,30.8,31.2,30.8,31.1,31.1,29.8,30.5,30.3,31.7,31.8,32.1,31.4,27.6
2015-08-14,29.2,29.2,29,30.1,28.6,29.2,29.4,26.6,29.7,27.9,28.5,28.3,28.5,28.4,27.1,28,27.9,29,28.9,29.6,29.3,25.3
2015-08-15,25.9,25.9,25.6,26.4,25.2,25.8,26.1,24.7,26.5,25.4,25.1,24.8,25,25,24.2,24.6,24.3,25.5,25.5,26,25.2,22.5
2015-08-16,27.4,27.3,27.3,27.4,26.4,27.1,27.6,26.3,27.7,26.6,26.4,26,26.2,26.3,25.1,25.8,25.4,26.7,26.8,27.5,27.1,23.2
2015-08-17,26.7,26.7,26.6,26.4,25.5,26.2,26.9,25,26.8,25.6,25.1,24.9,25.1,25,23.4,24.6,24.4,25.7,25.4,25.8,24.6,21.9
2015-08-18,24.3,24.3,24,23.4,23.3,23.6,24.2,22.3,24,23.1,22.8,22.7,22.9,22.6,21.5,22.5,22.6,23.4,22.7,23.1,22.3,20.2
2015-08-19,27.9,27.8,27.6,27.9,26.9,27.4,27.9,25.6,27.9,26.7,26.6,26.4,26.6,26.5,25.4,26.2,26.1,27.1,26.8,27.3,26.8,23.9
2015-08-20,29.2,29.2,29.3,29.7,28.9,29.5,29.5,27.3,29.7,28.2,29,28.8,29,28.8,27.8,28.6,28.5,29.3,29.1,29.7,29.1,26.3
2015-08-21,31,31,31.2,31.5,30.4,31.1,31.3,28.6,31.3,29.6,30.5,30.3,30.4,30.3,29,30,29.9,30.8,30.7,31.2,30.6,27.4
2015-08-22,30.1,30.1,30,29.7,29,29.5,30.2,28.2,30.1,28.9,28.7,28.5,28.7,28.5,27.3,28.2,28.1,29.2,28.9,29.3,28.5,26
2015-08-23,32.1,32,31.7,31.7,30.7,31.1,31.9,28.9,31.7,30.1,29.9,29.9,30.2,29.6,27.6,29.4,29.8,30.8,30,30.2,28.9,26
2015-08-24,30.5,30.5,30.2,30.7,30,30.4,30.7,29.6,31,30.1,29.3,29.3,29.5,29.1,27.1,28.8,29.1,30.1,29.4,29.7,28.6,25.3
2015-08-25,27.3,27.3,27.4,27.7,27,27.7,27.7,26,27.9,26.6,27.2,27,27.1,27,26,26.8,26.5,27.5,27.3,28,27.3,24.7
2015-08-26,29.1,29.1,29.3,30.6,29.4,30.1,29.6,27.5,30,28.4,29.5,29.4,29.6,29.2,27.6,29,29.2,29.9,29.6,29.9,28.7,26.5
2015-08-27,30.1,30.1,30.4,31.6,30.4,31.1,30.7,28.7,31.1,29.3,30.6,30.5,30.6,30.3,28.7,30.1,30.2,31,30.7,31.1,30.1,27.4
2015-08-28,30.7,30.7,30.9,31.1,30.4,31.1,31.1,29.8,31.3,30,30.6,30.3,30.5,30.4,29.2,30.1,29.8,30.8,30.8,31.4,30.6,27.7
2015-08-29,32.4,32.4,32.5,32.1,31.3,32,32.6,30.4,32.3,30.8,31.2,31,31.2,31,29.6,30.7,30.5,31.6,31.4,31.9,31.1,28.1
2015-08-30,31.5,31.5,31.7,31.7,30.8,31.6,31.8,30.1,31.8,30.2,31,30.6,30.8,30.9,29.7,30.4,30.1,31.2,31.3,32.1,31.7,28
2015-08-31,32.5,32.5,32.6,32.4,31.6,32.4,32.7,30.6,32.6,31.1,31.7,31.4,31.6,31.5,30.2,31.2,30.9,32,31.9,32.5,31.7,28.6
2015-09-01,30,30,29.7,30.5,29.6,30.1,30.1,28.9,30.5,29.4,29.5,29.3,29.5,29.4,28.2,29,29,29.9,29.7,30.4,30,26.3
2015-09-02,25.4,25.4,25.3,25.4,24.8,25.3,25.6,23.5,25.6,24.4,24.6,24.5,24.7,24.4,23.1,24.2,24.3,25.1,24.6,25,24.1,22
2015-09-03,25.9,25.9,25.6,25.3,24.8,25.1,25.8,23.9,25.6,24.6,24.3,24.2,24.4,24.2,22.9,23.9,23.9,24.8,24.4,25,24.5,21.3
2015-09-04,24.1,24,23.7,23.1,22.4,22.7,23.9,22.3,23.7,22.9,21.5,21.4,21.7,21.4,19.7,21,21.2,22.3,21.7,21.9,21.1,18.2
2015-09-05,25.4,25.3,25.1,25.5,24.2,24.8,25.4,23.9,25.6,24.4,23.8,23.6,23.8,23.8,22.4,23.3,23.2,24.4,24.3,24.6,24,20.8
2015-09-06,25,25,24.8,25.5,24.6,25.1,25.1,23.5,25.4,24.2,24.5,24.3,24.5,24.5,23.5,24.1,24,24.9,24.8,25.5,25.1,22.2
2015-09-07,25.2,25.2,25.2,25.8,24.8,25.5,25.5,24.4,25.8,24.6,25,24.6,24.8,24.9,23.9,24.5,24.1,25.2,25.4,26,25.4,22.3
2015-09-08,26.8,26.8,26.5,26.2,25.3,25.8,26.7,24.8,26.5,25.5,24.7,24.5,24.7,24.6,23.3,24.2,24.2,25.3,25,25.2,24.2,21.9
2015-09-09,27.8,27.8,27.7,27.4,26.5,27.2,27.9,25.9,27.7,26.3,26.4,26.1,26.3,26.3,25.2,25.9,25.6,26.8,26.7,27.3,26.8,23.5
2015-09-10,22,22,21.7,21.1,20.8,21.1,21.9,20.5,21.8,21.3,20.4,20.1,20.3,20.3,19.3,20,19.8,20.8,20.5,20.9,20.4,18.1
2015-09-11,25.8,25.8,25.4,24.5,24.1,24.4,25.6,24.2,25.3,24.6,23.3,23.2,23.4,23.2,21.7,22.9,22.9,24,23.4,23.6,22.4,20.4
2015-09-12,28.9,28.9,28.5,28.4,27.4,28,28.8,26.9,28.7,27.5,27,26.6,26.9,27,25.9,26.5,26.1,27.5,27.4,28,27.4,24.3
2015-09-13,29.1,29,28.7,28.9,28.6,28.9,29,26.4,28.9,27.5,28.4,28.3,28.5,28,26.9,28,28.3,28.8,28.1,28.8,28.3,25.4
2015-09-14,26.1,26.1,25.8,26.4,25.7,26.1,26.2,24.7,26.5,25.5,25.4,25.3,25.5,25.3,23.9,25,25.1,25.9,25.5,26.2,25.8,22.2
2015-09-15,25.8,25.7,25.4,25.6,25.3,25.6,25.8,24.3,25.9,24.9,25.1,25,25.2,24.8,23.6,24.6,24.8,25.6,25,25.8,25.2,21.8
2015-09-16,29,29,28.9,29.2,28.6,29.1,29.3,27.4,29.4,28,28.3,28.2,28.4,27.9,25.9,27.7,28,28.9,28.1,28.7,27.3,24.5
2015-09-17,27,26.9,26.7,27.3,26.7,27.1,27.1,26.4,27.5,26.8,26.3,26.2,26.4,26.1,24.5,25.9,26,26.9,26.3,26.7,25.8,22.9
2015-09-18,26,26,25.7,25.5,24.9,25.3,25.9,24.2,25.8,24.8,24.5,24.3,24.5,24.4,23.4,24.1,24,25,24.7,25.3,24.8,21.8
2015-09-19,25.9,25.9,25.7,26.2,25.3,25.8,26,23.1,26,24.4,25.3,25.1,25.3,25.2,24.4,24.9,24.9,25.6,25.5,26.4,26.5,22.8
2015-09-20,24.9,24.9,25,25.3,24.7,25.3,25.2,23.9,25.3,24.2,25.1,24.8,24.9,25,24.5,24.7,24.3,25.1,25.3,26.1,26.1,23.1
2015-09-21,26.1,26.1,26.2,27,26.2,26.8,26.5,24.5,26.7,25.1,26.8,26.4,26.5,26.7,26.3,26.3,26,26.7,27.1,28.2,28.5,24.5
2015-09-22,26,26,26.1,26.5,25.9,26.4,26.3,24,26.3,24.7,26.3,26.1,26.2,26,25.3,25.8,25.8,26.4,26.3,27.3,27.6,23.4
2015-09-23,24.1,24,24.2,25,24.2,24.8,24.4,22.2,24.6,22.9,24.5,24.3,24.5,24.1,22.8,24,24.1,24.8,24.4,25.4,25.1,20.9
2015-09-24,25.7,25.7,25.5,25.9,25.5,25.8,25.7,23,25.6,24.1,25.5,25.4,25.5,25.2,24.3,25.1,25.3,25.8,25.4,26.2,26.1,22.7
2015-09-25,25.3,25.2,25.4,25.5,24.7,25.5,25.6,23.7,25.6,24,25.1,24.7,24.9,25,24.2,24.6,24,25.2,25.4,26.4,25.9,22.5
2015-09-26,24.5,24.5,24.6,25,23.9,24.6,24.8,22.2,24.9,23.3,24,23.7,23.8,23.9,22.9,23.5,23.1,24.3,24.3,24.9,24.2,21.4
2015-09-27,23.8,23.8,23.6,24.1,23.4,23.7,23.9,22.5,24,23,23,22.9,23.1,22.7,21.1,22.5,22.9,23.6,23,23.3,22.6,19.4
2015-09-28,25.2,25.2,25.2,25.4,24.8,25.2,25.4,24.1,25.4,24.3,24.5,24.4,24.6,24.2,22.7,24,24.2,25.1,24.5,24.9,24,21.2
2015-09-29,21.5,21.4,21.1,20.4,20.6,20.7,21.3,19.8,21,20.4,20.1,20.1,20.2,19.7,18.3,19.7,20.1,20.6,19.7,20.3,20,16.7
2015-09-30,17.9,17.9,17.7,17.6,17.5,17.7,17.9,16.5,17.9,17.3,17.1,17.1,17.3,16.7,15.5,16.8,17.2,17.6,16.8,17,16.2,14.5
2015-10-01,21,20.9,20.7,20.7,19.9,20.3,21,20.1,21,20.4,19.5,19.2,19.4,19.5,18.3,19,18.9,19.9,19.9,20.2,19.4,16.8
2015-10-02,23.6,23.6,23.3,23.4,22.8,23.2,23.6,22.2,23.7,22.7,22.4,22.3,22.5,22.1,20.7,21.9,22.1,23,22.4,22.8,21.9,19.2
2015-10-03,22.4,22.4,22.1,22.6,22.1,22.4,22.5,20.8,22.8,21.8,21.8,21.7,21.9,21.6,20.5,21.4,21.5,22.3,21.8,22.3,21.3,19.4
2015-10-04,22.8,22.8,22.9,22.9,22.5,22.9,23,21.6,23,22,22.3,22.3,22.4,22,20.9,22,22.2,22.8,22.2,22.5,21.6,19.8
2015-10-05,30.3,30.2,30,30.3,29.7,30,30.3,28,30.2,28.9,29.4,29.3,29.5,29,27.6,28.9,29.2,29.9,29.2,29.9,29.5,25.7
2015-10-06,27.9,27.9,27.6,27.8,27.3,27.6,28,26.7,28.1,27.3,26.8,26.7,26.9,26.5,24.9,26.3,26.6,27.4,26.7,27.2,26.5,23.2
2015-10-07,24.1,24.1,23.9,24.3,23.9,24.2,24.2,22.7,24.3,23.3,23.8,23.7,23.8,23.5,22.4,23.4,23.6,24.1,23.6,24.3,24,20.8
2015-10-08,21.8,21.8,21.6,22.1,21.6,21.9,21.9,20.5,22.2,21.2,21.5,21.4,21.5,21.3,20.3,21.1,21.2,21.9,21.5,22.1,21.5,19
2015-10-09,23.2,23.2,23,23.4,22.5,22.9,23.2,21.4,23.3,22.2,22.3,22.1,22.3,22.2,21.1,21.9,21.9,22.7,22.5,23,22.5,19.6
2015-10-10,24.5,24.5,24.3,24.7,24.1,24.4,24.5,22.5,24.6,23.4,23.8,23.7,23.9,23.6,22.5,23.4,23.6,24.2,23.8,24.3,23.8,21.1
2015-10-11,26,26,26,25.2,25.1,25.5,26.1,23.8,25.6,24.3,25,24.8,25,24.7,23.7,24.6,24.6,25.3,24.9,25.6,25.1,22.2
2015-10-12,23.9,23.9,24.1,24.7,23.5,24.3,24.3,22.6,24.5,22.9,23.8,23.4,23.5,23.8,22.8,23.2,22.7,24,24.3,25.3,25.1,21
2015-10-13,21.6,21.6,21.4,21.6,21.3,21.4,21.6,19.7,21.7,20.6,20.6,20.8,21,20.2,18.4,20.2,21,21.4,20.3,20.5,19.6,16.8
2015-10-14,19.5,19.5,19.3,19.8,19,19.4,19.6,17.7,19.8,18.7,18.6,18.5,18.7,18.4,16.7,18.1,18.5,19.2,18.7,19,18.1,15.1
2015-10-15,18,18,17.7,18.1,17.5,17.8,18.1,16.9,18.2,17.3,17.2,17.1,17.2,17,16,16.8,16.9,17.6,17.3,17.8,17.1,14.5
2015-10-16,19.4,19.3,19.2,19.2,18.9,19.1,19.3,17.8,19.3,18.5,18.6,18.6,18.7,18.4,17.6,18.3,18.5,19,18.6,19,18.6,16.3
2015-10-17,21,21,21,20.6,20.3,20.7,21.1,19.1,20.8,19.7,20.2,20.1,20.2,19.9,19,19.9,19.9,20.5,20.1,20.6,20.1,18
2015-10-18,22.2,22.2,22.1,22,21.6,22,22.3,20.5,22.2,21.1,21.5,21.3,21.5,21.2,20.1,21.1,21.1,21.9,21.4,22,21.2,18.9
2015-10-19,21.7,21.6,21.5,20.9,20.5,20.9,21.6,19.7,21.3,20.5,20.1,20,20.2,19.9,18.8,19.8,19.8,20.6,20.1,20.4,19.7,17.7
2015-10-20,18.5,18.5,18.3,18.3,18.2,18.4,18.5,16.9,18.5,17.8,18,18,18.1,17.7,16.8,17.7,18,18.3,17.7,18.1,17.6,15.7
2015-10-21,19.4,19.4,19.1,19.1,18.2,18.7,19.4,17.6,19.3,18.4,17.8,17.6,17.8,17.7,16.3,17.3,17.3,18.3,18.1,18.5,17.9,14.7
2015-10-22,21.2,21.1,20.9,21.1,20.6,20.9,21.2,20,21.2,20.4,20.2,20.1,20.3,20,18.5,19.8,20,20.7,20.3,20.8,20.2,17
2015-10-23,22.5,22.5,22.6,22.4,21.8,22.2,22.6,20.8,22.5,21.4,21.7,21.5,21.6,21.6,20.7,21.3,21.2,21.9,21.9,22.2,21.6,19.8
2015-10-24,21.1,21.1,20.9,20.9,20.5,20.7,21.1,20.3,21.1,20.6,20.2,20.1,20.2,20.1,19.3,19.9,19.9,20.5,20.3,20.5,20.1,18.7
2015-10-25,19.7,19.7,19.7,19.8,19.3,19.8,19.9,18.2,19.9,18.9,19.5,19.2,19.3,19.4,18.6,19.1,18.8,19.6,19.6,20.3,20,17.4
2015-10-26,19.6,19.6,19.3,18.6,18.1,18.4,19.5,17.6,19.2,18.5,17.4,17.3,17.5,17.2,15.5,16.9,17.2,18.1,17.5,17.7,16.9,14.3
2015-10-27,21.8,21.7,21.5,21.4,21.1,21.4,21.8,20.2,21.8,20.8,20.8,20.7,20.9,20.6,19.3,20.4,20.5,21.3,20.8,21.3,20.6,17.7
2015-10-28,20.4,20.4,20.1,20.6,19.9,20.3,20.5,19.3,20.8,19.9,19.5,19.4,19.6,19.2,17.5,18.9,19.2,20.1,19.5,20.1,19.3,15.7
2015-10-29,22,22,21.7,21.8,21.2,21.5,22,20.4,21.9,21.1,20.7,20.7,20.9,20.5,19.1,20.3,20.6,21.3,20.8,21,20.3,17.6
2015-10-30,23,22.9,22.8,22.4,22,22.4,22.9,21.1,22.7,21.7,21.7,21.6,21.8,21.5,20.4,21.3,21.5,22.1,21.7,22.1,21.6,19
2015-10-31,22.3,22.3,22.2,21.7,21.3,21.7,22.3,19.3,22,20.6,21.1,20.9,21,20.9,19.9,20.7,20.6,21.4,21.1,21.6,21.2,18.5
2015-11-01,21.9,21.8,21.7,20.6,20.4,20.8,21.7,18.6,21.2,19.9,20,19.9,20.1,19.7,18.7,19.6,19.7,20.5,19.9,20.5,20,17.3
2015-11-02,18.7,18.7,18.4,18.1,17.8,18,18.6,16.9,18.5,17.8,17.2,17.2,17.4,17,15.7,16.8,17.1,17.8,17.1,17.4,16.7,14.5
2015-11-03,20.8,20.7,20.4,20.3,19.9,20.2,20.7,18.7,20.7,19.7,19.3,19.2,19.4,19,17.4,18.8,19.1,19.9,19.2,19.6,18.5,15.8
2015-11-04,22.5,22.5,22.3,22.5,22,22.3,22.5,21.1,22.6,21.6,21.6,21.5,21.7,21.4,20,21.2,21.4,22.1,21.6,22.1,21.6,18.4
2015-11-05,22.1,22.1,21.9,22.1,21.8,22,22.1,20,22,20.8,21.7,21.7,21.8,21.4,20.4,21.3,21.7,22,21.5,22.1,22,18.9
2015-11-06,25.2,25.1,25.1,24.5,24,24.5,25.1,22.5,24.6,23.3,23.9,23.7,23.9,23.7,22.6,23.4,23.5,24.2,23.9,24.5,24.1,21.2
2015-11-07,23.7,23.7,23.8,23.4,23.1,23.4,23.8,21.5,23.4,22.1,23.1,23,23.1,22.9,22.1,22.8,22.8,23.3,23.1,23.6,23.2,20.9
2015-11-08,21.3,21.2,21.3,20.9,20.5,20.9,21.3,19.6,21.1,20.2,20.3,20.3,20.4,20.1,19.1,20,20.1,20.7,20.3,20.4,19.5,18.7
2015-11-09,22.2,22.2,22.1,22.5,22.5,22.5,22.3,21.7,22.6,22.2,22.1,22.2,22.3,21.8,20.5,21.9,22.4,22.5,21.8,21.6,20.2,20.1
2015-11-10,23.2,23.2,23.1,23.2,23,23.1,23.3,22.9,23.3,22.9,22.6,22.7,22.8,22.4,21.3,22.4,22.8,23.1,22.5,22.5,21.5,20.8
2015-11-11,23.1,23,23.2,23.2,22.8,23.1,23.2,21.8,23,22.1,22.8,22.8,22.8,22.7,22,22.6,22.7,23,22.9,23.1,22.7,21.4
2015-11-12,20.8,20.8,20.9,20.2,20,20.3,20.8,18.3,20.5,19.5,19.9,19.8,19.9,19.8,19.3,19.7,19.6,20.1,19.9,20.1,19.6,18.7
2015-11-13,17.2,17.2,16.7,16.3,16.7,16.3,16.8,17,16.8,17.3,15.5,15.9,16,15.3,13.9,15.5,16.4,16.3,15.1,14.4,12.8,13.9
2015-11-14,18.2,18.2,18.1,18,18,18.1,18.3,17.6,18.4,18.1,17.4,17.5,17.7,17.1,15.5,17.1,17.6,18,17.2,17,15.6,14.8
2015-11-15,22.6,22.6,22.4,22.5,22.8,22.8,22.6,22.2,22.7,22.2,22.5,22.7,22.8,22.1,20.8,22.2,22.9,23,22,22.2,21,20.3
2015-11-16,21.4,21.4,21.2,20.9,21.6,21.5,21.4,20.1,21.5,21,21.1,21.4,21.5,20.5,19.2,20.9,21.7,21.7,20.3,20.2,18.7,19.1
2015-11-17,19.8,19.8,19.6,19.7,19.8,19.9,19.9,20.1,20.1,19.9,19.4,19.5,19.6,19.1,17.9,19.2,19.6,19.9,19.1,19.1,17.9,17.6
2015-11-18,21.1,21.1,20.9,21.4,21.1,21.3,21.2,20.1,21.3,20.5,20.9,20.9,21.1,20.6,19.6,20.6,20.9,21.3,20.8,21,19.9,18.9
2015-11-19,22.5,22.5,22.2,21.8,21.6,21.8,22.4,20.4,22.1,21.1,21.1,21.1,21.3,20.8,19.6,20.7,21.1,21.7,21,21.3,20.5,18.5
2015-11-20,19.8,19.8,19.3,19.4,19.6,19.4,19.6,19.3,19.8,19.7,18.8,18.9,19.1,18.6,17.3,18.6,19.1,19.4,18.6,18.5,17.5,16.8
2015-11-21,17.9,17.9,17.7,18,17.6,17.9,18,17.3,18.3,17.7,17.2,17.1,17.3,17,15.7,16.8,17,17.7,17.2,17.6,17,14.4
2015-11-22,12.9,12.8,12.5,12.3,11.9,12.3,12.8,11.6,12.8,12,11.3,11.2,11.5,11,9.3,10.8,11,12,11.2,11.9,11.2,7.5
2015-11-23,13,12.9,12.6,12.9,12.4,12.8,13,12,13.3,12.4,11.9,11.8,12,11.6,9.8,11.4,11.6,12.6,11.8,12.4,11.5,8
2015-11-24,12.7,12.7,12.5,12.7,12.4,12.6,12.8,11.9,13,12.4,11.9,11.8,12,11.7,10.2,11.5,11.7,12.4,11.8,12.1,11.2,9.1
2015-11-25,16.5,16.4,16.1,16,15.6,15.9,16.4,15.1,16.4,15.7,15.1,15,15.2,14.8,13.2,14.6,14.9,15.7,15,15.4,14.6,11.4
2015-11-26,16.7,16.6,16.6,16.2,16.1,16.7,16.9,15.2,16.8,15.6,16.1,15.9,16.1,15.7,14.3,15.6,15.6,16.5,15.8,16.7,15.6,12.7
2015-11-27,16.5,16.5,16.2,16.4,15.8,16.1,16.5,15.7,16.6,15.8,15.3,15.2,15.4,15.2,13.7,14.9,15,15.9,15.5,15.8,15,12.3
2015-11-28,16.7,16.6,16.4,16.7,16.7,16.8,16.8,15.9,17,16.4,16.3,16.4,16.5,15.9,14.3,15.9,16.5,16.9,15.9,16.1,15,13.1
2015-11-29,14.1,14.1,13.8,13.9,14,14,14,13.3,14.2,13.9,13.4,13.6,13.8,13.1,11.7,13.2,13.8,14,13.1,13,11.9,10.9
2015-11-30,16.9,16.9,16.7,16.8,16.6,16.7,16.9,16.2,17,16.5,16.2,16.3,16.4,16,15,16,16.3,16.7,16.2,16.1,15,14.3
2015-12-01,17,17,16.9,17.2,16.9,17,17.1,16.8,17.2,16.9,16.6,16.6,16.7,16.4,15.6,16.4,16.7,16.9,16.6,16.3,15.3,15.6
2015-12-02,16.3,16.2,16.1,15.6,15.4,15.6,16.2,15.2,16,15.7,15.1,14.9,15,15.1,14.9,14.9,14.7,15.3,15.3,15.3,14.7,15.1
2015-12-03,16.2,16.2,16,15.8,15.6,15.7,16.1,15.2,16.1,15.7,15.2,15.2,15.3,15,14,14.9,15.2,15.6,15.2,15.1,14.4,13.4
2015-12-04,16.4,16.4,16.2,16.3,16.4,16.4,16.4,15.7,16.5,16,16,16.2,16.3,15.7,14.7,15.8,16.3,16.5,15.7,15.7,14.4,14.5
2015-12-05,14.8,14.7,14.5,14.6,14.2,14.5,14.8,14.3,14.9,14.6,14.2,13.9,14,14.2,13.8,13.9,13.5,14.3,14.4,14.9,14.8,12.8
2015-12-06,15.2,15.2,15,14.6,14.6,14.7,15.2,14.5,15.2,14.9,13.8,13.9,14.1,13.5,11.9,13.5,13.9,14.5,13.6,13.4,11.7,11.5
2015-12-07,14.6,14.6,14.4,14.2,14.4,14.4,14.6,14.1,14.7,14.5,13.7,13.9,14,13.2,11.7,13.4,14,14.4,13.2,13,11.3,11.2
2015-12-08,17.6,17.6,17.4,18.2,17.5,17.8,17.8,16.6,18.1,17.2,17.3,17.2,17.3,17.1,15.8,16.9,17.1,17.7,17.3,17.6,17,14.6
2015-12-09,17.8,17.8,17.6,18.1,17.4,17.7,17.9,17.2,18.2,17.5,17,16.9,17.1,16.9,15.5,16.6,16.7,17.5,17.1,17.5,16.8,14.1
2015-12-10,17,17,16.7,16,15.7,15.9,16.8,14.8,16.5,15.8,14.8,14.9,15.1,14.6,13.2,14.5,15,15.6,14.8,14.4,13.1,12.5
2015-12-11,15.1,15.1,15,15.6,15.1,15.3,15.3,15.1,15.7,15.2,14.7,14.8,14.9,14.5,13.3,14.5,14.8,15.3,14.7,14.5,13.2,12.9
2015-12-12,14.5,14.5,14.4,14.8,14.4,14.5,14.6,14,14.8,14.4,13.9,14,14.1,13.7,12.5,13.7,14,14.4,13.9,13.8,12.6,12
2015-12-13,14.8,14.8,14.6,15,14.7,14.8,14.9,14.4,15.2,14.8,14.2,14.2,14.4,14,12.6,13.9,14.2,14.7,14.2,14,12.6,11.7
2015-12-14,12.4,12.3,12.2,12.4,12.9,12.8,12.5,13,12.8,12.8,12.4,12.7,12.8,11.9,10.6,12.2,13.1,13,11.8,11.3,9.1,10.4
2015-12-15,17.8,17.8,17.6,17.8,17.4,17.6,17.9,17.5,18,17.7,17,17,17.1,16.8,15.6,16.7,16.9,17.4,17.1,17.1,16.5,14.5
2015-12-16,20,20,19.8,19.6,20.1,20,20,19.9,20,19.8,19.4,19.8,19.9,18.9,17.1,19.2,20.2,20.2,18.8,18.5,16.5,16.9
2015-12-17,19.7,19.6,19.4,18.6,18.4,18.6,19.4,17.4,19,18.2,18.1,17.9,18,18.1,17.6,17.8,17.7,18.3,18.2,18.6,18.6,16.9
2015-12-18,17.4,17.4,17.3,17.3,17.1,17.2,17.4,16,17.4,16.7,16.9,16.8,16.9,16.8,16.1,16.7,16.8,17.1,16.9,17.2,16.8,15.5
2015-12-19,15.8,15.8,15.8,15.1,14.9,15.2,15.8,14.9,15.6,15.2,14.7,14.6,14.7,14.7,14.3,14.5,14.3,14.9,14.8,14.8,14,14.1
2015-12-20,13,13,12.6,12,12.6,12.2,12.7,12.5,12.6,13,11.7,12,12.1,11.4,10.4,11.7,12.4,12.3,11.2,10.6,9.4,10.7
2015-12-21,15.9,15.8,15.6,15.4,15.5,15.6,15.9,15.2,15.9,15.6,14.9,15,15.1,14.6,12.9,14.6,15,15.5,14.6,14.7,13.6,12.1
2015-12-22,16.4,16.3,16.2,16.6,16.1,16.2,16.4,15.6,16.5,15.9,15.7,15.7,15.8,15.5,14.5,15.5,15.7,16.1,15.7,15.7,14.9,14.1
2015-12-23,15.4,15.4,15.2,14.8,14.8,14.9,15.4,15.1,15.4,15.3,13.9,14,14.3,13.5,11.7,13.6,14.2,14.7,13.7,12.9,10.3,11.8
2015-12-24,16,16,15.8,16.2,15.6,15.9,16.1,14.9,16.3,15.7,15.2,15.2,15.4,15.1,13.8,14.9,15.1,15.7,15.3,15.3,14.1,12.9
2015-12-25,15.3,15.3,15.2,15.5,15.4,15.5,15.5,15.5,15.7,15.4,14.9,15.1,15.2,14.6,13.2,14.7,15.3,15.5,14.7,14.2,12.2,13.4
2015-12-26,17,17,16.9,16.9,16.7,16.8,17,15.9,17,16.3,16.3,16.4,16.5,16.1,15.2,16.1,16.4,16.7,16.2,16.4,15.6,14.7
2015-12-27,18.3,18.3,18.2,17.6,17.5,17.7,18.3,16.4,17.9,17,17.2,17.2,17.3,16.9,15.9,16.9,17.1,17.6,17,17.2,16.6,15.3
2015-12-28,16,16,15.7,14.8,15.3,15.2,15.9,15.5,15.8,15.7,14.2,14.5,14.7,13.7,12.1,14,14.7,15.1,13.7,13.2,10.7,11.9
2015-12-29,18.8,18.7,18.5,18.7,18.2,18.5,18.8,17.3,18.8,17.9,17.7,17.7,17.9,17.5,15.9,17.3,17.6,18.3,17.7,18.1,17.4,14.4
2015-12-30,16.6,16.6,16.3,16.5,16.1,16.2,16.5,16.2,16.7,16.6,15.4,15.5,15.7,15.3,14.1,15.2,15.6,16,15.6,15.1,13.9,13.4
2015-12-31,17.7,17.7,17.4,17.5,16.8,17.1,17.7,16.7,17.7,17,16.4,16.3,16.5,16.2,14.9,16,16.2,16.9,16.5,16.7,16,13.8
2016-01-01,15.1,15.1,14.8,14.5,14.4,14.5,15,13.8,15,14.4,13.8,13.8,14,13.5,12.1,13.4,13.8,14.4,13.6,13.8,12.9,11.1
2016-01-02,15.3,15.3,15,15,14.9,15.1,15.3,14.2,15.4,14.8,14.4,14.4,14.6,14.1,12.8,14,14.4,15,14.2,14.7,14,11.2
2016-01-03,13.4,13.3,12.9,12.9,12.6,12.6,13.2,12.3,13.3,13,11.9,11.9,12,11.9,10.9,11.7,11.8,12.4,12,12.2,11.7,9.8
2016-01-04,13.8,13.8,13.6,13.5,13.3,13.5,13.8,12.1,13.8,13.1,12.8,12.8,13,12.6,11.4,12.5,12.8,13.3,12.7,13,12.4,10.1
2016-01-05,13.9,13.9,13.7,13.9,13.4,13.6,14,13.1,14.2,13.6,12.8,12.7,13,12.5,10.8,12.3,12.7,13.4,12.8,13,12.1,9.1
2016-01-06,13.3,13.3,13,12.6,12.3,12.5,13.2,11.4,13.1,12.3,11.6,11.6,11.8,11.3,9.5,11.1,11.5,12.3,11.5,11.9,11.1,7.9
2016-01-07,19.3,19.3,19,19,18.4,18.7,19.3,17.8,19.3,18.5,17.7,17.7,17.9,17.5,15.9,17.3,17.6,18.4,17.7,17.9,17.1,14.3
2016-01-08,22.4,22.4,22.1,22.3,21.4,21.8,22.4,21.3,22.5,21.6,20.8,20.7,20.9,20.6,18.9,20.3,20.5,21.5,21,21.4,20.7,17
2016-01-09,17.9,17.8,17.6,17.8,17.5,17.8,17.9,17.1,18.2,17.5,17.1,17,17.2,16.9,15.5,16.7,16.9,17.6,17.1,17.6,17,13.8
2016-01-10,18.3,18.2,17.9,18.2,17.6,18,18.3,16.7,18.4,17.3,17.4,17.2,17.4,17.2,16.1,16.9,16.9,17.8,17.4,18.1,17.6,14.5
2016-01-11,17.8,17.7,17.4,17.5,16.9,17.3,17.8,16.5,17.9,17.1,16.4,16.2,16.5,16.2,14.5,15.8,16,17,16.4,16.9,16.2,12.8
2016-01-12,15.1,15.1,14.7,14.2,14.1,14.3,15,13.5,14.9,14.1,13.4,13.3,13.6,13.2,11.6,12.9,13.2,14.1,13.3,13.9,13.2,9.8
2016-01-13,14,14,13.7,13.8,13.4,13.7,14,13.2,14.1,13.5,13,12.9,13.1,12.8,11.6,12.6,12.8,13.5,13.1,13.5,12.9,10
2016-01-14,14,14,13.8,13.9,13.9,14,14.1,12.8,14.2,13.6,13.3,13.5,13.6,13,11.3,13,13.6,14,13.1,13,11.7,10.3
2016-01-15,11.4,11.4,11.1,11.2,10.9,11.2,11.5,9.9,11.6,10.7,10.4,10.4,10.6,10.2,8.8,10,10.2,11,10.4,10.8,9.9,7.3
2016-01-16,13.2,13.1,12.7,12,12,12.2,13,10.8,12.8,11.9,11.2,11.2,11.4,10.8,9,10.7,11.2,12,10.8,11.6,11,7.1
2016-01-17,12.4,12.4,12.2,12.1,11.7,11.9,12.4,11.4,12.4,11.8,11.1,11.1,11.3,10.9,9.3,10.7,11,11.7,11.1,11.3,10.4,8
2016-01-18,13.8,13.7,13.5,13.3,12.6,12.9,13.7,12.7,13.6,13,12,12,12.2,11.9,10.6,11.6,11.8,12.6,12.2,12.5,12,9
2016-01-19,12.7,12.6,12.4,12.7,11.9,12.3,12.7,11.9,12.9,12.2,11.4,11.3,11.5,11.2,9.7,11,11.1,12,11.6,11.6,10.4,8.6
2016-01-20,15.9,15.9,15.6,15.4,15,15.3,15.8,14.5,15.8,15,14.4,14.4,14.6,14.1,12.6,14,14.3,15.1,14.3,14.4,13.3,11.3
2016-01-21,15,15,14.7,14.8,14.1,14.5,15,12.6,15,13.9,13.7,13.6,13.8,13.6,12.5,13.3,13.4,14.2,13.9,14.3,13.7,11.3
2016-01-22,14,14,13.8,14,14.1,14.1,14.1,13.8,14.3,14,13.7,13.8,13.9,13.4,12.3,13.5,13.9,14.2,13.4,13.5,12.5,11.6
2016-01-23,19.2,19.2,19.2,19,18.6,19,19.3,17.9,19.2,18.2,18.4,18.3,18.4,18.1,16.9,18,18.1,18.8,18.3,18.7,17.8,15.9
2016-01-24,14.6,14.5,14.7,14.3,14.5,14.7,14.7,13.4,14.6,13.9,14.5,14.5,14.6,14.1,13.2,14.3,14.5,14.7,14,14.3,13.5,12.7
2016-01-25,16.4,16.4,16.2,16.5,15.8,16,16.4,16.4,16.6,16.4,15.4,15.3,15.4,15.4,14.5,15.1,15.1,15.8,15.7,15.5,14.9,13.7
2016-01-26,16.9,16.8,16.7,16.8,16.3,16.6,16.9,16.3,16.9,16.4,15.8,15.8,16,15.7,14.5,15.5,15.8,16.4,15.9,15.7,14.4,14.1
2016-01-27,18.7,18.7,18.7,18.8,18.3,18.8,18.9,18,19,18,18.1,18,18.2,17.8,16.4,17.7,17.8,18.6,18.1,18.2,16.9,15.6
2016-01-28,17.3,17.3,17,17.2,16.8,17.1,17.4,16.3,17.5,16.8,16.3,16.2,16.4,16.1,14.5,15.9,16.1,16.9,16.3,16.6,15.6,13
2016-01-29,14.3,14.2,14,14.1,14,14.2,14.3,13.3,14.4,13.9,13.7,13.7,13.8,13.4,12.4,13.4,13.7,14.1,13.5,13.8,12.9,11.4
2016-01-30,15.7,15.7,15.3,15.3,15.1,15.2,15.6,14.9,15.7,15.4,14.4,14.4,14.6,14.3,13,14.1,14.4,15,14.5,14.5,13.7,11.7
2016-01-31,15.6,15.5,15.1,15.3,15.2,15.1,15.4,14.3,15.5,15.3,14.3,14.6,14.7,14.1,12.8,14.2,14.9,15,14.2,13.8,12.5,12.1
2016-02-01,19.7,19.7,19.3,19.2,19.5,19.3,19.5,18.7,19.6,19.4,18.8,19,19.1,18.6,17.4,18.7,19.2,19.3,18.5,18.4,17.6,16.7
2016-02-02,18.1,18.1,18,17.9,17.7,17.8,18.1,17.3,18,17.5,17.3,17.4,17.5,17.2,16.2,17.2,17.5,17.7,17.3,17.2,16.4,15.8
2016-02-03,17.7,17.7,17.4,16.9,16.8,17,17.6,16.3,17.5,17,16.2,16.2,16.4,15.9,14.4,15.8,16.1,16.8,16.1,16.2,15.2,13.1
2016-02-04,15.1,15.1,14.9,14.9,14.4,14.7,15.1,14.4,15.1,14.5,13.9,13.8,14,13.7,12.2,13.5,13.6,14.4,14,14.3,13.4,10.9
2016-02-05,19.5,19.5,19.5,19.6,19,19.4,19.6,18,19.5,18.3,18.8,18.7,18.9,18.6,17.3,18.4,18.5,19.2,18.8,19.3,18.7,16.1
2016-02-06,12.9,12.9,12.7,12.7,12.7,12.9,13,13.5,13.4,13.4,12.1,12.2,12.4,11.8,10.4,11.8,12.2,12.8,11.9,11.9,10.6,9.6
2016-02-07,14.3,14.2,14,13.8,12.9,13.4,14.2,12.6,14.1,13.2,12.8,12.4,12.5,12.9,12.2,12.3,11.8,13,13.3,14,13.7,10.8
2016-02-08,18.1,18.1,17.8,17.8,17.4,17.7,18.1,17.8,18.3,17.9,17,16.9,17.1,16.8,15.4,16.5,16.7,17.5,17.1,17.3,16.6,13.8
2016-02-09,18.2,18.2,17.9,17.8,17.5,17.7,18.2,16.9,18.3,17.6,16.8,16.8,17,16.5,14.8,16.4,16.8,17.5,16.7,17,16.1,13.4
2016-02-10,16.5,16.5,16.2,16.8,16.3,16.6,16.6,15.8,17,16.2,15.8,15.8,16,15.5,13.7,15.3,15.8,16.5,15.7,16.3,15.7,11.9
2016-02-11,13.8,13.8,13.6,13.6,13.1,13.4,13.8,12.3,13.9,13.1,12.5,12.6,12.8,12.2,10.8,12.2,12.6,13.2,12.5,12.4,11.3,9.6
2016-02-12,19,18.9,18.3,18.3,17.6,17.8,18.8,18,18.9,18.4,16.7,16.6,16.9,16.6,14.8,16.2,16.5,17.5,16.9,17.2,16.4,13
2016-02-13,22.1,22.1,21.8,21.9,21.4,21.8,22.2,21.4,22.4,21.7,20.9,20.8,21,20.7,19.1,20.4,20.6,21.6,20.9,21.4,20.6,17.2
2016-02-14,17.4,17.4,17.1,17,16.4,16.7,17.4,16.3,17.4,16.7,15.7,15.6,15.8,15.6,14,15.2,15.3,16.4,15.9,16.3,15.6,12.3
2016-02-15,15.9,15.8,15.5,15.7,15.2,15.6,15.9,13.7,15.9,14.5,15,14.8,15.1,14.7,13.3,14.4,14.7,15.5,14.9,15.9,15.7,11.1
2016-02-16,13.9,13.9,13.6,14,13.3,13.7,14,12.9,14.1,13.2,13,12.9,13,12.8,11.6,12.6,12.7,13.5,13.1,13.6,13.1,10
2016-02-17,12.1,12.1,11.9,12.3,11.4,11.8,12.2,11,12.3,11.4,11,10.9,11.1,10.9,9.5,10.6,10.7,11.5,11.2,11.4,10.7,8.1
2016-02-18,11.4,11.3,11.1,11.3,10.9,11.2,11.4,10.3,11.7,11,10.4,10.3,10.5,10.1,8.7,10,10.2,11,10.3,10.5,9.5,7.5
2016-02-19,14,14,13.8,14.3,13.6,14,14.1,13,14.3,13.4,13.3,13.2,13.4,13.1,11.6,12.8,13.1,13.8,13.4,13.9,13.3,10
2016-02-20,17.2,17.2,17.1,17,16.6,16.8,17.1,15.4,17,16.1,16.3,16.3,16.4,16.2,15.2,16.1,16.3,16.7,16.3,16.6,16.3,14.1
2016-02-21,20.5,20.5,20.7,21.3,20.3,20.9,20.8,19.5,20.9,19.6,20.4,20.3,20.4,20.2,19.2,20,20.1,20.7,20.6,20.8,20.1,18.2
2016-02-22,20.2,20.2,19.9,20,19.6,19.9,20.2,19.2,20.3,19.5,19.1,19.1,19.3,18.9,17.3,18.7,19,19.8,19,19.4,18.6,15.8
2016-02-23,18.6,18.6,18.4,18.7,18.1,18.4,18.7,17.4,18.9,18.1,17.6,17.6,17.8,17.4,15.9,17.2,17.5,18.2,17.7,18,17.2,14.2
2016-02-24,18.1,18,17.9,18.5,17.8,18.1,18.2,17,18.4,17.4,17.5,17.5,17.6,17.3,16.2,17.2,17.4,18,17.6,17.9,17.4,14.9
2016-02-25,18.6,18.6,18.3,18.5,17.9,18.3,18.6,17.3,18.7,17.7,17.5,17.4,17.6,17.2,15.7,17,17.2,18.1,17.5,18.1,17.5,13.7
2016-02-26,15.2,15.2,14.9,15,14.3,14.7,15.3,14.3,15.4,14.7,13.7,13.6,13.8,13.6,12,13.2,13.3,14.4,14,14.4,13.5,10.4
2016-02-27,12.4,12.4,12.1,11.9,11.3,11.7,12.4,11.4,12.5,11.8,10.5,10.4,10.7,10.3,8.5,10,10.3,11.3,10.6,10.7,9.5,7
2016-02-28,16.1,16.1,15.6,14.6,14.1,14.5,15.8,13,15.3,14.2,13.2,13.1,13.3,13,11.4,12.7,12.9,14,13.2,13.6,12.5,9.9
2016-02-29,18.2,18.2,17.9,17.8,17.8,17.9,18.2,16.9,18.2,17.4,17.2,17.3,17.5,16.8,15.1,16.8,17.3,17.9,16.8,17.4,16.5,13.4
2016-03-01,18.1,18.1,17.8,17.6,17.4,17.6,18.1,17.1,18.1,17.5,16.7,16.7,16.9,16.4,14.6,16.2,16.6,17.4,16.5,16.9,16,13.3
2016-03-02,19.5,19.4,19.2,19.4,19,19.3,19.5,18,19.6,18.7,18.8,18.6,18.8,18.6,17.5,18.3,18.5,19.1,18.8,19.4,19.3,15.7
2016-03-03,17.9,17.9,17.5,17.7,17.1,17.5,17.9,17,18.1,17.3,16.6,16.5,16.7,16.4,14.8,16.1,16.3,17.3,16.6,17.3,16.6,13
2016-03-04,17.5,17.5,17.2,17.6,16.9,17.3,17.6,16.4,17.7,16.7,16.5,16.4,16.6,16.3,15,16.1,16.2,17.1,16.6,17,16.3,13.5
2016-03-05,15.3,15.2,14.9,14.9,14.4,14.8,15.3,14.2,15.4,14.6,13.9,13.8,14,13.7,12.1,13.4,13.5,14.5,13.9,14.5,13.7,10.3
2016-03-06,14.9,14.8,14.5,14.6,14.1,14.5,14.8,13,14.9,13.7,13.8,13.6,13.8,13.5,11.9,13.2,13.4,14.3,13.7,14.7,14.4,10
2016-03-07,15.4,15.4,15.1,15.9,14.5,15.1,15.5,14.3,15.8,14.6,14,13.9,14.1,13.9,12.3,13.5,13.6,14.7,14.5,14.6,13.7,10.6
2016-03-08,14.7,14.7,14.4,15.1,14,14.6,14.8,12.9,15,13.6,13.9,13.6,13.8,13.8,12.6,13.3,13.2,14.3,14.2,15.1,14.7,10.6
2016-03-09,10,9.9,9.6,8.9,8.9,9,9.8,8.1,9.6,9.1,8.1,8.2,8.4,7.9,6.3,7.8,8.2,8.8,8,8,6.7,5.1
2016-03-10,16.7,16.6,16.3,16.1,15.3,15.8,16.6,15.2,16.6,15.7,14.9,14.6,14.8,14.9,13.7,14.4,14.1,15.4,15.2,16,15.8,11.8
2016-03-11,16.9,16.9,16.6,16.9,15.9,16.4,16.9,15.2,16.9,15.6,15.7,15.4,15.6,15.7,14.7,15.2,15.1,16.1,16.1,16.8,16.7,13
2016-03-12,15.8,15.7,15.5,16.1,15.2,15.6,15.9,14.6,16,15,15,14.8,15,15,14,14.6,14.5,15.4,15.4,15.9,15.5,12.5
2016-03-13,15.8,15.7,15.5,15.8,15,15.4,15.8,14.9,15.9,15,14.7,14.5,14.7,14.6,13.6,14.3,14.2,15.1,14.9,15.5,15.2,12
2016-03-14,15.8,15.7,15.4,14.9,14.7,15,15.7,14.2,15.5,14.6,14.2,14,14.2,13.9,12.4,13.6,13.8,14.8,14,14.8,14.2,10.3
2016-03-15,13.6,13.5,13.3,13.7,13.2,13.6,13.7,13.1,13.9,13.4,13,12.8,13,12.8,11.5,12.6,12.6,13.4,13.1,13.6,12.7,10.1
2016-03-16,15.7,15.6,15.2,14.5,13.7,14.2,15.5,13.8,15.2,14.4,12.9,12.7,12.9,12.9,11.5,12.4,12.2,13.6,13.4,13.7,12.8,10
2016-03-17,11.9,11.9,11.6,11.3,10.8,11.1,11.8,10.4,11.8,11.2,10.4,10.2,10.4,10.3,9.4,10,9.9,10.8,10.6,10.9,10.3,8
2016-03-18,15.1,15,15,14.8,14.3,14.8,15.2,13.1,15.1,14,14.1,13.9,14.1,13.8,12.6,13.6,13.7,14.5,14.1,14.6,13.9,11
2016-03-19,14.3,14.2,13.8,12.8,12.7,12.9,14,12,13.7,13.1,11.8,11.7,12,11.6,9.9,11.3,11.6,12.5,11.7,12,11,8.5
2016-03-20,17.1,17,17,16.9,16.3,16.8,17.2,15.3,17.1,15.9,16,15.9,16.1,15.7,13.9,15.5,15.7,16.6,16,16.4,15.3,12.5
2016-03-21,16.7,16.7,16.6,16.4,16,16.5,16.8,14.7,16.7,15.5,15.8,15.6,15.8,15.5,14.1,15.3,15.4,16.2,15.7,16.2,15,12.7
2016-03-22,18.5,18.5,18.2,18.2,17.8,18.1,18.5,17.6,18.7,18,17.4,17.2,17.4,17.2,15.8,16.9,16.9,17.9,17.4,18,17.3,14.2
2016-03-23,19.8,19.8,19.5,19.5,19.1,19.4,19.8,18.6,19.8,18.9,18.6,18.5,18.7,18.3,16.8,18.1,18.4,19.2,18.5,19.1,18.2,15
2016-03-24,17.5,17.5,17.6,18.8,17.7,18.4,17.9,15.8,18.3,16.5,17.9,17.7,17.9,17.6,16.4,17.4,17.5,18.2,17.9,18.5,17.8,15
2016-03-25,18.1,18,18,17.7,16.9,17.5,18.1,16,17.9,16.7,17,16.6,16.8,17,16.3,16.5,16.1,17.2,17.4,18.1,18.1,14.6
2016-03-26,20.3,20.3,20.4,20.9,19.9,20.4,20.5,18.5,20.5,19.1,19.9,19.8,19.9,19.6,18.5,19.5,19.6,20.2,20,20.2,19.4,17.4
2016-03-27,17,16.9,17,17.5,16.8,17.4,17.3,15.9,17.5,16.2,17.3,16.9,17,17.2,16.5,16.8,16.4,17.3,17.6,18.8,19.1,14.8
2016-03-28,20.4,20.4,20.1,20.2,19.5,19.8,20.4,19.4,20.6,19.9,18.8,18.7,19,18.6,16.8,18.3,18.6,19.5,18.9,19,18.1,15.2
2016-03-29,23.7,23.7,23.4,23.4,22.7,23.1,23.7,22.1,23.6,22.5,22.2,22.1,22.3,21.9,20.4,21.7,22,22.8,22.2,22.6,22,18.5
2016-03-30,22.5,22.5,22.5,22.4,22.1,22.6,22.7,21.2,22.6,21.4,22.2,22,22.1,21.8,20.6,21.7,21.7,22.5,22.1,22.9,22.4,18.9
2016-03-31,22.3,22.3,22.1,22.9,22.1,22.4,22.4,20.6,22.6,21.4,21.9,21.8,21.9,21.7,20.4,21.5,21.6,22.3,21.9,22.4,21.9,19
2016-04-01,13,13,12.8,13.3,13,13.3,13.2,11.6,13.5,12.6,13,12.8,12.9,13,12.1,12.6,12.4,13.2,13.2,14,13.5,10.7
2016-04-02,18,17.9,17.7,17.6,17.2,17.5,18,16.8,17.9,17.1,16.9,16.7,16.9,16.6,15.4,16.4,16.6,17.4,16.8,17.3,16.6,14.1
2016-04-03,17.8,17.8,17.9,18.4,17.3,18,18.1,16.3,18.3,16.9,17.1,17,17.2,16.9,15.3,16.6,16.7,17.7,17.2,17.5,16.3,14.3
2016-04-04,16.9,16.9,16.6,16.8,16,16.4,17,15.2,17.1,16,15.5,15.3,15.5,15.3,13.8,14.9,15,16.1,15.7,16.1,15.3,12
2016-04-05,14,14,13.8,14.2,13.7,14,14.2,13.7,14.4,13.9,13.4,13.3,13.5,13.2,12,13,13.1,13.8,13.4,13.7,13,10.8
2016-04-06,20.9,20.9,20.7,20.7,20.3,20.5,20.9,19.7,20.9,20.2,19.7,19.7,19.9,19.5,18,19.4,19.7,20.3,19.7,19.8,18.9,16.8
2016-04-07,19.7,19.7,19.5,19.5,19,19.3,19.7,17.7,19.5,18.6,18.9,18.8,18.9,18.8,18.2,18.6,18.6,19.2,19.1,19.6,19.5,16.8
2016-04-08,14.6,14.6,14.5,14.7,14,14.7,14.9,13,15,13.6,14.1,13.8,14,13.8,12.5,13.5,13.3,14.4,14.1,15.1,14.6,10.5
2016-04-09,20.7,20.6,20.6,20.7,19.9,20.5,20.8,18.8,20.7,19.2,19.6,19.5,19.7,19.3,17.5,19,19.3,20.2,19.6,20.2,19.4,15.6
2016-04-10,19.7,19.6,19.7,20.5,19.5,20.1,20,17.8,20.2,18.4,19.2,19.2,19.4,18.8,17,18.7,19.1,19.9,19.1,19.4,17.9,15.5
2016-04-11,21.3,21.2,21,21.8,20.5,21.1,21.4,19.9,21.7,20.4,20.3,20,20.2,20.2,18.8,19.7,19.5,20.8,20.7,21.2,20.4,17.2
2016-04-12,21.5,21.4,21.4,21.6,20.9,21.4,21.6,20.1,21.7,20.5,20.7,20.6,20.8,20.5,19,20.2,20.3,21.2,20.8,21.5,20.8,17.1
2016-04-13,21.6,21.6,21.3,21.7,20.8,21.3,21.7,20.9,22,21.3,20.4,20.1,20.4,20.2,18.7,19.8,19.8,21,20.6,21,20.2,17
2016-04-14,23.7,23.7,23.5,23.9,22.9,23.4,23.8,21.8,23.8,22.6,22.6,22.5,22.7,22.5,21.4,22.2,22.2,23.1,22.9,23.3,22.7,19.9
2016-04-15,23,22.9,23.1,23.3,23,23.5,23.3,20.7,23.2,21.4,23.2,23.1,23.3,22.7,21.5,22.7,23,23.5,22.9,23.8,23.3,19.8
2016-04-16,24.8,24.7,24.5,25.5,24.5,24.9,24.9,22.9,25.2,23.7,24.3,24.2,24.4,24.1,22.7,23.8,24,24.8,24.4,25,24.3,21.1
2016-04-17,24,24,23.7,24,23.1,23.6,24.1,23,24.3,23.4,22.5,22.3,22.6,22.3,20.5,21.9,22.1,23.2,22.7,23.1,22.1,18.5
2016-04-18,20.6,20.6,20.6,20.5,19.6,20.3,20.8,18.8,20.6,19.1,19.7,19.4,19.5,19.5,18.3,19.1,18.9,20,19.9,20.5,19.8,16.8
2016-04-19,22,21.9,22.1,22.3,21.5,22.1,22.2,20.5,22.2,20.8,21.7,21.5,21.6,21.6,20.7,21.3,21.1,21.9,21.9,22.4,21.9,19.6
2016-04-20,22.4,22.4,22.4,21.7,21.7,22.1,22.5,19.9,22.1,20.8,21.6,21.4,21.6,21.2,20,21.1,21.2,21.9,21.3,22,21.4,18.7
2016-04-21,20.1,20,19.8,19.9,19.4,19.7,20,18,20,18.9,18.9,18.9,19.1,18.6,17.3,18.5,18.8,19.5,18.8,19,18,15.8
2016-04-22,19.9,19.9,19.6,19.6,18.9,19.3,19.9,17.7,19.8,18.7,18.4,18.3,18.5,18.2,17.1,18,18,19,18.5,18.8,17.9,15.9
2016-04-23,20.9,20.8,20.6,21.1,20.1,20.6,20.9,19.5,21.1,19.9,20,19.7,19.9,19.9,19.1,19.5,19.4,20.3,20.3,20.9,20.5,17.7
2016-04-24,21,20.9,21,21.3,20.1,20.9,21.3,19.1,21.2,19.4,20.2,19.8,20.1,20.1,18.7,19.5,19.3,20.6,20.6,21.6,21.3,16.4
2016-04-25,17.9,17.9,17.9,18.4,17.6,18.1,18.1,16.1,18.2,16.9,17.5,17.3,17.5,17.2,16.1,17.1,17.1,17.9,17.5,17.9,17,15
2016-04-26,19.3,19.3,19.4,19.6,18.7,19.5,19.6,18.7,19.8,18.6,19.1,18.7,18.8,19,18.4,18.6,18,19.2,19.5,20.3,20.2,16.6
2016-04-27,15.5,15.5,15.5,15.4,14.7,15.3,15.7,13.5,15.6,14.4,14.7,14.4,14.6,14.6,13.5,14.2,14,15,14.9,15.4,14.9,12.2
2016-04-28,14.4,14.3,14,13.8,13.7,13.8,14.3,12.9,14.3,13.7,13,13.1,13.3,12.7,11,12.7,13.2,13.7,12.7,12.8,11.5,10.1
2016-04-29,17.9,17.9,17.9,18.2,17.4,18,18.2,16.3,18.3,17.1,17.4,17.1,17.3,17.2,16.1,16.9,16.7,17.7,17.6,18.2,17.6,14.5
2016-04-30,18.3,18.3,18.4,19.1,17.5,18.3,18.7,16.3,18.9,17.2,17.5,17.2,17.4,17.5,16.2,16.9,16.7,17.9,18.1,18.7,18.3,14.2
2016-05-01,20.2,20.1,19.7,19.8,19.3,19.7,20.2,18.6,20.4,19.4,18.7,18.5,18.8,18.4,16.7,18.1,18.2,19.4,18.7,19.4,18.5,14.8
2016-05-02,23.4,23.4,23.1,23.4,22.9,23.3,23.5,22.5,23.8,23,22.4,22.3,22.5,22.2,20.5,21.9,22.1,23.1,22.4,22.9,22,18.7
2016-05-03,21.5,21.5,21.6,21.9,20.9,21.6,21.8,20.1,21.8,20.4,21.2,20.8,20.9,21.2,20.6,20.7,20.2,21.3,21.7,22.5,22.3,19
2016-05-04,23.7,23.7,23.9,24.5,23.1,23.8,24,21.9,24.1,22.5,23.2,22.9,23.1,23,21.8,22.7,22.6,23.5,23.5,23.8,23,20.6
2016-05-05,21.7,21.7,22.1,22.6,21.2,22,22.2,21.1,22.2,21,21.5,21.1,21.3,21.6,20.8,21.1,20.5,21.6,22.2,22.6,22.1,19.7
2016-05-06,20,19.9,19.7,19.8,19.2,19.5,19.9,18.2,19.9,18.8,18.9,18.7,18.9,18.7,17.7,18.5,18.4,19.3,19,19.7,19.3,16.2
2016-05-07,20.8,20.7,20.4,19.8,19.2,19.5,20.6,18.5,20.3,19.4,18.2,18.2,18.4,18,16.3,17.8,18,19.1,18.3,18.2,16.7,15.5
2016-05-08,16.8,16.7,16.5,16.4,16.1,16.3,16.7,15.4,16.8,16.1,15.7,15.6,15.7,15.5,14.3,15.3,15.4,16.2,15.7,16,15.2,13
2016-05-09,17.5,17.5,17.2,17.2,16.9,17.1,17.4,15.6,17.4,16.6,16.7,16.6,16.7,16.6,15.8,16.4,16.4,17,16.7,17.4,17.4,14.6
2016-05-10,20.8,20.7,20.5,20.1,19.7,19.9,20.7,19.2,20.5,19.7,18.8,18.9,19.1,18.6,17,18.4,18.8,19.6,18.8,18.7,17.2,16.2
2016-05-11,22.2,22.1,21.8,21.9,21.2,21.6,22.1,19.5,22.1,20.8,20.7,20.6,20.8,20.4,18.8,20.2,20.4,21.3,20.7,21.2,20.4,17.1
2016-05-12,22.4,22.4,22.2,22.6,21.7,22.2,22.5,21.3,22.7,21.7,21.2,21.1,21.3,21,19.4,20.7,20.9,21.9,21.4,21.7,20.6,17.9
2016-05-13,23.1,23,22.8,23.2,21.9,22.4,23,20.5,23,21.5,21.4,21.2,21.5,21.3,19.9,20.9,21,22,21.9,22.2,21.8,18.1
2016-05-14,24,24,23.7,24,23.3,23.7,24,21.6,23.9,22.4,23.3,23.1,23.2,23.1,22.3,22.8,22.8,23.6,23.4,24.3,24.3,20.2
2016-05-15,23.3,23.2,23.3,23.3,22.9,23.4,23.5,22.2,23.6,22.5,23,22.8,22.9,22.8,21.5,22.5,22.4,23.3,23.1,23.8,23.1,19.9
2016-05-16,22.2,22.2,22.2,22.5,21.7,22.3,22.5,21.1,22.6,21.4,21.9,21.6,21.7,21.7,20.8,21.4,21.1,22.1,22.1,22.8,22.3,19.2
2016-05-17,20.4,20.3,20.4,20.7,20.3,20.7,20.6,19.2,20.8,19.8,20.3,20.2,20.3,20.1,18.9,19.9,20,20.6,20.3,20.8,20.2,17.5
2016-05-18,23.9,23.8,23.9,24.4,23.5,24.1,24.1,21.2,24.1,22.2,23.4,23.3,23.5,23,21.3,22.8,23.1,23.9,23.3,23.6,22.4,20.1
2016-05-19,23.3,23.3,23.5,24.2,23,23.7,23.8,22.6,24.1,22.6,23,22.8,23,22.9,21.1,22.4,22.5,23.5,23.4,24,23.1,19
2016-05-20,23,22.9,23.2,23.8,22.9,23.5,23.4,21.8,23.5,22.2,23.2,22.9,23.1,23,21.9,22.7,22.6,23.3,23.4,24,23.5,20.4
2016-05-21,25.7,25.6,25.9,26.3,25.5,26.1,26,22.8,25.8,23.9,25.5,25.5,25.7,24.9,23.2,25,25.5,26,25.2,25.4,23.9,22.2
2016-05-22,24.1,24,24.2,24.7,23.9,24.4,24.3,21.9,24.4,22.6,23.9,23.9,24,23.4,21.6,23.3,23.9,24.4,23.6,24,23,20.1
2016-05-23,22.4,22.3,22.4,23.1,22.4,22.9,22.7,20.9,22.9,21.4,22.3,22.3,22.5,22,20.4,21.8,22.2,22.8,22.2,22.7,21.9,18.8
2016-05-24,22.6,22.6,22.7,23.4,22.8,23.3,23,21,23.1,21.6,22.8,22.8,23,22.3,20.5,22.3,22.9,23.3,22.5,22.7,21.5,19.3
2016-05-25,24.2,24.2,24.4,24.6,24.1,24.7,24.6,22.3,24.5,23,24.3,24.1,24.2,23.9,22.6,23.8,23.9,24.5,24.2,24.7,23.8,21.2
2016-05-26,25.2,25.2,25.5,25.5,25.2,25.7,25.6,23.2,25.4,23.7,25.4,25.4,25.5,25,23.7,25,25.2,25.7,25.1,25.8,25,22.3
2016-05-27,28.5,28.5,28.7,28.2,27.9,28.5,28.7,26.2,28.2,26.4,28,28,28.1,27.5,26.1,27.5,27.9,28.4,27.6,28.2,27.3,24.5
2016-05-28,25.9,25.8,26.2,25.7,25.1,25.9,26.2,23.3,25.8,24,25.4,25.2,25.3,25.1,24.1,24.9,24.7,25.6,25.4,26.2,25.7,22.5
2016-05-29,26.6,26.6,26.3,26.6,26.2,26.5,26.7,25.9,26.9,26.1,25.7,25.7,25.9,25.3,23.5,25.2,25.6,26.4,25.5,26.1,25.3,21.7
2016-05-30,23.5,23.4,23.2,24,23,23.5,23.6,22.7,24,22.9,22.9,22.7,22.9,22.9,21.8,22.5,22.3,23.3,23.3,23.9,23.3,20.1
2016-05-31,23.7,23.7,23.5,24.3,23.8,24.1,23.9,22.8,24.2,23.2,23.7,23.7,23.9,23.3,21.8,23.2,23.7,24.2,23.5,24,23.2,20.1
2016-06-01,24.7,24.6,24.8,24.9,24.3,24.9,25,23.2,25,23.5,24.4,24.3,24.4,24.1,22.6,23.9,24,24.8,24.4,25.2,24.7,20.5
2016-06-02,24.7,24.7,24.8,25.2,24.6,25.1,25,23.4,25.1,23.7,24.8,24.6,24.8,24.5,23.4,24.3,24.4,25,24.8,25.4,24.9,21.4
2016-06-03,26.6,26.6,26.9,27.2,26.8,27.3,27,24.7,27,25.3,26.9,27,27.1,26.4,24.8,26.4,27,27.3,26.6,27.2,26.3,23.2
2016-06-04,26.7,26.6,26.6,26.3,26.3,26.7,26.8,25.4,26.6,25.5,26.2,26.2,26.3,25.7,24.5,25.8,26.1,26.6,25.7,26.4,25.5,22.9
2016-06-05,28.2,28.1,28.2,28.8,27.9,28.4,28.5,26.2,28.5,26.8,27.6,27.7,27.9,27.2,25.2,27.1,27.7,28.3,27.5,27.7,26.3,23.8
2016-06-06,28.3,28.2,28.5,29,28.6,29.1,28.7,26.6,28.7,27,28.8,28.9,29,28.2,26.5,28.3,29,29.2,28.4,29,28.1,24.8
2016-06-07,28.9,28.9,29,29.2,29.2,29.6,29.3,28.1,29.3,28.1,29.3,29.3,29.4,28.7,27.2,28.8,29.3,29.6,28.9,29.5,28.5,25.6
2016-06-08,29.7,29.6,29.7,29.5,28.9,29.5,29.8,27.1,29.6,27.9,29,28.7,28.9,28.7,27.6,28.4,28.3,29.3,29.1,29.8,29.2,25.9
2016-06-09,29.7,29.6,29.7,29.8,29.6,30,29.9,28.9,30,29,29.6,29.5,29.7,29.2,27.8,29.1,29.4,30,29.3,29.9,28.9,26.2
2016-06-10,29.4,29.4,29.4,28.9,28.4,29,29.5,27.7,29.2,27.8,28.2,28,28.2,27.9,26.5,27.7,27.7,28.7,28.3,28.8,27.8,25
2016-06-11,26.2,26.2,26.2,26.3,26,26.5,26.5,25.3,26.5,25.3,26,25.9,26.1,25.6,24,25.5,25.8,26.4,25.8,26.5,25.8,22.2
2016-06-12,29.2,29.2,29.3,30.1,28.8,29.5,29.5,27.2,29.5,27.6,28.7,28.7,28.9,28.3,26.5,28.1,28.6,29.3,28.7,29.1,28.2,24.4
2016-06-13,27.8,27.8,27.9,27.7,27.1,27.8,28.1,26,27.9,26.4,27.4,27.1,27.2,27.3,26.3,26.9,26.6,27.6,27.6,28.7,28.4,24.2
2016-06-14,29.2,29.2,29,29.5,28.7,29,29.3,27.1,29.4,28,28.2,28.2,28.4,27.8,26,27.7,28.3,28.9,28.1,28.5,27.8,24.2
2016-06-15,26.6,26.5,26.5,26.2,25.7,26.3,26.7,25,26.5,25.1,25.5,25.4,25.6,25.1,23.2,24.9,25.1,26.1,25.4,26,24.9,21.6
2016-06-16,25.6,25.6,25.3,26.1,25.3,25.7,25.8,24.6,26.1,25.1,24.7,24.7,25,24.4,22.6,24.2,24.6,25.5,24.7,25,23.9,20.7
2016-06-17,23.9,23.8,23.6,24,23.2,23.7,23.9,22.7,24.1,23.1,23,22.7,22.9,22.9,21.7,22.5,22.3,23.4,23.2,23.8,23,20
2016-06-18,23.6,23.6,23.3,23.8,22.6,23.2,23.7,22.5,23.8,22.6,22.3,22,22.3,22.2,20.9,21.7,21.7,22.8,22.7,23.2,22.6,19.1
2016-06-19,25.7,25.7,25.7,26.4,25.4,26.1,26.1,24.4,26.3,24.8,25.5,25.3,25.5,25.3,23.8,24.9,24.9,25.9,25.7,26.4,25.6,21.7
2016-06-20,26.1,26.1,26.2,26.7,25.8,26.5,26.4,24.7,26.6,25.2,26.1,25.8,26,25.9,25,25.6,25.4,26.3,26.3,27,26.4,23.4
2016-06-21,30.6,30.6,30.9,31.6,30.8,31.4,31,28.3,31,29,31.1,31,31.2,30.6,29.1,30.6,30.9,31.4,30.9,31.5,30.7,27.6
2016-06-22,31.1,31.1,31.3,32,31.2,31.8,31.5,29.9,31.7,30.2,31.3,31.2,31.4,31,29.6,30.8,31.1,31.7,31.3,31.7,30.8,28.1
2016-06-23,31.6,31.6,31.9,32.6,31.6,32.2,32,29.8,32.1,30.4,31.6,31.6,31.8,31.2,29.3,31.1,31.5,32.1,31.5,31.7,30.2,28.2
2016-06-24,30.2,30.1,30.5,30.5,30.2,30.8,30.6,28,30.5,28.7,30.6,30.4,30.5,30.2,29,30.1,30.2,30.7,30.4,31.1,30.4,27.5
2016-06-25,31.1,31,31.1,31.3,30.4,31.1,31.4,29.7,31.4,29.8,30.4,30.1,30.3,30.1,28.5,29.8,29.7,30.8,30.6,31.1,30.1,26.7
2016-06-26,27.9,27.9,28,28.6,28,28.5,28.3,26.5,28.5,27,28.2,28.1,28.3,27.9,26.7,27.8,28,28.5,28.1,28.8,28.2,25.2
2016-06-27,27.9,27.9,28.1,28.8,28.2,28.8,28.3,25.9,28.5,26.8,28.7,28.5,28.6,28.3,27.3,28.2,28.3,28.8,28.6,29.5,29.2,25.9
2016-06-28,29.5,29.5,29.9,30.9,29.8,30.6,30.1,27.6,30.3,28.3,30.2,30.1,30.2,29.9,28.5,29.7,29.8,30.5,30.2,30.8,30,27.1
2016-06-29,30.3,30.3,30.4,31.6,30.4,31.1,30.8,29.3,31.2,29.7,30.4,30.3,30.5,30.2,28.5,29.9,30,30.9,30.7,31,30,27.1
2016-06-30,29.4,29.4,29.6,29.7,28.7,29.5,29.8,28.5,29.7,28.4,28.9,28.6,28.7,28.7,27.4,28.3,28,29.2,29.2,29.8,28.9,25.8
2016-07-01,30.8,30.8,31,30.8,30.2,30.9,31.1,29.2,31,29.4,30.4,30.1,30.3,30.2,29.1,29.9,29.7,30.7,30.5,31.3,30.6,27.5
2016-07-02,29.8,29.8,30,30,29,29.9,30.2,28.8,30.1,28.7,29.3,28.9,29,29.2,28,28.7,28.2,29.5,29.6,30.4,29.7,26.4
2016-07-03,27.2,27.2,27.5,27.9,27.4,28,27.7,25.5,27.8,26.2,28,27.7,27.8,27.8,27.3,27.6,27.3,27.9,28.1,29,28.7,26.2
2016-07-04,30.6,30.6,31,30.8,30.6,31.2,31,28.3,30.7,28.9,31.1,31,31.1,30.6,29.5,30.6,30.8,31.2,30.8,31.5,30.6,28.3
2016-07-05,32.5,32.5,32.4,32,31.7,32.1,32.6,30.9,32.3,31,31.5,31.4,31.6,31.1,29.6,31,31.2,32,31.3,31.9,30.9,28.1
2016-07-06,31.8,31.8,32.1,33,31.8,32.5,32.3,30.4,32.6,30.8,32,31.8,32,31.6,30,31.4,31.6,32.4,32.1,32.5,31.5,28.5
2016-07-07,32.4,32.4,32.8,33.4,32.4,33.1,32.9,30.5,32.9,31,32.7,32.5,32.7,32.4,31,32.2,32.2,33,32.8,33.3,32.2,29.6
2016-07-08,33.8,33.7,33.8,33.7,33.1,33.8,34,31.8,33.8,32.2,33.2,33,33.1,32.9,31.4,32.6,32.6,33.6,33.2,34,33,29.9
2016-07-09,34,34,34.2,35.1,33.8,34.6,34.5,32.5,34.7,32.8,34.1,33.8,33.9,33.9,32.5,33.5,33.3,34.3,34.4,35.1,34.4,30.7
2016-07-10,35.8,35.7,36,35.6,35.3,35.9,36,32.8,35.6,33.6,35.5,35.5,35.6,35,33.5,35,35.4,35.8,35.2,36,35.5,31.9
2016-07-11,32.7,32.7,32.9,32.7,32.2,32.9,33,31.2,32.9,31.4,32.4,32.2,32.3,32.1,30.9,31.9,31.7,32.7,32.4,33.2,32.4,29.3
2016-07-12,30,30,30,30,29.3,29.9,30.2,29.3,30.2,29.1,29.2,28.9,29.1,29,27.6,28.7,28.6,29.6,29.3,29.9,29.1,26.1
2016-07-13,28.8,28.7,28.6,29.7,28.4,28.9,29,27.8,29.4,28.1,28.2,28,28.2,28.1,26.7,27.7,27.7,28.7,28.6,29.1,28.3,25
2016-07-14,26.8,26.8,26.9,27.5,26.3,27.1,27.2,25.5,27.4,25.8,26.5,26.2,26.4,26.4,25,25.9,25.7,26.8,26.9,27.9,27.5,22.8
2016-07-15,27.6,27.6,27.8,28.8,27.9,28.6,28,26.2,28.4,26.8,28.4,28.2,28.3,28.2,27.3,27.9,27.8,28.5,28.5,29.5,29.4,25.6
2016-07-16,29,29,29.3,29.9,28.8,29.6,29.5,27.6,29.6,28,29.2,28.9,29,29.1,28.3,28.7,28.4,29.3,29.5,30.3,30.1,26.6
2016-07-17,30.9,30.9,31.3,31.8,31.2,31.8,31.4,30,31.5,30.1,31.5,31.4,31.6,31.1,29.7,31.1,31.3,31.8,31.4,32,31.3,28.2
2016-07-18,30,30,30.4,30.5,29.6,30.4,30.4,28.7,30.4,28.8,30,29.7,29.8,29.9,29,29.5,29.2,30.1,30.3,30.9,30.2,27.7
2016-07-19,32.5,32.4,33,34,32.8,33.6,33.1,30.8,33.2,31.2,33.3,33.2,33.4,32.9,31.6,32.9,33.1,33.6,33.3,33.6,32.6,30.4
2016-07-20,35.6,35.6,36,36.2,35.7,36.4,36,33,35.6,33.5,36.2,36.1,36.2,35.7,34.8,35.8,35.9,36.4,35.9,36.8,36.4,33.1
2016-07-21,30.7,30.6,31,30.6,30.4,31,31,29.7,30.8,29.5,30.7,30.5,30.7,30.3,29.1,30.2,30.2,30.9,30.5,31.1,30.1,27.7
2016-07-22,32.8,32.8,32.8,31.9,31.3,31.9,32.8,29.4,32.1,30.3,31,30.8,31,30.6,29,30.4,30.5,31.5,30.9,31.6,30.8,27.5
2016-07-23,30.6,30.5,30.5,31,29.6,30.4,30.8,28.7,30.9,29.2,29.5,29.2,29.4,29.4,27.9,28.9,28.7,30,29.9,30.6,29.6,26
2016-07-24,31.7,31.7,31.8,32.3,31.5,32.2,32.1,30.1,32.2,30.6,31.8,31.5,31.7,31.5,30.3,31.2,31.2,32.1,31.8,32.7,32.3,28.5
2016-07-25,32.7,32.7,32.8,33.8,32.7,33.3,33.1,30.7,33.3,31.4,32.7,32.7,32.9,32.3,30.6,32.2,32.6,33.3,32.6,33,31.6,29.4
2016-07-26,33.9,33.9,34.1,35.3,33.9,34.6,34.4,32,34.6,32.6,33.9,33.8,34,33.5,31.7,33.3,33.7,34.5,34,34.3,33.1,30.2
2016-07-27,31.3,31.2,31.4,31.4,30.9,31.5,31.6,29.8,31.6,30.2,31,30.8,31,30.8,29.5,30.5,30.5,31.3,31.1,31.7,30.9,27.9
2016-07-28,30.8,30.7,31.1,32.8,31.3,32,31.4,29.5,31.9,30,31.6,31.5,31.6,31.2,29.7,31.1,31.3,31.9,31.7,31.9,30.8,28.6
2016-07-29,32.4,32.4,32.9,34.4,32.9,33.7,33.1,30.5,33.4,31.2,33.3,33.3,33.4,32.8,31.1,32.8,33.3,33.7,33.2,33.4,32.2,30
2016-07-30,33.6,33.5,34,34.9,33.9,34.6,34.1,31.2,34.2,32,34.2,34.3,34.4,33.7,32,33.7,34.3,34.6,33.9,34.3,33,30.9
2016-07-31,32.6,32.5,32.8,33.7,32.9,33.6,33,30.8,33.3,31.4,33.6,33.3,33.4,33.3,32.3,33,32.9,33.6,33.7,35,35.2,30.3
2016-08-01,30.2,30.2,30.4,32.2,30.7,31.5,30.8,29.1,31.4,29.5,31.2,31,31.1,31,29.8,30.7,30.7,31.4,31.5,32.2,31.9,28
2016-08-02,31.6,31.6,32,33.2,32,32.8,32.2,30.1,32.5,30.6,32.5,32.3,32.5,32.1,30.7,31.9,32.2,32.7,32.5,33,32.2,29.3
2016-08-03,33,33,33.6,35.3,33.7,34.6,33.8,31.3,34.2,31.8,34.3,34.2,34.3,33.8,32.3,33.7,34,34.5,34.3,34.7,33.7,30.9
2016-08-04,34.8,34.8,35,35.8,34.9,35.5,35.2,32.9,35.4,33.6,34.9,34.9,35.1,34.4,32.7,34.4,34.9,35.5,34.7,35,33.7,31.3
2016-08-05,28.5,28.4,28.6,29.3,28.7,29.2,28.9,27.2,29.1,27.7,28.9,28.8,28.9,28.6,27.3,28.5,28.6,29.2,28.8,29.5,28.8,25.9
2016-08-06,30,30,30.2,30.3,30.3,30.8,30.4,28.8,30.5,29.2,30.8,30.5,30.6,30.4,29.6,30.3,30.2,30.8,30.5,31.6,31.3,28
2016-08-07,30.7,30.7,30.9,31,30.2,30.9,31,30.1,31,29.8,30.3,30,30.2,30,28.7,29.7,29.6,30.6,30.4,30.9,29.9,27.4
2016-08-08,34.6,34.6,34.9,35.7,34.8,35.4,35,32,35.1,32.9,35,35,35.1,34.5,33.2,34.5,34.9,35.4,34.8,35.4,34.7,31.5
2016-08-09,31.6,31.5,31.7,32.2,31.6,32.2,32,30.8,32.2,30.8,31.9,31.7,31.8,31.7,30.6,31.4,31.3,32.1,32,32.9,32.3,28.8
2016-08-10,26.3,26.3,26.3,26.6,26,26.7,26.6,25,26.8,25.5,26.3,26,26.1,26.1,25.1,25.8,25.4,26.5,26.5,27.5,26.9,23.3
2016-08-11,27.4,27.4,27.5,28,27.3,27.9,27.8,26,27.9,26.5,27.5,27.3,27.5,27.2,26.2,27,27,27.8,27.5,28.3,27.7,24.6
2016-08-12,29.7,29.7,29.9,30.8,29.6,30.3,30.2,28.8,30.5,29,29.9,29.6,29.7,29.8,28.7,29.4,29.1,30.1,30.3,30.9,30.5,27
2016-08-13,29.7,29.7,30,30,29,29.8,30,28.2,29.9,28.4,29.2,28.9,29.1,29,27.7,28.7,28.5,29.4,29.4,30,29.4,26.3
2016-08-14,31.5,31.4,31.6,31,30.3,31,31.6,29.1,31.2,29.6,30.4,30.1,30.3,30.2,29,29.9,29.7,30.7,30.6,31.2,30.4,27.7
2016-08-15,31.9,31.9,32.2,32.9,31.8,32.5,32.3,30.3,32.5,30.7,31.9,31.8,32,31.6,29.9,31.4,31.6,32.3,32,32.4,31.6,28.4
2016-08-16,31.2,31.2,31.4,31.8,30.9,31.5,31.6,29.3,31.6,29.9,30.7,30.7,30.9,30.3,28.4,30.2,30.5,31.3,30.6,30.8,29.4,27.3
2016-08-17,33.5,33.5,33.5,33,32.3,33,33.6,30.8,33.2,31.5,32.4,32.1,32.2,32.2,31,31.8,31.6,32.7,32.5,33.3,32.9,29.2
2016-08-18,29.7,29.7,29.8,30.2,29.3,29.9,30.1,29.3,30.3,29.2,29.1,29,29.2,28.9,27.3,28.6,28.6,29.6,29.3,29.7,28.7,25.8
2016-08-19,32.1,32.1,32.4,32.6,32,32.7,32.5,30.2,32.4,30.8,32.5,32.2,32.3,32.2,31.2,32,31.8,32.5,32.5,33.4,33.1,29.5
2016-08-20,30.5,30.5,30.5,30.1,29.6,30.1,30.6,28.9,30.3,29.1,29.5,29.3,29.5,29.2,28,29,29,29.9,29.4,30.1,29.5,26.5
2016-08-21,30.6,30.6,30.5,31.7,30.4,30.9,30.8,28.8,31.1,29.6,30.5,30.4,30.5,30.4,29.5,30.1,30.2,30.8,30.9,31.5,31.6,27.7
2016-08-22,31.4,31.4,31.6,31.7,31.1,31.7,31.7,30.4,31.7,30.5,31.3,31,31.2,31.1,30.1,30.8,30.7,31.5,31.4,32.1,31.6,28.6
2016-08-23,31.7,31.7,31.9,31.7,30.9,31.6,31.9,30.3,31.7,30.4,31.1,30.8,30.9,31,30,30.6,30.3,31.2,31.4,31.9,31.4,28.6
2016-08-24,33.6,33.5,33.7,33.6,32.9,33.6,33.8,32,33.7,32.2,33,32.8,32.9,32.7,31.4,32.5,32.4,33.3,33.1,33.6,32.7,29.9
2016-08-25,31.8,31.8,32,32.1,31.2,32,32.2,30.8,32.1,30.7,31.4,31.1,31.3,31.3,30.2,30.9,30.6,31.6,31.8,32.4,31.8,28.7
2016-08-26,31.9,31.9,32.1,31.6,31,31.6,32.1,30.5,31.8,30.5,31,30.7,30.9,30.8,29.7,30.5,30.3,31.3,31.2,31.7,31.1,28.2
2016-08-27,31.7,31.6,32,32.6,31.6,32.3,32.1,30,32.2,30.5,31.8,31.7,31.8,31.4,30,31.3,31.4,32.1,31.8,32.2,31.4,28.5
2016-08-28,31.6,31.6,31.9,32,31.9,32.4,32,30.2,32,30.5,32.3,32.2,32.3,31.8,30.5,31.8,32.1,32.5,31.9,32.7,32.2,28.9
2016-08-29,27.9,27.8,27.6,27.8,27.4,27.7,27.9,26.2,28,27.1,27.1,27,27.2,26.9,25.8,26.8,26.9,27.5,27,27.3,26.3,24.9
2016-08-30,26.7,26.7,26.8,27.2,27,27.4,27,24.8,27.1,25.6,27.1,27.1,27.2,26.7,25.4,26.7,27.1,27.4,26.8,27.4,26.6,24.3
2016-08-31,29.9,29.8,30,30.2,29.6,30.2,30.2,28.4,30.2,28.7,29.8,29.6,29.7,29.5,28.3,29.3,29.2,30.1,29.8,30.6,30,26.6
2016-09-01,32,32,32,32.3,31.8,32.3,32.3,31,32.5,31.3,31.9,31.7,31.9,31.6,30.3,31.4,31.4,32.2,31.8,32.5,31.7,28.6
2016-09-02,32.7,32.6,32.9,33.6,32.6,33.3,33.1,30.4,33.2,31.3,32.8,32.6,32.8,32.4,30.9,32.2,32.4,33.1,32.8,33.5,32.8,29.2
2016-09-03,34.5,34.4,34.7,35.1,34.3,35,34.8,31.8,34.7,32.7,34.6,34.5,34.6,34.1,32.6,34,34.3,34.9,34.3,35.1,34.5,31
2016-09-04,37.5,37.4,37.6,36.6,36.3,36.9,37.5,32.8,36.6,34.3,36.4,36.2,36.4,35.9,34.8,35.9,36,36.7,36.1,37.2,36.8,32.8
2016-09-05,34,33.9,34.1,34.1,33.6,34.2,34.3,32.5,34.2,32.8,33.7,33.5,33.7,33.5,32.2,33.2,33.2,34,33.8,34.5,33.7,30.6
2016-09-06,33.2,33.2,33.4,33.9,33.2,33.8,33.6,32,33.8,32.3,33.4,33.2,33.4,33.1,31.7,32.9,32.9,33.7,33.4,33.9,32.9,30.3
2016-09-07,29.8,29.8,29.9,30,29.2,29.7,30,28.9,30,29,29.2,28.9,29.1,29.1,28,28.7,28.5,29.4,29.4,29.8,29.3,26.8
2016-09-08,29.6,29.6,29.7,29.9,29.1,29.7,29.9,28.4,29.9,28.6,29.1,28.9,29,29,27.8,28.7,28.5,29.4,29.4,29.9,29.4,26.4
2016-09-09,30.2,30.2,30.2,30.7,29.5,30.3,30.5,28.7,30.7,29.3,29.5,29.2,29.4,29.5,28.2,29,28.6,29.9,30,30.6,29.7,26.7
2016-09-10,29.8,29.8,29.8,30.2,29.3,29.9,30.1,28.4,30.2,28.8,29.2,29,29.2,28.9,27.6,28.6,28.6,29.6,29.3,29.8,28.9,26
2016-09-11,31.3,31.2,31.2,31.8,30.9,31.5,31.5,30.1,31.7,30.5,30.8,30.7,30.8,30.6,29.2,30.3,30.4,31.3,31,31.6,30.8,27.5
2016-09-12,30.7,30.7,30.8,31.4,30.4,31,31,29.4,31.2,29.8,30.4,30.2,30.4,30.1,28.6,29.9,30,30.8,30.5,30.9,30.1,27
2016-09-13,29.8,29.8,29.8,30.1,29.4,30,30.1,29.4,30.2,29.2,29.3,29.1,29.3,29,27.5,28.8,28.9,29.7,29.4,29.8,28.7,26
2016-09-14,26.1,26,25.7,25.8,25.1,25.5,26.1,24.4,26.2,25.3,24.6,24.4,24.6,24.4,22.7,24,24.1,25.2,24.7,25.2,24.2,20.9
2016-09-15,24.2,24.2,23.9,24.6,23.8,24.2,24.4,23.3,24.8,23.8,23.3,23.2,23.5,23,21,22.7,23.1,24,23.3,23.7,22.4,19.1
2016-09-16,27.2,27.2,26.9,27.4,26.6,27,27.3,26.3,27.5,26.5,26.4,26.1,26.3,26.2,25.1,25.8,25.8,26.8,26.6,27.3,26.9,23.2
2016-09-17,24.5,24.5,24.2,24.2,23.8,24.1,24.5,23.6,24.5,23.7,23.5,23.3,23.5,23.3,22.1,23,23,23.9,23.6,24.3,23.8,20.3
2016-09-18,25.3,25.3,25,25.3,24.4,24.9,25.3,23.9,25.4,24.3,24.2,23.9,24.1,24.1,23,23.6,23.4,24.6,24.5,25.3,24.9,21.2
2016-09-19,28.3,28.3,28,28.6,28,28.3,28.4,26.7,28.5,27.3,27.8,27.7,27.9,27.5,26.1,27.3,27.7,28.2,27.7,28.2,27.8,24.4
2016-09-20,25,25,24.7,25.4,24.9,25.2,25.1,23.6,25.4,24.4,24.7,24.6,24.8,24.5,23.2,24.3,24.5,25.1,24.7,25.3,24.8,21.7
2016-09-21,26.4,26.4,26.3,27.4,26.5,26.9,26.7,25.4,27.1,25.9,26.4,26.3,26.5,26.1,24.9,25.9,26.2,26.8,26.5,26.9,26.3,23.3
2016-09-22,26.1,26.1,26.2,26.2,25.9,26.3,26.4,25.3,26.4,25.4,25.8,25.7,25.8,25.4,23.9,25.3,25.5,26.2,25.6,26.2,25.4,22.2
2016-09-23,26.9,26.9,26.9,26.7,26.5,26.9,27.1,24.8,26.9,25.5,26.4,26.4,26.5,25.9,24.5,25.9,26.3,26.9,26,26.7,26.1,22.8
2016-09-24,26.5,26.5,26.3,25.5,25.3,25.7,26.5,24.6,26.1,25.1,24.8,24.6,24.9,24.5,23,24.3,24.4,25.4,24.7,25.1,23.9,21.5
2016-09-25,26.2,26.1,26.1,26.3,25.6,26.1,26.3,24.6,26.4,25.2,25.5,25.3,25.5,25.3,24,25,25.1,25.9,25.6,26.1,25.4,22.3
2016-09-26,25,25,24.9,25.4,24.8,25.2,25.2,23.9,25.4,24.4,24.6,24.5,24.7,24.3,22.7,24.1,24.4,25.1,24.5,25,24,21.2
2016-09-27,26.8,26.7,26.4,25.9,25.9,26.1,26.6,25,26.4,25.5,25.5,25.5,25.6,25.1,23.8,25.1,25.5,26,25.1,25.7,24.9,22.6
2016-09-28,28.1,28.1,27.8,27.1,27.2,27.3,27.9,25.4,27.6,26.5,26.8,26.7,26.8,26.5,25.4,26.4,26.6,27.2,26.5,27.2,26.8,23.8
2016-09-29,26.2,26.2,26.2,26.5,26,26.4,26.4,24.8,26.5,25.4,26,25.9,26,25.7,24.4,25.5,25.8,26.3,25.9,26.4,25.8,22.9
2016-09-30,26.2,26.1,26.2,26.6,26,26.5,26.4,25,26.6,25.5,26,25.9,26,25.7,24.4,25.5,25.6,26.4,26,26.7,26.1,22.7
2016-10-01,27.4,27.3,27.3,27.4,27,27.4,27.5,25.7,27.4,26.2,26.7,26.8,26.9,26.3,24.7,26.3,26.8,27.3,26.4,26.8,25.7,23.3
2016-10-02,26,26,25.7,25.6,24.9,25.2,26,24.2,25.9,24.9,24.1,24.1,24.3,23.9,22.2,23.7,24,24.9,24.2,24.2,22.8,20.7
2016-10-03,25.6,25.5,25.6,25.1,24.5,25.1,25.7,23.4,25.4,24.1,24.3,24.1,24.3,24.1,22.9,23.9,23.8,24.8,24.4,24.9,24.1,21.4
2016-10-04,24.5,24.5,24.8,25.8,24.9,25.5,25.1,23.6,25.5,24.1,25.3,25.1,25.2,25.1,24.1,24.8,24.7,25.4,25.5,26.1,25.7,22.4
2016-10-05,25.9,25.9,25.9,25.7,25.4,25.7,26,24.1,25.9,24.7,25.2,25.1,25.3,24.9,23.7,24.8,25,25.6,25.1,25.8,25.4,22
2016-10-06,21,21,20.7,19.8,19.7,19.9,20.8,18.8,20.5,19.8,19.1,19,19.2,19,18.1,18.8,18.8,19.6,19.1,19.6,19.3,16.6
2016-10-07,24.4,24.3,24.1,24.4,24,24.2,24.4,22.9,24.5,23.6,23.6,23.6,23.8,23.4,22.2,23.3,23.6,24.1,23.5,23.9,23.1,21
2016-10-08,22.8,22.7,22.7,22.6,22,22.6,22.9,20.4,22.8,21.5,22.1,21.8,21.9,22.1,21.2,21.7,21.3,22.3,22.4,23.2,23,19.5
2016-10-09,18.9,18.8,18.7,18.2,18.3,18.5,18.9,18,18.9,18.4,17.8,17.7,17.9,17.4,15.9,17.4,17.6,18.4,17.5,17.8,16.7,14.6
2016-10-10,16.6,16.5,16.5,16.3,16,16.4,16.8,15.7,16.8,16.2,15.7,15.6,15.8,15.5,14.2,15.3,15.3,16.2,15.7,16,14.8,13.1
2016-10-11,19.7,19.7,19.4,19.5,18.8,19.1,19.7,18,19.7,18.8,18.1,18.1,18.3,18,16.7,17.8,17.9,18.8,18.3,18.2,17,15.4
2016-10-12,19.4,19.4,19,18.2,18.2,18.4,19.2,18.1,19,18.6,17.4,17.4,17.6,17.1,15.5,17,17.4,18.1,17.1,17.3,16.4,14.2
2016-10-13,20.2,20.1,19.8,19.2,19.3,19.4,20,18.7,19.9,19.4,18.5,18.6,18.8,18.1,16.5,18.2,18.6,19.3,18.2,18.3,16.9,15.6
2016-10-14,21.4,21.4,21.1,21.2,20.6,20.9,21.4,20,21.5,20.6,20,19.9,20.1,19.8,18.1,19.5,19.7,20.6,20,20.5,19.6,16.3
2016-10-15,23.8,23.7,23.5,23.8,23.1,23.4,23.8,22.3,23.8,22.9,22.6,22.6,22.8,22.4,21.1,22.2,22.4,23.2,22.7,23,22.3,19.8
2016-10-16,23.7,23.7,23.4,23.6,23.2,23.4,23.7,22.4,23.9,23,22.7,22.6,22.8,22.4,20.9,22.3,22.6,23.3,22.6,22.9,21.9,19.5
2016-10-17,21.5,21.5,21.2,21,21,21.1,21.5,20.9,21.7,21.4,20.2,20.3,20.5,19.8,18,19.8,20.4,21,19.9,19.8,18.2,17.2
2016-10-18,23.6,23.6,23.4,23.6,22.8,23.2,23.6,21.7,23.6,22.5,22.3,22.2,22.4,22,20.5,21.8,22,22.9,22.3,22.5,21.5,19.2
2016-10-19,20.3,20.3,20.1,20.7,20,20.4,20.4,19,20.7,19.9,20,19.7,19.9,20,19.4,19.6,19.4,20.2,20.4,21,21.2,17.7
2016-10-20,18.4,18.4,18.2,17.9,17.6,17.8,18.3,16.3,18.2,17.3,17.2,17.1,17.3,17.1,16.3,16.9,16.9,17.6,17.3,17.5,16.6,15.2
2016-10-21,14.4,14.4,14.2,14.5,14.5,14.7,14.5,14,14.9,14.5,14.2,14.2,14.4,13.9,12.7,13.9,14.2,14.7,13.9,14,12.8,12
2016-10-22,17.7,17.6,17.6,17.3,17.1,17.4,17.8,16.1,17.7,17,16.8,16.8,16.9,16.5,15.2,16.4,16.7,17.3,16.6,16.8,15.8,14.3
2016-10-23,24.1,24,23.8,24,23,23.5,24.1,22.2,24.1,23,22.4,22.3,22.5,22.3,20.9,22,22,23.1,22.7,22.9,21.8,19.3
2016-10-24,25.3,25.3,25.3,24.9,24.7,25.2,25.5,22.4,25.2,23.6,24.8,24.5,24.7,24.4,23.2,24.2,24.2,25,24.6,25.6,25.4,21.4
2016-10-25,20.9,20.9,20.8,20.7,20.7,21,21.1,22,21.3,21.2,20.5,20.4,20.5,20.2,19,20.1,20.2,20.9,20.3,20.5,19.2,18.4
2016-10-26,23.5,23.5,23.3,23.1,23.3,23.4,23.5,22.1,23.4,22.6,23.1,23.1,23.2,22.7,21.8,22.8,23.2,23.5,22.7,23.3,23,20.8
2016-10-27,22.1,22.1,21.9,22,21.8,22,22.2,20.7,22.3,21.7,21.6,21.5,21.7,21.5,20.8,21.4,21.4,21.9,21.6,22,21.6,19.7
2016-10-28,23.2,23.2,23.3,23.1,22.8,23.1,23.3,21.1,23.1,22,22.9,22.9,22.9,22.7,22,22.6,22.8,23.1,22.9,23.4,23.4,20.8
2016-10-29,24.7,24.6,24.9,24.7,24.6,24.9,24.8,22.7,24.5,23.1,24.6,24.7,24.8,24.2,23,24.3,24.9,24.9,24.3,24.6,24.1,22
2016-10-30,22.2,22.2,22.3,21.6,21.5,21.9,22.2,19.8,21.8,20.7,21.5,21.4,21.5,21.3,20.6,21.3,21.3,21.7,21.4,21.7,21.1,19.8
2016-10-31,20.4,20.4,20.4,19.9,20.2,20.3,20.4,18.5,20.1,19.4,20.1,20.1,20.2,19.7,18.9,19.8,20.2,20.3,19.7,20.2,19.9,17.9
2016-11-01,22.4,22.4,22.2,22.8,22,22.3,22.5,21.1,22.7,21.8,21.7,21.6,21.8,21.5,20.4,21.3,21.5,22.1,21.8,21.9,21.1,19.1
2016-11-02,22.8,22.7,22.5,22,22,22.1,22.6,20.9,22.3,21.6,21.4,21.5,21.6,21.1,19.9,21.1,21.6,22,21.2,21.4,20.7,18.8
2016-11-03,21.1,21.1,21.1,20.8,20.6,20.9,21.2,19.4,21,20.1,20.5,20.4,20.5,20.3,19.4,20.2,20.2,20.8,20.5,21,20.5,18.1
2016-11-04,19.4,19.4,19.1,19,19.2,19.3,19.4,18.6,19.5,19.1,18.7,18.8,19,18.2,16.8,18.4,19,19.3,18.2,18.1,16.5,16.5
2016-11-05,21.6,21.6,21.3,21.6,20.9,21.3,21.7,19.9,21.9,20.9,20.4,20.3,20.5,20.2,18.5,19.9,20.1,21.1,20.4,20.9,20,16.8
2016-11-06,15.7,15.7,15.4,15.5,15,15.3,15.7,15,15.9,15.3,14.4,14.3,14.5,14.2,12.7,13.9,14.1,15,14.5,14.9,14.3,10.8
2016-11-07,13.6,13.5,13.3,13.5,13,13.3,13.6,13,13.8,13.3,12.5,12.5,12.7,12.3,10.6,12.1,12.4,13.2,12.5,12.8,11.9,9
2016-11-08,15.3,15.2,14.9,14.9,14.7,15,15.3,14.1,15.3,14.6,14.2,14.2,14.4,13.9,12.2,13.7,14.2,14.9,14,14.6,13.9,10.4
2016-11-09,18.1,18.1,17.8,17.8,17.6,17.8,18.2,16.6,18.2,17.4,17.1,17.1,17.3,16.8,15.3,16.7,16.9,17.7,16.9,17.5,16.7,13.7
2016-11-10,17.4,17.4,17.1,17,16.8,17,17.4,16.3,17.5,16.8,16.3,16.2,16.4,16,14.3,15.8,16.2,16.9,16.1,16.6,15.7,12.5
2016-11-11,18.9,18.8,18.5,18.3,18.2,18.4,18.8,17.4,18.8,18,17.6,17.6,17.8,17.2,15.5,17.1,17.6,18.3,17.4,17.7,16.5,13.9
2016-11-12,17.5,17.5,17.2,17.2,16.7,17,17.5,15.8,17.5,16.6,16.2,16.2,16.4,16,14.6,15.8,16.1,16.8,16.2,16.4,15.5,13.2
2016-11-13,18.5,18.4,18.2,17.8,17.7,17.9,18.4,16.1,18.2,17.3,17.4,17.3,17.5,17.1,16,17,17.3,17.8,17.2,17.7,17.3,14.7
2016-11-14,17.9,17.9,17.7,17.9,17.6,17.8,18,17.2,18.2,17.5,17.2,17.2,17.3,16.9,15.4,16.8,17.1,17.7,17,17.4,16.6,13.9
2016-11-15,17.1,17,16.8,16.4,16.1,16.4,16.9,15.2,16.8,16,15.8,15.7,15.8,15.7,14.8,15.5,15.4,16.2,15.9,16.5,16.1,13.5
2016-11-16,17,17,16.8,16.7,16.1,16.4,16.9,15.6,16.9,16.2,15.9,15.7,15.8,15.9,15.3,15.6,15.4,16.2,16.2,16.6,16.3,14.2
2016-11-17,19.8,19.8,19.8,19.3,19.1,19.4,19.8,18.1,19.6,18.6,18.8,18.8,19,18.4,17.1,18.4,18.8,19.3,18.6,18.8,18,15.8
2016-11-18,20.1,20,19.8,19.9,19.3,19.6,20,18.6,20.1,19.1,18.7,18.6,18.9,18.4,16.9,18.2,18.6,19.4,18.7,18.9,17.9,15.5
2016-11-19,17.1,17.1,16.9,17.2,16.6,16.9,17.2,15.9,17.4,16.5,16.2,16.1,16.3,16,14.6,15.8,16,16.7,16.3,16.7,16,13.1
2016-11-20,18.5,18.5,18.3,18.7,18.1,18.4,18.6,17.3,18.8,17.9,17.7,17.6,17.8,17.4,15.8,17.2,17.6,18.3,17.7,18,17,14.2
2016-11-21,18.1,18.1,17.8,18.2,17.3,17.7,18.1,16.3,18.3,17.2,16.7,16.7,16.9,16.5,14.8,16.3,16.6,17.4,16.8,16.9,15.7,13.6
2016-11-22,19.4,19.4,18.9,17.6,17.7,17.8,19.1,16.3,18.6,17.7,16.6,16.6,16.9,16.2,14.5,16.2,16.6,17.5,16.3,16.5,15.2,13.2
2016-11-23,18.3,18.3,18,18.1,17.4,17.8,18.3,16.4,18.4,17.4,17,16.8,17,16.8,15.5,16.5,16.5,17.5,17.1,17.5,16.5,14
2016-11-24,14.8,14.7,14.4,14.4,14.1,14.4,14.8,13.5,15,14.2,13.6,13.5,13.7,13.4,11.8,13.1,13.3,14.2,13.6,14,12.8,10.5
2016-11-25,14.9,14.9,14.5,13.7,14.2,14.2,14.7,13.8,14.6,14.1,13.2,13.4,13.7,12.6,10.5,12.8,13.7,14.1,12.6,12.6,10.7,9.4
2016-11-26,14.2,14.2,13.8,13.6,13.7,13.8,14.2,13.8,14.3,14,12.8,13,13.2,12.3,10.3,12.4,13.1,13.7,12.3,12.1,10,9.5
2016-11-27,17.6,17.6,17.2,15.9,16.2,16.3,17.3,15.2,16.8,16.1,15.4,15.4,15.6,15.1,13.8,15,15.3,16.1,15.1,15.8,15.4,12.2
2016-11-28,16.4,16.3,16.1,15.9,15.8,15.9,16.3,14.5,16.2,15.4,15.4,15.4,15.5,15.1,13.9,15,15.4,15.8,15.2,15.6,15.1,12.5
2016-11-29,16.4,16.3,16,15.3,14.9,15.2,16.2,13.9,15.9,15.1,14.1,14.1,14.3,13.8,12.2,13.7,14,14.9,14.1,14.1,12.7,11
2016-11-30,15,15,14.7,14.2,13.9,14.2,14.9,12.8,14.7,13.9,13.5,13.4,13.5,13.4,12.5,13.2,13.1,13.9,13.5,14,13.7,11
2016-12-01,14.1,14.1,13.8,13.7,14.2,14,14,14,14.2,14.2,13.4,13.7,13.9,12.8,11.4,13.2,14.2,14.1,12.7,12,9.8,11.4
2016-12-02,15.2,15.2,15,15.1,16,15.7,15.3,14.7,15.4,15.1,15.5,15.9,16,14.7,12.9,15.2,16.4,16.1,14.5,14.5,13,12.2
2016-12-03,14.6,14.6,14.3,13.5,13.7,13.8,14.4,12.7,14.1,13.6,13.1,13.1,13.3,12.9,11.9,12.9,13.1,13.6,12.9,13.1,12.5,11.1
2016-12-04,15.4,15.4,15.1,15,15,15.2,15.4,14.2,15.5,14.8,14.4,14.5,14.7,13.9,12.2,14,14.6,15.1,14,14,12.5,11.1
2016-12-05,16.1,16.1,15.8,15.9,15.9,16.1,16.1,14.7,16.2,15.5,15.7,15.6,15.7,15.5,14.5,15.4,15.5,16,15.5,16.4,16.4,13
2016-12-06,18.9,18.9,18.6,18.3,18,18.2,18.8,17.4,18.8,18,17.4,17.4,17.5,17.2,15.8,17,17.2,18,17.5,17.8,16.8,14.5
2016-12-07,17.1,17.1,16.9,16.6,16.4,16.6,17.1,14.6,17,16.1,15.9,15.9,16,15.8,14.8,15.6,15.7,16.4,15.9,16.1,15.5,13.8
2016-12-08,17.6,17.5,17.3,16.7,16.8,16.8,17.4,15.2,17.1,16.4,16.1,16.2,16.4,15.8,14.5,15.8,16.4,16.7,15.8,15.7,14.5,13.8
2016-12-09,18.3,18.3,18.2,18.4,17.9,18.1,18.4,17.9,18.4,18,17.4,17.4,17.6,17.2,15.8,17.1,17.5,17.9,17.4,17.2,16.3,15.1
2016-12-10,18.2,18.2,18.1,18.2,17.8,17.9,18.2,17.4,18.2,17.6,17.3,17.4,17.5,17.1,15.8,17,17.5,17.8,17.3,17,16.1,15
2016-12-11,15.4,15.4,15.2,15.6,15.8,15.8,15.5,16.2,15.9,15.8,15.5,15.6,15.7,15.1,13.9,15.3,15.8,16,15.1,15.1,13.7,13.7
2016-12-12,16.4,16.4,16.2,16,17,16.8,16.5,17,16.6,16.7,16.5,16.8,17,15.9,14.4,16.3,17.2,17.1,15.6,15.6,13.8,14.5
2016-12-13,16.6,16.6,16.3,15.8,15.5,15.7,16.4,15.3,16.2,15.7,15,14.9,15.1,14.9,13.9,14.7,14.8,15.5,15,15.1,14.3,13.1
2016-12-14,15.5,15.4,15.2,14.9,14.8,15,15.4,14.9,15.5,15.2,14,14.1,14.3,13.7,12,13.7,14.2,14.8,13.8,13.6,11.8,11.4
2016-12-15,11.4,11.4,11.2,11.2,12.1,12,11.6,12.5,12.1,12.4,11.4,11.8,11.9,10.8,8.8,11.2,12.2,12.2,10.5,10.3,8,8.7
2016-12-16,13.7,13.6,13.4,13.5,13.3,13.5,13.7,12.8,13.9,13.4,12.7,12.7,12.9,12.4,10.8,12.3,12.7,13.4,12.5,12.7,11.5,9.6
2016-12-17,14.9,14.9,14.6,13.8,13.7,13.9,14.7,12.4,14.4,13.7,13.2,13.1,13.3,13.1,12.1,12.9,12.9,13.7,13.2,13.8,13.7,10.7
2016-12-18,14.7,14.7,14.4,13.2,13.1,13.3,14.4,11.8,14,13.2,12.3,12.3,12.4,12.2,11.1,12,12.1,12.9,12.3,12.5,11.8,10.1
2016-12-19,10,10,9.7,8.9,9.9,9.7,9.9,9.1,9.7,9.8,9.3,9.5,9.6,8.8,7.4,9.1,9.8,9.8,8.5,8.4,6.9,7.5
2016-12-20,12.1,12,11.9,11.8,12.2,12.1,12.1,11.1,12.2,11.8,11.7,11.9,12,11.3,9.8,11.4,12.2,12.2,11.2,11.4,10.4,8.9
2016-12-21,14.9,14.9,14.7,15,15.9,15.7,15.1,14.4,15.4,15.1,15.3,15.8,15.9,14.5,12.4,15,16.4,16.1,14.2,14.4,12.9,11.2
2016-12-22,15.6,15.6,15.4,15.7,15.9,16,15.8,15.7,16.1,15.8,15.5,15.7,15.8,15.1,13.5,15.2,15.8,16.1,15,15.1,13.7,12.7
2016-12-23,15.5,15.5,15.3,15.3,16.4,16.1,15.6,15.2,15.8,15.5,15.9,16.3,16.4,15.1,13.3,15.6,16.9,16.5,14.8,14.9,13.5,12.4
2016-12-24,14.3,14.3,14.1,14.1,14.5,14.5,14.4,14.5,14.6,14.6,13.9,14.1,14.3,13.5,12,13.7,14.3,14.5,13.4,13.2,11.4,11.7
2016-12-25,13.9,13.9,13.6,13.3,14.4,13.9,13.8,14.9,13.9,14.4,13.6,14,14.1,13.2,11.9,13.6,14.6,14.2,12.9,12.4,10.8,12.3
2016-12-26,18.2,18.2,18,17.3,17.2,17.3,18,16.5,17.7,17.2,16.5,16.6,16.8,16.2,15,16.3,16.7,17.1,16.3,15.9,14.2,15.4
2016-12-27,18.1,18,17.8,17.2,17.5,17.5,18,17.3,17.8,17.5,16.7,16.9,17.1,16.4,14.8,16.5,17.1,17.4,16.4,16.1,14.2,14.8
2016-12-28,15.6,15.6,15.5,15.9,15.7,15.8,15.7,15.2,15.9,15.5,15.4,15.5,15.6,15.2,14.5,15.3,15.6,15.8,15.4,15.1,13.7,14.5
2016-12-29,14.6,14.6,14.4,14.2,13.9,14,14.5,13.6,14.5,14.2,13.3,13.3,13.4,13.1,12.3,13.1,13.2,13.8,13.3,12.7,11.1,13.3
2016-12-30,14.9,14.9,14.6,14.4,14.4,14.5,14.8,12.7,14.8,14,13.7,13.9,14,13.2,11.5,13.4,14.1,14.4,13.3,13,11.2,11
2016-12-31,14.2,14.2,14,14.3,13.9,14.1,14.3,13.4,14.5,14,13.5,13.4,13.6,13.3,11.9,13.1,13.4,14,13.6,13.6,12.4,10.9
2017-01-01,10.5,10.5,10.2,10.1,10.8,10.5,10.5,11.2,10.8,11.2,10,10.3,10.4,9.7,8.5,9.9,10.6,10.6,9.5,9.2,7.6,8.5
2017-01-02,13.3,13.3,13.1,13.4,12.8,13.1,13.4,12.8,13.6,13.2,12.2,12.2,12.4,12,10.6,11.8,12.1,12.8,12.3,12.1,10.6,9.9
2017-01-03,10.4,10.4,10.2,10.1,10.6,10.6,10.5,10.8,10.8,10.9,10.1,10.2,10.4,9.7,8.3,9.8,10.3,10.6,9.7,9.6,7.9,8.2
2017-01-04,13.1,13.1,12.9,13,12.9,13.1,13.2,12.5,13.4,13,12.5,12.5,12.6,12.3,11,12.2,12.4,13,12.4,12.5,11.5,10.2
2017-01-05,12.6,12.6,12.3,12.1,12,12.2,12.5,11.7,12.5,12.1,11.6,11.6,11.7,11.4,10.3,11.3,11.6,12.1,11.5,11.8,11.1,9.3
2017-01-06,11.7,11.7,11.5,11.4,11.3,11.4,11.7,11.3,11.8,11.5,10.8,10.8,10.9,10.6,9.4,10.5,10.8,11.3,10.8,10.8,9.8,8.8
2017-01-07,12.2,12.2,12,12.1,12.2,12.2,12.3,11.9,12.4,12,11.7,11.8,12,11.3,10,11.4,12,12.2,11.3,11.3,9.9,9.4
2017-01-08,14.5,14.5,14.2,14.2,15.1,15,14.7,15.6,15.1,15.2,14.6,14.8,15,14,12.4,14.3,15.1,15.2,13.8,14,12.6,11.5
2017-01-09,11.9,11.9,11.6,11.3,11.3,11.4,11.9,11.4,12,11.7,10.4,10.6,10.8,10.1,8.1,10,10.6,11.3,10.3,10.1,8.4,6.8
2017-01-10,12.9,12.9,12.6,12.2,12.8,12.7,12.9,11.5,12.7,12.2,12.1,12.4,12.6,11.5,9.9,11.8,12.8,12.8,11.4,11.6,10.4,8.6
2017-01-11,13.5,13.5,13.3,13.4,12.8,13.2,13.5,12.2,13.6,12.9,12.5,12.4,12.5,12.4,11.5,12.2,12.1,12.9,12.7,12.8,12,10.5
2017-01-12,16.9,16.9,16.5,16.3,15.8,16,16.7,16,16.7,16.4,15,15,15.2,14.9,13.6,14.7,15,15.7,15.3,15,13.9,12.4
2017-01-13,13.2,13.2,13,13.2,12.9,13.1,13.3,12.5,13.5,12.9,12.5,12.5,12.6,12.3,11.1,12.2,12.4,13,12.5,12.9,12.4,9.8
2017-01-14,11.5,11.4,11,10.6,10.4,10.7,11.4,9.7,11.4,10.5,9.8,9.7,9.9,9.4,7.6,9.2,9.5,10.5,9.6,10.3,9.5,5.7
2017-01-15,13.3,13.2,12.8,12.1,12.2,12.3,13.1,10.7,12.9,11.9,11.4,11.5,11.7,10.9,9,10.9,11.5,12.2,11,11.6,10.6,7.2
2017-01-16,14,14,13.7,13.7,13,13.4,14,12.5,14.1,13.1,12.6,12.3,12.5,12.5,11.2,12.1,11.9,13.1,12.8,13.5,12.9,9.6
2017-01-17,9,8.9,8.6,8.1,8.2,8.4,8.9,7.2,8.7,7.8,7.7,7.7,7.9,7.4,5.9,7.3,7.6,8.3,7.4,8.2,7.6,4.2
2017-01-18,9.1,9.1,8.9,9,8.7,8.9,9.2,8.3,9.3,8.8,8.2,8.2,8.3,7.9,6.5,7.8,8.1,8.8,8,8.2,7.2,5.3
2017-01-19,11.6,11.6,11.2,10.6,10.5,10.7,11.4,9.4,11.2,10.4,10,9.9,10.1,9.8,8.7,9.6,9.7,10.5,9.9,10.6,10.3,7.1
2017-01-20,9.5,9.4,9.2,9.1,9,9.2,9.4,7.9,9.5,8.8,8.9,8.7,8.9,8.7,7.8,8.5,8.6,9.1,8.7,9.6,9.7,6.3
2017-01-21,12.2,12.2,11.8,11,10.8,11,12,9.5,11.6,10.8,10,10,10.2,9.8,8.2,9.6,10,10.7,9.9,10.2,9.4,6.8
2017-01-22,12,11.9,11.8,11.1,10.9,11.2,11.9,8.9,11.5,10.2,10.5,10.5,10.7,10.1,8.5,10,10.5,11.1,10.1,10.7,10,6.9
2017-01-23,10.1,10.1,9.9,10,9.9,10,10.2,9.2,10.4,9.8,9.4,9.4,9.6,9.1,7.7,9.1,9.5,10,9.2,9.4,8.2,6.8
2017-01-24,11.8,11.8,11.6,12,12.5,12.5,12,11.1,12.4,11.9,12.1,12.4,12.6,11.5,9.7,11.8,12.8,12.8,11.4,11.5,9.9,8.6
2017-01-25,6,6,5.8,5.7,5.6,5.8,6.1,6.7,6.3,6.4,5.1,5,5.2,4.9,3.9,4.8,4.9,5.6,5,5.1,4.2,3.2
2017-01-26,10.7,10.7,10.3,9.3,9.6,9.6,10.5,8.5,10.2,9.5,8.3,8.6,8.9,7.7,5.2,7.9,8.9,9.5,7.6,7.4,5.1,4.2
2017-01-27,13.1,13.1,12.7,12.3,11.9,12.1,13,11.1,12.8,12,10.9,11,11.2,10.5,8.4,10.4,11,11.8,10.6,10.7,9.6,7.1
2017-01-28,13.4,13.3,13,12.8,12.6,12.8,13.3,11.7,13.3,12.7,12,12,12.1,11.7,10.2,11.6,11.9,12.6,11.8,12.2,11.4,9.1
2017-01-29,13.8,13.8,13.6,13.7,13.1,13.4,13.9,12.6,14,13.2,12.7,12.5,12.7,12.6,11.4,12.3,12.3,13.1,12.9,13.2,12.6,10
2017-01-30,16.2,16.2,16,16.2,15.8,16,16.2,15.3,16.3,15.6,15.4,15.4,15.5,15.2,13.9,15,15.3,15.9,15.4,15.6,15,12.7
2017-01-31,16.9,16.9,16.9,16.6,16.3,16.7,17,14.9,16.8,15.7,16.2,16.1,16.2,16,15.3,15.9,15.8,16.5,16.1,16.6,16.1,14.3
2017-02-01,16.9,16.8,16.8,16.5,16,16.4,16.9,14.9,16.7,15.6,15.6,15.5,15.7,15.3,14.1,15.2,15.3,16.1,15.6,15.7,14.7,13.4
2017-02-02,13.9,13.9,13.7,13.7,13.4,13.7,14,13.2,14.1,13.6,12.9,12.8,13,12.6,11.4,12.5,12.7,13.5,12.7,12.7,11.1,11
2017-02-03,16.4,16.4,15.9,15.9,15.4,15.5,16.2,15,16.3,15.7,14.6,14.5,14.7,14.4,13.1,14.2,14.4,15.3,14.5,14.7,13.8,12
2017-02-04,18.4,18.3,18.1,18.4,17.7,18.1,18.4,17.2,18.6,17.8,17.1,17,17.3,16.8,14.9,16.6,16.9,17.8,17,17.2,16,13.3
2017-02-05,14.7,14.7,14.4,14.5,14.1,14.4,14.7,13.8,14.9,14.2,13.5,13.5,13.7,13.2,11.8,13.1,13.4,14.2,13.4,13.5,12.3,10.9
2017-02-06,15.8,15.7,15.5,15.6,15.5,15.7,15.8,14.9,16,15.4,15.2,15.1,15.3,14.9,13.6,14.8,15.1,15.7,14.9,15.4,14.8,12.1
2017-02-07,19.6,19.5,19.3,19.3,19.1,19.3,19.5,17.7,19.5,18.5,18.5,18.6,18.8,18.1,16.3,18.1,18.8,19.2,18.2,18.6,17.6,14.6
2017-02-08,17.7,17.6,17.1,16.3,16.1,16.4,17.4,15,17.1,16,15.3,15.2,15.5,14.9,13.2,14.7,15.1,16.1,15.1,15.8,15.1,11.1
2017-02-09,14.1,14.1,13.8,13.6,13.3,13.5,14.1,12.5,14,13.2,12.9,12.8,12.9,12.7,11.5,12.5,12.6,13.4,12.8,13.4,12.8,10.1
2017-02-10,12.9,12.9,12.6,12.1,12,12.2,12.8,11.6,12.7,12.2,11.4,11.3,11.5,11.2,10.1,11,11.1,11.9,11.3,11.7,10.9,8.8
2017-02-11,14.3,14.3,14,13.2,13.2,13.3,14.1,12.1,13.8,13.1,12.4,12.4,12.6,12.1,10.6,12,12.4,13.1,12.2,12.4,11.4,9.4
2017-02-12,14.1,14.1,13.8,13.3,13.1,13.4,14,11.6,13.8,12.8,12.6,12.6,12.7,12.4,11.1,12.2,12.4,13.2,12.5,13,12.3,9.6
2017-02-13,15.1,15,14.7,14.3,14,14.2,14.9,12.3,14.6,13.6,13.5,13.4,13.6,13.2,12,13.1,13.2,14,13.3,13.8,12.9,10.6
2017-02-14,18.1,18.1,17.8,17.6,17.3,17.6,18.1,16.3,18,17,16.9,16.8,16.9,16.7,15.5,16.5,16.6,17.4,16.9,17.6,17.2,13.9
2017-02-15,17.6,17.6,17.6,17.3,16.7,17.2,17.8,15.6,17.6,16.4,16.5,16.3,16.5,16.3,15,16,15.9,16.9,16.6,17,16.2,13.8
2017-02-16,17.3,17.3,17.2,16.8,16.2,16.7,17.3,15.6,17.1,16.1,15.9,15.7,15.9,15.8,14.7,15.5,15.4,16.3,16.1,16.6,16.1,13.3
2017-02-17,18.4,18.4,18.4,18.2,17.9,18.3,18.5,16.5,18.3,17.1,17.8,17.7,17.8,17.5,16.3,17.3,17.5,18.1,17.7,18.2,17.6,14.8
2017-02-18,17.1,17.1,17.1,16.5,15.8,16.4,17.1,14.8,16.8,15.6,15.6,15.3,15.5,15.6,14.7,15.2,14.9,16,15.9,16.4,16,13.4
2017-02-19,17.4,17.4,17.1,17,16.6,16.9,17.4,15.7,17.3,16.4,16.2,16.1,16.2,16.1,15.2,15.9,15.8,16.6,16.3,16.8,16.2,13.8
2017-02-20,16.9,16.8,16.6,16.7,16.5,16.7,16.9,15.7,17,16.4,16,16,16.2,15.8,14.4,15.7,16,16.5,15.9,16.1,15.3,13.3
2017-02-21,19.5,19.5,19.3,19.3,18.8,19,19.5,17.7,19.4,18.5,18.3,18.3,18.5,18.1,16.8,18,18.3,18.8,18.4,18.5,17.6,15.9
2017-02-22,21,20.9,21.1,21.3,20.7,21.1,21.2,19,21.1,19.7,20.7,20.7,20.8,20.5,19.3,20.4,20.5,21,20.7,21.1,20.6,18
2017-02-23,17.8,17.8,17.6,17.2,17.2,17.3,17.8,17.6,17.9,17.8,16.3,16.5,16.7,15.9,14.2,16.1,16.7,17.1,16.1,15.3,12.9,14.4
2017-02-24,12.7,12.7,12.5,12.3,12.4,12.5,12.8,13.9,13,13.3,12,11.9,12,11.8,10.8,11.7,11.7,12.4,11.9,12,10.7,10.4
2017-02-25,15.4,15.3,15.1,14.7,14.6,14.7,15.2,13.6,15,14.4,14.1,14.1,14.3,13.9,13,13.9,14.1,14.6,14,14.1,13.5,12
2017-02-26,17.1,17.1,17.2,17.1,16.5,16.9,17.2,14.9,17,15.8,16.3,16.3,16.4,16.1,15.3,16,16.1,16.7,16.3,16.5,15.9,14.4
2017-02-27,18.7,18.7,18.5,18.3,18,18.2,18.6,16.2,18.4,17.3,17.5,17.5,17.7,17.3,16.1,17.2,17.5,18,17.4,17.9,17.5,14.7
2017-02-28,18.1,18,17.7,17.5,17.1,17.4,18,16.1,17.9,17,16.4,16.4,16.6,16,14.3,15.9,16.3,17.1,16.2,16.5,15.4,12.6
2017-03-01,16.6,16.6,16.5,17,16.4,16.7,16.7,15.3,16.9,16,16.2,16.1,16.3,16,15,15.8,16.1,16.6,16.3,16.6,16.2,13.5
2017-03-02,19.3,19.3,19.3,19.3,18.9,19.3,19.4,17.8,19.4,18.4,18.9,18.7,18.9,18.6,17.6,18.4,18.5,19.2,18.8,19.4,18.9,16
2017-03-03,14.9,14.8,14.6,14.6,14.4,14.6,14.9,13.7,15,14.4,13.8,13.8,14,13.6,12.1,13.5,13.8,14.4,13.7,13.9,12.9,11
2017-03-04,13.8,13.8,13.5,13.7,13.2,13.5,13.9,12.5,14.1,13.3,12.7,12.6,12.8,12.5,11,12.3,12.4,13.3,12.8,13.2,12.5,9.4
2017-03-05,16.7,16.7,16.4,16.5,16,16.3,16.8,15.6,16.9,16.2,15.5,15.4,15.6,15.4,14,15.1,15.3,16.1,15.6,16,15.3,12.4
2017-03-06,22.7,22.7,22.3,22.2,21.9,22.2,22.7,21.2,22.7,21.9,21.3,21.2,21.4,21,19.4,20.8,21,22,21.2,21.8,20.9,17.6
2017-03-07,18.9,18.8,18.9,19.5,18.3,19.1,19.2,17.2,19.5,18,18.4,18.1,18.3,18.3,16.9,17.8,17.6,18.7,18.8,19.5,19,14.9
2017-03-08,21.7,21.7,21.6,21.6,20.6,21.1,21.7,18.9,21.4,19.7,20.2,20.1,20.3,19.9,18.1,19.6,20,20.8,20.3,20.5,19.7,16.1
2017-03-09,21.4,21.3,21.7,21.2,20.4,21.4,21.7,20.2,21.4,19.9,21.2,20.6,20.7,21.3,21.4,20.8,19.6,21,21.8,23,23.2,20.1
2017-03-10,23.3,23.3,23.3,23.2,22.7,23.2,23.5,21.2,23.3,22,22.6,22.4,22.6,22.5,21.5,22.2,22.1,22.9,22.7,23.2,22.6,20.3
2017-03-11,22,22,22.1,21.9,20.8,21.5,22.2,20,22,20.7,20.8,20.4,20.6,21,20.3,20.4,19.7,21,21.5,21.9,21.6,19.1
2017-03-12,18.1,18.1,17.9,18.6,17.2,17.7,18.2,16,18.4,17.2,16.8,16.6,16.9,16.9,15.6,16.4,16.4,17.3,17.4,17.6,17.4,14
2017-03-13,21.4,21.4,21,20,20,20.1,21.1,18.6,20.6,19.6,19.2,19.2,19.4,18.9,17.4,18.8,19.1,19.9,19,19.4,18.6,15.9
2017-03-14,22.6,22.6,22.4,23,22.1,22.5,22.7,20.8,22.9,21.7,21.9,21.7,21.9,21.9,20.9,21.5,21.5,22.3,22.2,22.8,22.5,19.3
2017-03-15,20.5,20.5,20.6,20.8,20.1,20.6,20.8,19.4,20.8,19.7,20.1,19.9,20,20.1,19.3,19.7,19.5,20.3,20.4,21,20.7,17.9
2017-03-16,22,22,22,21.4,21,21.5,22.1,19.3,21.7,20.2,21,20.7,20.9,20.8,19.9,20.5,20.4,21.2,21.1,21.8,21.4,18.4
2017-03-17,23.2,23.2,23.3,23.3,22.6,23.1,23.4,20.6,23.1,21.5,22.5,22.4,22.5,22.1,20.9,22,22.2,22.9,22.4,22.8,22,19.7
2017-03-18,22.9,22.9,23.1,23.1,21.8,22.6,23.1,20.1,22.8,20.9,22.1,21.7,21.9,22.1,21.4,21.6,21.2,22.2,22.7,23.5,23.8,19.6
2017-03-19,23,23,22.9,22.1,21.9,22.3,22.9,19.8,22.4,20.9,21.9,21.6,21.7,21.7,20.8,21.4,21.2,22.1,21.8,22.7,22.6,19.3
2017-03-20,21.3,21.3,21.4,21.5,20.9,21.5,21.6,20.4,21.6,20.5,21,20.8,20.9,20.8,19.6,20.5,20.5,21.3,21.1,21.6,21,18.1
2017-03-21,18,18,18.1,18.1,17.5,18,18.2,16.1,18.2,17,17.6,17.4,17.5,17.5,16.7,17.2,17,17.8,17.8,18.5,18.2,15.2
2017-03-22,18.6,18.6,18.4,19.1,18.3,18.7,18.8,17.2,19.2,18,18,17.8,18,17.8,16.3,17.5,17.6,18.5,18.1,18.7,18.1,14.4
2017-03-23,16.5,16.5,16.2,16.5,15.8,16.2,16.6,14.6,16.8,15.6,15.3,15.1,15.4,15.1,13.5,14.7,14.8,15.9,15.4,15.9,14.8,11.8
2017-03-24,11.3,11.3,11.1,11.1,11.1,11.3,11.4,10,11.5,10.9,10.9,10.8,10.9,10.7,9.8,10.6,10.6,11.2,10.7,11.2,10.4,8.9
2017-03-25,15.5,15.4,14.8,14.5,14.4,14.3,15.1,12.9,15,14.3,13.4,13.5,13.7,13,11.4,13,13.8,14.2,13.1,13.1,12.1,10.2
2017-03-26,18.6,18.5,18.2,18.3,17.6,18,18.5,16.7,18.5,17.5,17.2,17,17.2,17,15.6,16.7,16.8,17.8,17.3,17.6,16.5,14.3
2017-03-27,17.7,17.6,17.3,16.4,16.4,16.6,17.5,15.4,17.1,16.3,15.5,15.6,15.8,15.1,13.4,15.1,15.5,16.3,15.2,15.4,13.9,12.4
2017-03-28,19.7,19.7,19.7,19.4,18.9,19.4,19.8,17.9,19.6,18.4,18.9,18.7,18.8,18.7,17.8,18.5,18.3,19.2,19,19.8,19.5,16.1
2017-03-29,22.2,22.2,22,22.1,21.4,21.8,22.2,21.3,22.3,21.6,21.3,21,21.2,21.3,20.6,20.9,20.6,21.5,21.6,22.1,21.9,19.2
2017-03-30,22.3,22.3,22.3,22.7,21.8,22.3,22.5,20.2,22.6,21.2,21.6,21.5,21.7,21.4,20.1,21.2,21.2,22.1,21.8,22.1,21.4,18.8
2017-03-31,19.1,19.1,19.2,18.9,18.6,19.1,19.3,17.2,19.2,18,18.5,18.4,18.5,18.2,17.1,18.1,18.2,18.9,18.4,18.9,18,15.9
2017-04-01,14.2,14.2,13.9,14.3,13.5,14.1,14.4,13.7,14.8,14.1,13.5,13.1,13.3,13.6,12.9,13,12.5,13.7,14,14.6,14.1,11.6
2017-04-02,19.1,19.1,19.1,19.1,18.5,19.2,19.3,16.8,19.3,17.5,18.7,18.4,18.6,18.3,16.9,18,18.1,19,18.6,19.7,19.5,14.7
2017-04-03,22.1,22.1,21.9,22.2,21.3,21.7,22.1,20.5,22.2,21.1,21,20.8,21,20.9,19.7,20.5,20.6,21.5,21.2,21.6,21.1,18.1
2017-04-04,22.3,22.3,22,22.9,21.9,22.4,22.5,20.5,22.9,21.5,21.6,21.4,21.6,21.5,20.2,21.1,21.1,22.1,21.8,22.4,21.6,18.5
2017-04-05,19.5,19.5,19.2,19.9,19.1,19.5,19.6,17.9,19.9,18.8,18.8,18.6,18.9,18.5,17.1,18.3,18.4,19.3,18.8,19.2,18.1,15.8
2017-04-06,22.4,22.4,22.1,21.9,21.4,21.7,22.3,19.9,22.2,20.9,20.9,20.8,21,20.7,19.4,20.4,20.6,21.5,21,21.5,21,17.8
2017-04-07,21.7,21.7,21.8,21.9,21.1,21.7,21.9,20.1,21.9,20.6,21.2,21,21.1,21,20.1,20.7,20.6,21.4,21.3,21.8,21.3,18.8
2017-04-08,23.1,23,23,23.3,22.5,23,23.2,21.2,23.2,21.9,22.4,22.3,22.4,22.2,21,22,22,22.8,22.5,22.9,22.1,19.8
2017-04-09,21.7,21.7,21.8,21.9,21.4,21.9,21.9,20,21.9,20.6,21.4,21.3,21.4,21.1,20,21,21,21.7,21.4,21.8,21,18.8
2017-04-10,24.4,24.3,24.5,24.6,23.8,24.4,24.6,21.4,24.4,22.5,23.6,23.5,23.7,23.2,21.8,23.1,23.3,24.1,23.5,23.9,22.8,20.7
2017-04-11,26,25.9,26,26,25,25.6,26.1,23.6,25.9,24.3,25,24.8,24.9,24.8,23.7,24.5,24.4,25.3,25.2,25.9,25.7,21.8
2017-04-12,21.7,21.7,21.7,21.9,21.4,21.9,21.9,21,22,21.2,21.4,21.2,21.3,21.3,20.5,21,20.9,21.7,21.6,22,21.5,19.2
2017-04-13,24.8,24.8,24.9,24.5,23.9,24.5,24.9,22,24.6,23,24,23.7,23.8,23.8,23,23.5,23.3,24.2,24.1,24.8,24.5,21.3
2017-04-14,24.5,24.5,24.5,24.1,23.4,24.1,24.7,22.8,24.4,23.1,23.4,23,23.2,23.3,22.3,22.8,22.4,23.7,23.7,24.4,23.9,20.7
2017-04-15,20.9,20.8,20.9,21.1,20.7,21.1,21.1,18.8,21.1,19.7,20.7,20.6,20.7,20.4,19.3,20.3,20.4,21,20.5,21.1,20.3,18
2017-04-16,21.8,21.8,21.9,22.5,21.7,22.2,22.1,19.8,22.2,20.7,21.8,21.7,21.8,21.6,20.7,21.4,21.4,22.1,22,22.7,22.5,19.1
2017-04-17,22.4,22.3,22.5,22.3,21.9,22.4,22.6,20,22.4,21,22,21.8,22,21.7,20.7,21.6,21.6,22.3,21.9,22.6,22.1,19.3
2017-04-18,21.2,21.2,21.3,21.7,21.1,21.7,21.5,18.8,21.6,19.9,21.5,21.3,21.4,21.2,20.1,21,20.9,21.6,21.4,22.3,21.9,18.3
2017-04-19,16.9,16.9,16.8,17.3,16.7,17.2,17.1,16.4,17.3,16.4,16.6,16.5,16.6,16.3,14.8,16.1,16.3,17,16.5,16.8,15.8,13.4
2017-04-20,17.4,17.4,17.5,18,17.4,17.9,17.8,16.8,17.9,16.8,17.4,17.3,17.4,17.1,15.9,16.9,17,17.8,17.4,17.8,17,14.4
2017-04-21,17.8,17.8,17.9,18.3,17.9,18.3,18.1,16.6,18.2,17.1,17.9,17.9,18,17.6,16.5,17.6,17.8,18.2,17.8,18.2,17.5,15.3
2017-04-22,20.3,20.3,20.6,21.4,20.6,21.1,20.7,17.8,20.8,19,20.7,20.7,20.8,20.2,18.8,20.3,20.7,21.1,20.4,20.6,19.4,18
2017-04-23,22.9,22.9,23,22.6,21.9,22.5,23,21,22.7,21.4,21.8,21.6,21.8,21.6,20.4,21.3,21.2,22.2,21.9,22.3,21.4,19.1
2017-04-24,22.9,22.8,23.1,22.9,22.7,23.2,23.1,20.9,23,21.4,22.9,22.8,22.9,22.5,21.1,22.4,22.7,23.2,22.6,23.3,22.6,19.5
2017-04-25,21.3,21.3,21.5,22.3,21.7,22.2,21.7,19.1,21.8,20.1,21.8,21.9,22,21.3,19.7,21.4,21.9,22.3,21.5,22,21,18.4
2017-04-26,14.5,14.5,14.2,14.2,13.9,14.1,14.5,13.6,14.6,14.1,13.4,13.4,13.5,13.3,12.1,13.1,13.2,13.9,13.4,13.7,13,11
2017-04-27,11,10.9,10.6,10.5,10,10.3,10.9,9.3,10.9,10.2,9.5,9.3,9.5,9.3,8.3,9.1,9.1,10,9.6,9.8,9,6.9
2017-04-28,16.3,16.3,16,16.3,15.7,16.1,16.4,14.8,16.5,15.6,15.7,15.4,15.6,15.6,14.8,15.3,15.1,15.9,15.9,16.7,16.7,13.1
2017-04-29,17.6,17.6,17.6,18.5,17.5,18,17.9,16,18.2,16.8,17.3,17.2,17.4,17,15.3,16.8,17.2,17.8,17.3,17.5,16.3,14.1
2017-04-30,18.9,18.8,18.8,19.4,18.5,19,19.1,16.1,19.2,17.4,18.2,18.1,18.4,17.7,15.8,17.6,18,18.8,18,18.3,17,14.1
2017-05-01,18.1,18.1,17.9,18.5,17.8,18.2,18.2,16.7,18.4,17.4,17.7,17.6,17.8,17.6,16.5,17.3,17.4,18.1,17.8,18.6,18.3,14.7
2017-05-02,20.8,20.8,20.6,21.4,20.3,20.8,20.9,18.5,21.1,19.7,20,19.9,20.1,19.8,18.6,19.5,19.6,20.5,20.2,20.7,20.3,16.8
2017-05-03,16.7,16.7,16.6,16.3,15.9,16.4,16.8,15.4,16.8,16,15.7,15.5,15.6,15.5,14.3,15.2,15.1,16.1,15.8,16.2,15.4,12.7
2017-05-04,20.8,20.8,21.1,21.7,21.2,21.7,21.2,19.1,21.4,19.9,21.5,21.5,21.6,21,19.7,21.1,21.5,21.8,21.2,21.7,20.9,18.4
2017-05-05,21.8,21.7,22,22.3,21.9,22.4,22.1,21,22.3,21.2,22.2,22,22.1,21.9,21,21.8,21.8,22.3,22.1,22.7,22,19.6
2017-05-06,25.7,25.6,25.4,25.5,25.2,25.5,25.7,24.5,25.9,25.2,24.7,24.6,24.9,24.3,22.6,24.2,24.6,25.3,24.5,24.8,23.9,21
2017-05-07,23.2,23.2,23.3,23.8,23.4,23.9,23.5,21.8,23.6,22,23.8,23.7,23.8,23.4,22.3,23.3,23.5,24,23.6,24.5,24.1,20.3
2017-05-08,22.4,22.3,22.5,22.7,22.4,22.9,22.7,20.8,22.6,21.2,22.7,22.6,22.7,22.4,21.5,22.3,22.3,22.9,22.6,23.5,23.3,19.8
2017-05-09,22.2,22.2,22.4,22,21.8,22.3,22.4,20.3,22.1,20.9,22,21.8,21.9,21.6,20.6,21.5,21.6,22.2,21.8,22.5,22.1,19.1
2017-05-10,22.3,22.3,22.5,22.7,22.4,22.9,22.7,21.1,22.7,21.3,22.5,22.5,22.6,22.1,20.5,22,22.4,22.9,22.3,22.9,22,18.8
2017-05-11,22.3,22.3,22,22.3,21.6,22,22.4,19.9,22.5,21.2,21,21,21.2,20.5,18.6,20.5,21,21.8,20.8,20.8,19.1,17.5
2017-05-12,25.2,25.2,24.9,25.1,24.6,24.9,25.3,23.9,25.4,24.6,24.1,24,24.2,23.9,22.2,23.6,23.8,24.7,24.1,24.7,23.8,20.3
2017-05-13,26.3,26.3,26,26.3,25.8,26.1,26.4,25,26.6,25.7,25.3,25.2,25.5,25,23.3,24.8,25.1,25.9,25.2,25.7,24.9,21.4
2017-05-14,25.4,25.3,25.3,24.8,24.9,25.2,25.4,23.7,25.2,24,24.6,24.6,24.8,24.2,22.7,24.2,24.5,25.1,24.3,24.9,24.1,21
2017-05-15,26.6,26.6,26.7,26.8,26.6,27.1,26.9,25.3,26.9,25.6,26.8,26.6,26.8,26.4,25.2,26.3,26.4,27,26.5,27.3,26.8,23.4
2017-05-16,27.5,27.5,27.7,27.8,27.3,27.9,27.8,26.2,27.8,26.4,27.4,27.2,27.4,27,25.7,26.9,27,27.7,27.3,27.8,26.9,24.1
2017-05-17,27.1,27.1,27.1,27.1,27.1,27.5,27.3,25.6,27.3,26,27.1,27.1,27.3,26.6,25.1,26.7,27.1,27.5,26.7,27.3,26.5,23.4
2017-05-18,25.7,25.7,25.4,25.2,25.2,25.4,25.6,24,25.4,24.3,25,24.9,25.1,24.6,23.5,24.6,24.9,25.4,24.7,25.4,24.9,21.8
2017-05-19,22,21.9,21.7,22.4,22.1,22.3,22.1,20,22.3,21,22,22,22.1,21.6,20.2,21.6,22,22.4,21.7,22.4,21.9,18.5
2017-05-20,23.1,23.1,23.3,23.8,23.3,23.8,23.5,21.5,23.7,22.2,23.6,23.4,23.5,23.3,22.1,23.1,23.2,23.8,23.5,24.4,24.2,20.3
2017-05-21,24.6,24.6,24.9,25.7,25,25.5,25.1,22.6,25.3,23.6,25.2,25.2,25.3,24.9,23.5,24.8,25.1,25.5,25.1,25.5,24.7,22.2
2017-05-22,25.6,25.5,25.9,26.8,26.3,26.8,26.1,23.7,26.3,24.5,26.6,26.7,26.8,26,24.5,26.1,26.8,26.9,26.2,26.6,25.7,23.1
2017-05-23,28.4,28.4,28.6,29,28.9,29.3,28.8,25.9,28.8,26.9,29.2,29.2,29.3,28.6,27.1,28.7,29.3,29.5,28.6,29.6,29.1,25.2
2017-05-24,30.1,30.1,30.3,30.9,30.4,30.9,30.5,28.4,30.7,29.1,30.6,30.5,30.7,30.2,28.8,30.1,30.4,30.9,30.4,31.2,30.6,27
2017-05-25,31.9,31.9,32.1,32.7,32.1,32.6,32.3,29.9,32.3,30.5,32.3,32.2,32.4,31.8,30.2,31.8,32.2,32.6,32,32.6,32,28.4
2017-05-26,27.2,27.2,27.7,27.3,27.1,27.8,27.6,25.2,27.2,25.4,27.6,27.4,27.5,27.2,26.2,27.1,27,27.7,27.5,28.3,27.6,24.8
2017-05-27,26.9,26.9,27.3,27.3,27,27.5,27.3,25.4,27.2,25.6,27.2,27.1,27.3,26.8,25.4,26.8,27,27.5,27,27.4,26.4,24.1
2017-05-28,28.7,28.7,29,29,28.6,29.1,29,27.2,28.8,27.3,28.7,28.6,28.8,28.3,26.8,28.2,28.5,29.1,28.5,29,27.9,25.4
2017-05-29,27.9,27.9,27.7,28,27.8,28,28,27.1,28.1,27.2,27.6,27.6,27.7,27.2,26,27.2,27.6,28,27.3,27.8,26.9,24.6
2017-05-30,23.9,23.9,23.6,23.4,23.3,23.5,23.9,22,23.8,22.9,22.7,22.8,23,22.4,20.9,22.4,22.9,23.4,22.4,22.7,21.7,19.6
2017-05-31,27.6,27.6,27.7,27.9,27.5,28,27.9,26.2,27.9,26.4,27.5,27.5,27.6,27.1,25.4,27,27.3,28,27.2,28.1,27.2,23.4
2017-06-01,27,27,27.1,27.3,27.2,27.7,27.4,25.8,27.4,26,27.4,27.3,27.5,26.9,25.5,26.9,27.2,27.7,27,27.8,27,23.9
2017-06-02,28.4,28.4,28.6,28.8,28.2,28.9,28.8,26.2,28.8,27,28.6,28.3,28.5,28.3,27.1,28.1,28,28.8,28.5,29.5,29.2,25.4
2017-06-03,28,28,27.7,27.7,27.6,27.8,28.1,26.9,28.2,27.5,27,27,27.2,26.6,25,26.6,26.9,27.7,26.7,27,25.6,23.7
2017-06-04,25.4,25.4,25.1,25.1,24.9,25.1,25.4,23.4,25.4,24.3,24.3,24.4,24.6,23.8,21.8,23.8,24.5,25.1,23.9,24.1,22.6,20.5
2017-06-05,25.7,25.6,25.4,25.6,25.2,25.5,25.7,23.6,25.7,24.5,24.9,24.9,25,24.6,23.3,24.5,24.8,25.4,24.8,25.5,25.2,21.6
2017-06-06,28.4,28.4,28.2,29,28.4,28.7,28.5,26.9,28.7,27.4,28.2,28.1,28.3,27.9,26.4,27.7,28.1,28.7,28.1,28.7,28.1,24.7
2017-06-07,21.8,21.8,22,21.7,21.9,22.2,22,19.7,21.9,20.8,22.1,22.1,22.2,21.7,20.7,21.8,22,22.3,21.7,22.4,21.6,19.7
2017-06-08,27.3,27.3,27.8,28.8,28.3,28.8,27.9,25.1,28.1,26.2,28.7,28.8,28.9,28.1,26.5,28.3,29,29,28.2,28.7,27.9,25.1
2017-06-09,27.5,27.5,27.8,28,28.1,28.5,27.9,25.8,27.9,26.4,28.5,28.5,28.6,27.9,26.7,28.1,28.5,28.7,27.9,28.8,28.4,25.1
2017-06-10,30.7,30.6,31,31.4,31.1,31.7,31.1,28.9,31.2,29.5,31.6,31.5,31.6,31.1,29.8,31.1,31.3,31.7,31.2,32,31.3,28.2
2017-06-11,33.5,33.4,33.8,33.9,33.4,34.1,33.9,31.2,33.8,31.9,33.8,33.7,33.8,33.3,32,33.3,33.4,34,33.6,34.3,33.6,30.2
2017-06-12,32,32,32.3,32.4,31.7,32.5,32.4,30.7,32.3,30.8,32.1,31.8,32,31.8,30.5,31.6,31.4,32.3,32.1,32.8,31.9,29.1
2017-06-13,33.1,33.1,33.4,33.7,33.7,34.1,33.5,31.4,33.6,32,34.1,34.1,34.2,33.5,32.2,33.6,34.1,34.3,33.5,34.3,33.5,30.6
2017-06-14,34.6,34.6,34.9,35.5,34.9,35.4,35.1,32.4,35.1,33.3,35,35,35.2,34.4,32.5,34.5,35.1,35.5,34.5,34.8,33.5,31.3
2017-06-15,35.3,35.3,35.5,35.7,35.4,35.9,35.7,33.4,35.6,33.9,35.6,35.6,35.7,35.1,33.6,35.1,35.5,35.9,35.2,35.9,35,31.9
2017-06-16,33.6,33.6,33.7,34.7,33.9,34.4,34,32.1,34.3,32.8,34,33.9,34.1,33.6,32.1,33.5,33.8,34.4,33.9,34.5,33.7,30.7
2017-06-17,33.2,33.2,33.4,33.2,32.8,33.5,33.5,31.2,33.3,31.6,33.1,32.9,33,32.7,31.4,32.6,32.5,33.3,33,33.8,32.8,29.9
2017-06-18,32.8,32.8,33,33.1,33,33.4,33.1,30.4,33,31.3,33.2,33.2,33.3,32.7,31.2,32.7,33.2,33.5,32.8,33.5,32.8,29.8
2017-06-19,30.7,30.7,31,31.2,30.7,31.3,31.1,29.7,31.1,29.7,31,30.8,31,30.6,29.3,30.5,30.5,31.2,30.9,31.6,30.6,27.8
2017-06-20,32.1,32.1,32.5,33.7,32.8,33.4,32.7,29.7,32.9,30.8,33.1,33.1,33.3,32.4,30.5,32.5,33.2,33.5,32.6,33,31.7,29.1
2017-06-21,33.5,33.4,33.8,34.7,33.9,34.6,34,30.9,34.1,31.9,34.2,34.3,34.4,33.6,32,33.7,34.3,34.6,33.8,34.5,33.7,30.2
2017-06-22,35.3,35.3,35.6,35.4,35.1,35.6,35.5,31,35,32.6,35.3,35.4,35.5,34.6,33.2,34.8,35.4,35.7,34.7,35.5,35,31.4
2017-06-23,34.4,34.4,34.9,35.6,34.9,35.5,34.9,31.3,34.9,32.5,35.3,35.3,35.4,34.6,32.9,34.7,35.4,35.6,34.8,35.4,34.3,31.6
2017-06-24,31.4,31.4,31.6,32,31.8,32.3,31.8,29.4,31.9,30.3,32.2,32.1,32.3,31.6,30.2,31.7,32.1,32.4,31.7,32.4,31.5,28.9
2017-06-25,29.9,29.9,29.9,29.6,29.3,29.6,30,27.4,29.7,28.4,29,29,29.2,28.6,27.2,28.6,29.1,29.5,28.7,29,27.9,26.1
2017-06-26,33.2,33.2,32.9,32.9,32.7,33,33.2,31.7,33.1,32,32.4,32.4,32.5,32,30.5,31.9,32.3,32.9,32,32.7,31.8,29
2017-06-27,29.3,29.3,29.4,29.2,29.1,29.6,29.6,28.2,29.6,28.4,29.2,29.1,29.3,28.8,27.5,28.7,28.9,29.6,28.9,29.6,28.7,26
2017-06-28,30.3,30.3,30,30.6,30,30.4,30.5,29.2,30.9,29.9,29.5,29.4,29.7,29.2,27.3,29,29.3,30.2,29.5,30,28.9,25.5
2017-06-29,27.2,27.2,26.9,27.3,26.4,26.9,27.4,26,27.7,26.7,25.9,25.7,26,25.7,24,25.4,25.4,26.6,26.1,26.6,25.5,22.3
2017-06-30,27,27,26.7,27.3,26.5,27,27.2,25.7,27.5,26.5,26.1,25.9,26.2,25.9,24.2,25.6,25.7,26.7,26.2,26.9,26.3,22.3
2017-07-01,25.7,25.6,25.4,26.3,25.2,25.7,25.8,24.6,26.1,24.9,25.2,24.8,25,25.1,23.9,24.6,24.4,25.5,25.6,26.4,26,22.2
2017-07-02,30.1,30.1,30.2,30.2,29.4,30,30.3,27.1,30.1,28.1,29.5,29.3,29.5,29.2,27.9,28.9,29,29.8,29.6,30.5,30.4,25.9
2017-07-03,29.5,29.5,29.8,30.7,29.8,30.5,30,27.6,30.3,28.5,30.2,30,30.2,29.9,28.7,29.7,29.8,30.4,30.2,30.8,30.1,27.2
2017-07-04,31.3,31.3,31.6,31.5,31,31.6,31.7,29,31.5,29.8,31.2,31,31.2,30.8,29.5,30.7,30.8,31.5,31.1,31.7,31,27.9
2017-07-05,29.8,29.7,30.2,30.3,29.6,30.4,30.2,28.7,30.2,28.7,30,29.7,29.9,29.8,28.8,29.5,29.3,30.1,30.2,30.8,30.2,27.5
2017-07-06,33.4,33.3,33.8,34.2,33.5,34.3,33.9,31.5,33.8,31.8,34.3,33.9,34,34,33.3,33.8,33.4,34.2,34.4,35.6,35.8,31.6
2017-07-07,32.9,32.9,33.5,34,33.1,34,33.5,31.2,33.5,31.4,33.9,33.5,33.6,33.6,32.7,33.4,32.9,33.8,34,35,34.5,31.2
2017-07-08,32,32,31.9,30.7,31.3,31.3,31.8,29.3,31.2,30.1,30.8,30.9,31.1,30.1,28.7,30.4,31.1,31.4,29.9,30.5,30,27.2
2017-07-09,31.3,31.3,31.1,31.6,30.7,31.1,31.4,29.1,31.5,30,30.5,30.3,30.5,30.4,29.4,30,30.1,30.9,30.7,31.3,31.1,27.5
2017-07-10,30.1,30,30.2,30.5,29.8,30.5,30.4,28.9,30.5,29.1,30,29.7,29.9,29.6,28.2,29.4,29.4,30.3,30,30.6,29.5,26.7
2017-07-11,31.1,31,31.3,30.9,30.6,31.2,31.4,29,31.2,29.6,30.9,30.7,30.8,30.6,29.5,30.4,30.3,31.1,30.8,31.8,31.3,27.8
2017-07-12,33.3,33.2,33.7,34,33.2,34,33.8,31.1,33.7,31.8,33.8,33.5,33.6,33.5,32.6,33.2,33,33.8,33.8,34.8,34.6,30.7
2017-07-13,30.6,30.6,31.2,32.4,31.5,32.2,31.3,28.7,31.6,29.6,31.9,31.9,32.1,31.3,29.7,31.5,31.9,32.2,31.6,31.8,30.4,28.9
2017-07-14,28.8,28.8,29.1,29.9,28.5,29.4,29.3,26.5,29.5,27.6,29,28.6,28.8,29,28.2,28.5,28,29.1,29.6,30.3,30,26.5
2017-07-15,31.7,31.7,31.9,32.3,31.7,32.4,32.1,30.2,32.2,30.7,32.2,31.9,32.1,32,31.1,31.7,31.6,32.3,32.2,33.4,33.3,29.3
2017-07-16,31.7,31.6,31.9,31.8,31,31.7,32,30,31.8,30.4,31.1,30.9,31,30.9,29.7,30.6,30.4,31.4,31.3,31.8,30.7,28.5
2017-07-17,31.2,31.2,31.4,31.5,30.7,31.4,31.6,30.2,31.6,30.2,30.8,30.6,30.8,30.5,29.1,30.3,30.2,31.2,30.9,31.3,30.1,27.7
2017-07-18,32.6,32.6,33,34.1,32.9,33.6,33.2,30.9,33.5,31.6,33.1,33,33.2,32.7,31.1,32.6,32.9,33.5,33.1,33.4,32.4,29.7
2017-07-19,32.3,32.3,32.7,33,32.3,33,32.8,31.2,32.8,31.2,32.6,32.4,32.6,32.3,30.9,32.1,32,32.9,32.6,33.3,32.4,29.4
2017-07-20,30,29.9,30.1,30.2,29.8,30.4,30.3,28.6,30.2,28.8,30,29.8,29.9,29.7,28.5,29.5,29.5,30.2,29.9,30.7,30,27
2017-07-21,29.2,29.2,28.9,28.9,28.5,28.8,29.3,29.3,29.5,29.1,27.8,27.8,28,27.6,26,27.4,27.7,28.5,27.8,27.8,26.4,24.8
2017-07-22,31,31,31.1,31.1,31,31.4,31.3,29.5,31.3,30,30.9,30.9,31.1,30.4,28.8,30.4,30.8,31.4,30.5,31,29.7,27.3
2017-07-23,29.1,29.1,29.3,29.5,29.1,29.7,29.5,28.5,29.7,28.6,29.3,29.1,29.2,29,27.7,28.8,28.8,29.6,29.2,29.7,28.8,26.3
2017-07-24,30.9,30.9,31.1,31.7,30.6,31.4,31.4,29.6,31.6,29.9,30.9,30.5,30.7,30.8,29.4,30.2,30,31.1,31.3,32.3,31.8,27.2
2017-07-25,28.5,28.5,28.6,29.5,28.6,29.3,28.9,26.5,29.2,27.4,29,28.7,28.9,28.6,27.5,28.4,28.4,29.2,28.9,29.9,29.5,25.7
2017-07-26,28.7,28.7,28.8,28.9,28.2,28.9,29,26.3,28.9,27.2,28.4,28.2,28.3,28.2,27.1,27.9,27.8,28.7,28.4,29.3,29,25.5
2017-07-27,30.8,30.8,31.2,31.5,31.3,31.8,31.3,28.9,31.4,29.8,31.7,31.7,31.7,31.2,30.2,31.3,31.5,31.9,31.3,32,31.3,28.9
2017-07-28,30.8,30.8,31.1,31.1,30.3,31.1,31.2,29.9,31.2,29.9,30.6,30.2,30.4,30.4,29.4,30.1,29.7,30.7,30.9,31.5,30.8,27.8
2017-07-29,32.4,32.3,32.6,32.5,32.4,32.9,32.7,30.5,32.5,31,32.6,32.6,32.7,32.1,30.8,32.2,32.5,32.9,32.3,33,32.3,29.4
2017-07-30,33.6,33.6,33.9,33.7,33,33.7,33.9,32.2,33.7,32.2,33.2,32.9,33.1,33,31.8,32.7,32.4,33.4,33.3,34,33.3,30.2
2017-07-31,32.3,32.3,32.8,33.3,32.5,33.4,32.9,31,32.9,31,33.4,33,33.1,33.1,32.3,32.9,32.4,33.3,33.4,34.4,34,30.9
2017-08-01,33.6,33.5,33.6,33.4,32.9,33.4,33.7,30.6,33.3,31.5,32.9,32.8,33,32.5,31.1,32.4,32.8,33.3,32.8,33.6,33.5,29.5
2017-08-02,34.2,34.2,34.5,35,34.2,35,34.7,32.6,34.8,33.1,34.8,34.4,34.6,34.5,33.5,34.3,33.9,34.9,34.9,35.7,34.9,32.1
2017-08-03,37.4,37.4,37.7,37.6,37.2,37.8,37.7,34.5,37.5,35.5,37.5,37.5,37.6,37,35.6,37,37.4,37.8,37.1,37.9,37.1,34
2017-08-04,36.1,36.1,36.4,36.9,36.5,37.1,36.6,34.6,36.7,35.1,36.9,36.7,36.9,36.5,35.3,36.4,36.5,37.1,36.7,37.5,36.8,34
2017-08-05,35.9,35.8,36.1,36.8,36,36.6,36.3,33.6,36.4,34.5,36,36,36.2,35.4,33.6,35.5,35.9,36.5,35.7,36,34.6,32.4
2017-08-06,32.7,32.7,32.8,33.3,32.7,33.2,33,30.6,33.1,31.4,32.8,32.7,32.8,32.4,31,32.3,32.5,33.1,32.7,33.4,32.6,29.4
2017-08-07,31.7,31.7,31.7,32,31.1,31.7,32,29.6,32,30.5,30.9,30.8,31,30.5,28.8,30.4,30.6,31.5,30.8,31.1,29.6,27.7
2017-08-08,28.8,28.8,28.9,28.4,28,28.6,29,26.8,28.9,27.6,28,27.8,27.9,27.9,26.7,27.6,27.3,28.3,28.2,28.8,28,25.4
2017-08-09,26.6,26.6,26.4,27,26.5,26.9,26.8,26,27.1,26.2,26.4,26.3,26.4,26.1,24.9,26,26.1,26.8,26.3,27.1,26.5,23.2
2017-08-10,27.9,27.9,27.6,28.2,27.5,27.9,28,25.8,28.2,26.8,27.2,27.1,27.3,26.9,25.5,26.7,26.9,27.7,27.2,27.8,27.2,23.7
2017-08-11,25.3,25.3,25.1,26.1,25.4,25.8,25.5,24.6,26,25,25.5,25.3,25.4,25.3,24.5,25.1,25,25.7,25.6,26.3,26,23
2017-08-12,27.4,27.4,27.6,28.1,27.1,27.9,27.8,26.5,28.1,26.8,27.3,27,27.2,27.1,25.7,26.7,26.6,27.6,27.5,27.9,26.8,24.3
2017-08-13,28.9,28.9,29.1,29.2,28.9,29.4,29.3,27.6,29.4,28.1,29,28.9,29,28.6,27.1,28.5,28.7,29.3,28.7,29.2,28.1,25.6
2017-08-14,31.2,31.2,31.5,32.5,31.5,32.2,31.7,29.4,31.9,30.1,31.7,31.6,31.8,31.2,29.6,31.2,31.5,32.1,31.6,31.9,30.7,28.3
2017-08-15,29.4,29.4,29.7,30.3,29.3,30.2,29.9,29,30.2,28.9,29.7,29.4,29.5,29.7,28.7,29.3,28.7,29.9,30.1,30.7,29.8,27.5
2017-08-16,32.6,32.5,32.8,32.3,31.4,32.2,32.8,29.7,32.3,30.4,31.5,31.2,31.4,31.3,30,31,30.8,31.8,31.7,32.2,31.4,28.5
2017-08-17,32.3,32.3,32.6,33.3,32.8,33.4,32.8,30.6,33,31.4,33.2,33.1,33.2,32.7,31.5,32.8,33,33.4,32.9,33.5,32.6,30.2
2017-08-18,34.6,34.6,34.9,35.6,34.7,35.3,35,31.6,35,32.8,34.7,34.7,34.9,34.1,32.2,34.2,34.7,35.3,34.4,34.7,33.2,30.9
2017-08-19,28.2,28.2,28.4,29,28.2,28.8,28.6,26.4,28.9,27.4,28.4,28.2,28.3,28.1,26.9,27.9,27.9,28.7,28.5,29,28.2,25.4
2017-08-20,28.3,28.3,28.4,28.6,28.1,28.7,28.6,26.4,28.7,27.3,28.3,28.1,28.2,28,27,27.8,27.7,28.5,28.2,28.7,27.7,25.7
2017-08-21,30.8,30.8,31.1,31.6,30.9,31.6,31.2,28.8,31.3,29.6,31.4,31.2,31.3,31.2,30.3,30.9,30.8,31.4,31.5,32.4,32.3,28.6
2017-08-22,31.5,31.5,32,33,32.1,32.8,32.1,29.4,32.4,30.3,32.6,32.5,32.6,32.2,30.9,32.2,32.4,32.8,32.5,32.9,32.1,29.9
2017-08-23,31.9,31.9,32.2,33,32.3,32.9,32.4,30.3,32.7,30.9,32.6,32.5,32.6,32.2,30.8,32.1,32.3,32.9,32.5,33.1,32.1,29.3
2017-08-24,33.5,33.5,33.8,34.4,33.5,34.1,34,31.2,34,32,33.6,33.5,33.7,33.1,31.5,33,33.4,34,33.5,33.9,32.9,30
2017-08-25,32.1,32.1,32.3,32.3,31.6,32.4,32.5,30.8,32.4,31,31.8,31.5,31.7,31.7,30.5,31.3,31,32.1,32,32.7,32,29
2017-08-26,31.9,31.9,32.3,32.3,31.4,32.3,32.4,30.3,32.2,30.6,31.8,31.4,31.6,31.5,30.4,31.2,30.9,31.9,32,32.6,31.8,29
2017-08-27,32.3,32.3,32.7,32.4,32,32.7,32.7,30.1,32.4,30.6,32.4,32.1,32.3,32,30.9,31.9,31.7,32.5,32.3,33.1,32.3,29.5
2017-08-28,36.4,36.4,36.8,36.7,36,36.7,36.8,33.7,36.4,34.2,36.3,36.1,36.2,35.8,34.4,35.7,35.8,36.6,36.2,36.9,36.1,32.6
2017-08-29,33.3,33.2,33,33.7,32.8,33.2,33.4,31.8,33.6,32.4,32.4,32.3,32.5,32.1,30.6,31.9,32.1,33,32.4,32.6,31.3,29.4
2017-08-30,29.9,29.8,29.6,30.1,29.2,29.7,29.9,28.1,30.1,28.8,28.8,28.6,28.8,28.6,27.1,28.3,28.3,29.4,28.9,29.3,28.2,25.9
2017-08-31,24.7,24.6,24.3,23.8,23.6,23.8,24.5,22.4,24.2,23.3,23.2,23.1,23.3,22.9,21.6,22.8,23,23.7,23.1,23.5,22.6,20.3
2017-09-01,26.2,26.2,26,26.4,26.1,26.4,26.3,24,26.4,25.1,26.1,26,26.1,25.9,25.1,25.7,25.8,26.4,26.1,27,26.9,23.4
2017-09-02,27.5,27.5,27.5,28.5,27.6,28.2,27.9,25.5,28.1,26.3,27.7,27.6,27.8,27.4,25.9,27.2,27.4,28.1,27.7,28.6,28.2,23.8
2017-09-03,28.2,28.2,28.3,28.7,27.7,28.3,28.5,26.7,28.6,27.1,27.5,27.4,27.6,27.1,25.2,26.9,27.2,28.1,27.5,27.7,26.4,23.7
2017-09-04,28.3,28.3,28.3,28.5,27.6,28.2,28.6,27.2,28.6,27.2,27.3,27.1,27.4,27,25.3,26.7,26.8,27.9,27.4,27.7,26.3,23.8
2017-09-05,30.9,30.9,31.1,32.2,31.2,31.8,31.4,29.2,31.7,29.9,31.2,31.2,31.4,30.8,29,30.7,31.1,31.7,31.1,31.5,30.3,27.6
2017-09-06,28.3,28.3,28.4,28.6,27.8,28.5,28.6,26.6,28.7,27.3,27.8,27.7,27.8,27.6,26.3,27.3,27.3,28.2,27.9,28.4,27.4,24.6
2017-09-07,26.2,26.1,26.2,27,26.2,26.8,26.5,23.7,26.7,25.1,26.5,26.3,26.4,26.4,25.5,26.1,25.9,26.7,26.7,27.6,27.5,23.9
2017-09-08,26,25.9,25.9,25.8,24.7,25.4,26.1,24.6,26.1,25.1,24.5,24.1,24.4,24.5,23,23.9,23.6,24.9,25,25.3,24.4,21.5
2017-09-09,26.8,26.7,26.4,25.9,25.2,25.5,26.6,25.1,26.4,25.7,24.3,24.3,24.5,24,22.3,23.8,24.2,25.1,24.3,24.2,22.7,21.4
2017-09-10,27.3,27.3,26.9,27,26.4,26.8,27.3,25.1,27.3,26.1,25.9,25.9,26.1,25.6,24.1,25.4,25.8,26.6,25.9,26.5,25.8,22.2
2017-09-11,28.5,28.5,28.7,30,28.3,29.2,29,27.2,29.4,27.5,28.4,28.2,28.4,28.3,26.7,27.8,27.8,28.9,29,29.3,28.2,24.8
2017-09-12,24.3,24.2,24.4,25,24.5,25,24.6,22.1,24.8,23.2,24.8,24.6,24.7,24.4,23.3,24.3,24.4,25,24.7,25.6,25.1,21.4
2017-09-13,29,28.9,29.1,29.8,28.8,29.4,29.3,26.4,29.4,27.6,28.8,28.7,28.9,28.4,26.9,28.3,28.5,29.2,28.7,29.1,28.1,25.7
2017-09-14,29.2,29.1,29.2,29.7,28.9,29.5,29.4,26.2,29.4,27.4,29,28.8,29,28.6,27.4,28.5,28.6,29.3,29,29.7,29.1,25.6
2017-09-15,15.1,15.1,14.9,15.3,14.9,15.2,15.2,15.1,15.6,15.3,14.7,14.6,14.7,14.6,13.9,14.4,14.4,15,14.8,15.2,14.6,12.9
2017-09-16,21.7,21.6,21.3,21.8,20.8,21.3,21.7,20.6,22,21.1,20.3,20.1,20.4,20.1,18.3,19.7,19.9,21,20.5,20.8,19.7,16.6
2017-09-17,24.2,24.2,24,24.5,23.9,24.2,24.3,22.3,24.5,23.2,23.5,23.4,23.7,23.2,21.6,23,23.4,24.1,23.5,24,23.3,19.7
2017-09-18,22.7,22.7,22.7,23.3,21.5,22.4,23,20.6,23.1,21.4,21.5,21,21.2,21.7,20.6,20.9,20.2,21.8,22.4,23.2,22.9,18.7
2017-09-19,23.7,23.7,23.5,24.5,23.5,24,23.9,22.3,24.3,23,23.4,23.2,23.4,23.2,22,22.9,23,23.8,23.6,24.1,23.6,20.2
2017-09-20,23.6,23.6,23.4,23.7,22.8,23.3,23.7,22.6,23.8,23.1,22.5,22.3,22.5,22.5,21.6,22.1,21.9,22.9,22.9,23.2,22.5,20.3
2017-09-21,26.5,26.5,26.6,27,25.8,26.5,26.8,24.7,26.9,25.4,25.7,25.5,25.7,25.5,24.1,25.2,25.1,26.1,26,26.3,25.5,22.6
2017-09-22,23.6,23.6,23.4,24.3,23.7,24,23.8,22.5,24.3,23.3,23.5,23.4,23.6,23.3,22.1,23.1,23.3,23.9,23.6,23.8,22.8,20.7
2017-09-23,25.2,25.2,25.3,25.6,25.1,25.6,25.6,23.6,25.7,24.5,25.1,25,25.2,24.7,23.2,24.6,24.9,25.5,25,25.5,24.5,21.7
2017-09-24,28.2,28.2,28.3,28,27.9,28.3,28.4,25.8,28.2,26.8,27.9,27.8,28,27.4,26,27.4,27.8,28.3,27.5,28,27.1,24.6
2017-09-25,26.1,26.1,25.8,25.5,25.5,25.7,26,24.4,25.9,25.1,25,25,25.2,24.7,23.4,24.7,25,25.6,24.8,25.2,24.2,22.2
2017-09-26,24.8,24.8,24.6,24.8,24.3,24.6,24.9,23.7,25.1,24.3,24,23.9,24,23.8,22.6,23.6,23.7,24.5,24,24.4,23.5,21.4
2017-09-27,25.4,25.3,25.3,24.9,24.4,24.9,25.4,23.1,25.3,24.2,24.1,23.9,24.1,23.9,22.5,23.6,23.6,24.6,24.2,24.6,23.6,21
2017-09-28,25.5,25.5,25.5,25.9,25.1,25.6,25.8,24.4,26,24.9,25,24.8,24.9,24.8,23.6,24.5,24.4,25.3,25.2,25.5,24.5,22.3
2017-09-29,26,26,26.1,26.3,26,26.4,26.3,24.3,26.3,25.1,26.1,26,26.1,25.8,24.7,25.7,25.9,26.4,26,26.5,26,23.3
2017-09-30,25,24.9,24.7,25.1,24.4,24.7,25,23.4,25.2,24.2,23.9,23.9,24.1,23.6,22.2,23.5,23.8,24.5,23.9,23.9,22.7,21.3
2017-10-01,20.4,20.3,20.1,20.3,19.9,20.2,20.4,18.6,20.5,19.6,19.8,19.7,19.8,19.7,19,19.5,19.4,20.1,19.8,20.3,19.6,18.1
2017-10-02,24.6,24.6,24.6,25,24.2,24.7,24.9,23.3,25.1,24,24.1,23.9,24.1,23.9,22.6,23.6,23.7,24.5,24.3,24.6,23.8,21.2
2017-10-03,26.7,26.6,26.4,26.6,26.1,26.4,26.7,25.3,26.8,25.9,25.8,25.6,25.8,25.6,24.5,25.4,25.4,26.2,25.9,26.3,25.7,22.8
2017-10-04,23.7,23.7,23.9,24.3,23.4,24.1,24.1,21.9,24.3,22.9,23.6,23.3,23.4,23.5,22.6,23.1,22.8,23.8,24,24.4,23.8,21.3
2017-10-05,28.3,28.2,28.4,29.1,28.3,28.8,28.6,26.2,28.7,27.1,28.4,28.3,28.5,28,26.8,28,28.2,28.7,28.2,28.6,27.8,25.4
2017-10-06,26.4,26.3,26.4,26.9,26,26.6,26.7,25,26.9,25.5,26.1,25.9,26,26,25,25.6,25.4,26.4,26.5,27.2,26.8,23.2
2017-10-07,23.3,23.3,23.3,23.7,23.1,23.5,23.5,22.6,23.7,22.8,23,22.9,23,22.8,21.7,22.6,22.7,23.3,23.1,23.4,22.6,20.3
2017-10-08,25.2,25.2,25.2,25.5,25.1,25.5,25.4,23.7,25.5,24.3,25.2,25.1,25.2,24.9,23.8,24.8,25,25.5,25.1,25.7,25.2,22.2
2017-10-09,24.2,24.2,24,24.5,23.6,24.1,24.4,23.2,24.6,23.7,23.5,23.2,23.4,23.5,22.7,23.1,22.8,23.8,23.9,24.3,23.7,21.3
2017-10-10,24.5,24.5,24.5,25.2,24.3,24.8,24.8,23.9,25.2,24.2,24.3,24,24.2,24.3,23.3,23.9,23.6,24.6,24.7,25.2,24.7,21.7
2017-10-11,26.3,26.3,26.4,26.9,26,26.6,26.6,24.1,26.7,25.1,25.9,25.8,26,25.7,24.2,25.5,25.6,26.4,26,26.4,25.5,22.9
2017-10-12,26.2,26.1,26.3,26.5,25.8,26.4,26.5,24.7,26.5,25.2,25.8,25.6,25.8,25.5,24.2,25.3,25.4,26.2,25.8,26.2,25.3,22.9
2017-10-13,26.7,26.7,26.9,26.4,25.9,26.5,27,24.9,26.8,25.5,25.9,25.7,25.9,25.7,24.6,25.5,25.3,26.2,26,26.5,25.7,23.2
2017-10-14,24.9,24.9,25,25.1,24.4,24.9,25.1,24.3,25.2,24.4,24.2,24.1,24.2,24,22.8,23.8,23.8,24.6,24.3,24.4,23.4,21.7
2017-10-15,25.3,25.3,25.1,25.6,25.3,25.5,25.4,24.2,25.6,24.8,25.1,25.1,25.2,24.9,23.7,24.8,25,25.5,25,25.4,24.8,22.6
2017-10-16,24.8,24.8,24.8,25.3,24.5,25,25.1,24.5,25.4,24.5,24.4,24.2,24.4,24.2,23.1,23.9,23.8,24.8,24.6,24.9,23.9,21.8
2017-10-17,25.2,25.2,25.1,25,24.3,24.8,25.3,24.4,25.3,24.5,24,23.8,24,23.9,22.6,23.5,23.4,24.4,24.2,24.7,24,21.1
2017-10-18,24,23.9,23.6,23.9,23.3,23.7,24,22.7,24.2,23.3,22.7,22.6,22.9,22.5,20.8,22.2,22.5,23.4,22.7,23,22.1,19.1
2017-10-19,16.4,16.4,16.2,16.3,16.4,16.5,16.5,16.1,16.7,16.4,15.9,16,16.1,15.6,14.2,15.6,16,16.5,15.6,15.7,14.5,13.4
2017-10-20,23.2,23.1,22.9,22.6,22.6,22.8,23.1,21.7,23.1,22.5,22.2,22.2,22.4,22,20.8,21.9,22.1,22.7,22,22.4,21.6,19.6
2017-10-21,25.4,25.4,25.2,25.2,24.9,25.1,25.4,23.9,25.4,24.5,24.6,24.5,24.6,24.4,23.3,24.2,24.4,25,24.6,25.2,25,21.6
2017-10-22,20.6,20.6,20.3,20.6,20,20.4,20.7,19.9,21,20.4,19.5,19.4,19.6,19.4,17.9,19.1,19.1,20.1,19.7,20.1,19.3,16.2
2017-10-23,22,22,21.8,22,21.4,21.7,22,20.4,22.1,21.1,21,20.9,21.1,20.7,19.3,20.5,20.9,21.5,21,21.3,20.7,17.6
2017-10-24,24.9,24.8,24.8,24.5,24.1,24.5,24.9,23.2,24.7,23.7,24,23.8,24,23.8,22.6,23.6,23.6,24.3,24,24.5,24,21.2
2017-10-25,24.8,24.8,24.9,24.6,24.2,24.6,24.9,23,24.8,23.7,24.2,24,24.1,24,23.2,23.8,23.7,24.4,24.3,24.7,24.1,22.1
2017-10-26,25.3,25.2,25.3,24.6,24.3,24.7,25.3,23.4,25,24.1,24.1,23.9,24.1,23.9,23.1,23.7,23.7,24.4,24.1,24.2,23.3,22.2
2017-10-27,25.3,25.3,25.1,25.3,24.7,24.9,25.3,23.9,25.4,24.5,24.3,24.3,24.4,24.3,23.3,24,24.1,24.7,24.5,24.8,24.4,22.1
2017-10-28,22.8,22.8,22.6,22.8,22.4,22.7,22.9,21.6,23,22.3,22.1,22,22.2,22,20.9,21.7,21.8,22.5,22.2,22.6,22,19.5
2017-10-29,22.4,22.4,22.2,22.2,22.9,22.8,22.5,21.7,22.7,22.3,22.4,22.7,22.8,21.8,20,22.1,23,23,21.6,21.8,20.6,18.5
2017-10-30,20.9,20.9,20.7,20.6,20.2,20.4,20.9,20.1,21,20.5,19.5,19.5,19.7,19.2,17.7,19.1,19.5,20.2,19.4,19.4,18.3,16.5
2017-10-31,19.6,19.5,19.3,19.1,19,19.1,19.5,18.4,19.4,18.9,18.7,18.6,18.7,18.6,17.8,18.4,18.5,19,18.6,19.2,19.1,16.5
2017-11-01,20.2,20.1,19.9,20,19.8,20,20.2,19.5,20.3,19.8,19.4,19.4,19.5,19.2,18.2,19.1,19.2,19.8,19.4,19.7,19.1,17
2017-11-02,21.5,21.5,21.2,21.5,21,21.3,21.5,20.2,21.7,20.9,20.4,20.4,20.6,20.2,18.6,20,20.4,21.1,20.4,20.5,19.2,17.4
2017-11-03,22,21.9,21.7,21.8,21.4,21.7,22,20.7,22.1,21.3,21,20.9,21.1,20.8,19.5,20.6,20.9,21.5,20.9,21.2,20.5,18.2
2017-11-04,23.7,23.6,23.2,22.4,22.1,22.3,23.4,21.1,23,22.1,21.2,21.2,21.4,20.9,19.1,20.7,21.1,22,21.1,21.5,20.6,17.4
2017-11-05,19.6,19.5,19.2,19.2,19,19.3,19.6,18.5,19.7,19,18.5,18.4,18.6,18.3,16.8,18.1,18.3,19.1,18.4,19,18.4,15.1
2017-11-06,16.6,16.5,16.1,15.9,15.8,16.1,16.6,15.4,16.7,15.9,15.2,15.1,15.4,14.8,12.9,14.6,15,16,14.9,15.8,15,10.8
2017-11-07,14.9,14.8,14.6,14.8,14.4,14.7,15,14.5,15.3,14.9,14,13.9,14,13.8,12.3,13.5,13.7,14.5,14.1,14.4,13.6,11
2017-11-08,13.2,13.2,12.9,13.1,13.1,13.2,13.3,12.7,13.7,13.3,12.5,12.6,12.8,12.1,10.4,12.1,12.8,13.2,12.2,12.1,10.5,9.3
2017-11-09,15.9,15.8,15.4,14.9,14.5,14.9,15.7,13.7,15.6,14.8,13.9,13.7,14,13.8,12.4,13.4,13.5,14.5,14,14.6,14,10.6
2017-11-10,15.4,15.4,15.2,15.7,15.3,15.6,15.6,15.3,16,15.4,15,14.9,15.1,14.7,13.3,14.5,14.7,15.5,15,15.3,14.3,12
2017-11-11,16.8,16.8,16.4,16.1,16.9,16.6,16.6,15.3,16.6,16.2,16.2,16.5,16.6,15.6,14.2,15.9,17,16.9,15.4,15.5,14.3,13.1
2017-11-12,18.8,18.8,18.5,18.3,17.7,18,18.8,17.2,18.8,18,16.9,16.9,17.1,16.8,15.1,16.5,16.7,17.7,17.2,17.1,15.6,13.8
2017-11-13,16.9,16.8,16.5,16.1,16,16.2,16.8,14.7,16.7,15.8,15.4,15.4,15.6,15.1,13.7,15,15.4,16.1,15.2,15.8,15.3,11.8
2017-11-14,16.2,16.2,16,15.9,15.7,15.9,16.2,15.4,16.3,15.7,15.1,15.2,15.4,14.8,13.3,14.8,15.3,15.8,14.9,15.1,14.2,12.1
2017-11-15,16.9,16.9,16.6,16,16.1,16.2,16.8,16.2,16.6,16.3,15.6,15.6,15.7,15.3,14.1,15.3,15.6,16.1,15.3,15.5,14.6,13.3
2017-11-16,16.8,16.8,16.8,16.8,16.4,16.8,17,15.9,17.1,16.3,16.3,16.2,16.3,16.1,14.8,15.9,15.9,16.6,16.3,16.7,16.1,13.7
2017-11-17,20.1,20.1,19.9,19.9,19.9,20.1,20.2,19.6,20.3,19.7,19.4,19.5,19.7,18.9,17.4,19,19.6,20,19,19,17.4,16.3
2017-11-18,18.8,18.7,18.5,18.4,18.1,18.4,18.8,17.2,18.8,18.1,17.6,17.6,17.8,17.4,15.9,17.2,17.5,18.2,17.5,17.8,16.7,14.6
2017-11-19,17.5,17.5,17.3,17.7,17.8,17.8,17.7,17.1,17.9,17.4,17.4,17.6,17.7,16.9,15.3,17.1,17.8,18,16.9,17,15.7,14.3
2017-11-20,19.6,19.5,19.2,18.3,18.2,18.4,19.3,18,19,18.5,17.5,17.5,17.7,17.3,16.2,17.2,17.4,18.1,17.4,17.5,16.4,15.4
2017-11-21,21.9,21.8,21.6,21.1,20.5,20.8,21.7,20.1,21.5,20.7,19.8,19.7,19.9,19.7,18.6,19.5,19.5,20.4,20,20.1,19,17.7
2017-11-22,18.5,18.5,18.3,18.6,18.1,18.4,18.6,17.4,18.7,18.1,17.8,17.8,17.9,17.7,16.8,17.6,17.7,18.2,17.9,17.9,17.1,16.3
2017-11-23,19.4,19.3,19.2,19.4,19,19.3,19.4,19.1,19.6,19.1,18.7,18.6,18.8,18.5,17.6,18.4,18.5,19.1,18.6,18.8,17.9,16.8
2017-11-24,22,22,21.8,21.8,21.5,21.7,22,21.1,22,21.2,21,21,21.2,20.8,19.3,20.6,21,21.6,20.9,21.3,20.6,17.8
2017-11-25,18.1,18,17.7,16.9,16.9,17.1,17.9,16.5,17.6,17.1,16.4,16.3,16.4,16.1,15,16,16.1,16.9,16.2,16.6,15.9,14.1
2017-11-26,15.1,15.1,14.8,15,14.4,14.7,15.2,14.2,15.3,14.6,13.8,13.7,13.9,13.7,12,13.3,13.5,14.5,14,14.4,13.5,10.4
2017-11-27,13.7,13.6,13.4,13.2,13.1,13.3,13.6,12.7,13.7,13.2,12.6,12.6,12.7,12.4,11.2,12.3,12.5,13.1,12.5,12.8,12.1,10.2
2017-11-28,14,14,13.8,13.8,14.1,14.1,14.1,13.6,14.3,14,13.7,13.8,13.9,13.3,11.9,13.4,13.9,14.2,13.2,13.5,12.7,10.7
2017-11-29,13.7,13.7,13.2,11.9,12,12.1,13.4,11.3,12.9,12.4,10.7,10.9,11.2,10.1,7.8,10.2,11.2,11.8,10.2,9.7,7.5,7.1
2017-11-30,12.7,12.7,12.4,12.6,12.4,12.6,12.8,11.8,13,12.3,11.8,11.8,12,11.4,9.5,11.3,11.8,12.5,11.5,12,11.1,7.8
2017-12-01,8,8,7.7,7.5,7.9,7.9,8,6.6,8.1,7.5,7.4,7.5,7.7,6.8,5.1,7,7.8,8,6.7,6.9,5.4,3.9
2017-12-02,9.5,9.5,9.2,9.7,9.3,9.6,9.6,8.8,9.9,9.1,8.9,8.9,9.1,8.6,7.1,8.5,8.8,9.5,8.8,9.3,8.6,5.4
2017-12-03,11.5,11.5,11.2,11.1,11.2,11.4,11.6,10.5,11.7,11,10.7,10.7,10.9,10.3,8.6,10.2,10.6,11.3,10.3,10.9,9.9,7.1
2017-12-04,13,13,12.8,13.2,13,13.2,13.2,12.5,13.5,13,12.6,12.7,12.8,12.3,10.8,12.3,12.8,13.2,12.4,12.5,11.5,9.7
2017-12-05,12.4,12.3,12.2,12,12.7,12.5,12.4,12.1,12.5,12.4,12.1,12.4,12.5,11.5,9.9,11.9,12.9,12.7,11.3,11.3,9.9,9.2
2017-12-06,14.2,14.2,14,14,13.5,13.7,14.2,13.4,14.3,13.8,12.8,12.8,13,12.7,11.3,12.5,12.8,13.4,12.9,12.8,11.6,10.5
2017-12-07,14.1,14.1,13.8,13.4,13.6,13.6,14.1,13.8,14.1,14,12.6,12.8,13,12.2,10.3,12.3,13,13.5,12.2,11.7,9.2,10.1
2017-12-08,11.4,11.4,11.2,10.8,11.5,11.4,11.4,10.7,11.5,11.3,10.9,11.2,11.3,10.5,9.1,10.7,11.4,11.5,10.3,10.3,9,8.3
2017-12-09,11.7,11.7,11.5,11.9,11.3,11.6,11.8,10.8,12,11.3,10.9,10.9,11.1,10.8,9.4,10.6,10.9,11.4,11.1,11.2,10.2,8.3
2017-12-10,15.8,15.8,15.5,15.5,15,15.3,15.8,14.6,15.9,15.3,14.3,14.3,14.5,14.1,12.5,13.9,14.2,15,14.4,14.4,13.2,11.4
2017-12-11,15.9,15.9,15.6,15.1,14.9,15.1,15.8,14.1,15.7,14.9,14.1,14.1,14.4,13.8,12.2,13.7,14.1,14.9,13.9,14.2,13,11
2017-12-12,11,11,10.7,11.2,10.7,11,11.1,10,11.5,10.7,10.2,10.2,10.4,9.9,8.2,9.7,10.1,10.8,10.1,10.4,9.3,6.8
2017-12-13,12,12,11.4,11.5,10.7,10.8,11.7,11.1,11.9,11.8,9.7,9.7,9.9,9.8,8.6,9.4,9.6,10.4,10.2,9.8,9.2,7.8
2017-12-14,14.4,14.4,14.1,14.2,13.8,14.1,14.4,13.4,14.6,14,13.4,13.3,13.5,13.2,11.9,13,13.2,13.9,13.5,13.8,13.1,10.6
2017-12-15,15.5,15.5,15.2,14.9,14.3,14.6,15.4,13.5,15.4,14.6,13.7,13.5,13.7,13.5,12.1,13.2,13.3,14.3,13.8,14.2,13.7,10.5
2017-12-16,13.5,13.5,13.1,13.1,13.1,13.3,13.5,12.7,13.6,13,12.6,12.6,12.8,12.2,10.6,12.1,12.5,13.3,12.2,13.1,12.7,8.7
2017-12-17,12.6,12.6,12.3,12.4,12.5,12.6,12.7,11.9,12.9,12.2,11.9,12,12.2,11.5,9.6,11.5,12.1,12.6,11.5,12,11,7.8
2017-12-18,8.4,8.4,8.1,7.9,8,8,8.3,7.6,8.4,8.3,7.4,7.5,7.6,7.1,6,7.2,7.7,7.9,7.2,7,6,5.5
2017-12-19,12.4,12.4,12.1,12,11.7,11.9,12.4,10.7,12.4,11.8,11.2,11.1,11.3,11,9.7,10.8,11,11.7,11.2,11.4,10.8,8.4
2017-12-20,12.3,12.3,12,11.4,11.9,11.8,12.2,10.9,12.1,11.7,11,11.3,11.5,10.5,8.7,10.7,11.6,11.8,10.4,10.2,8.5,8.2
2017-12-21,14.3,14.2,14,14,13.9,14.1,14.3,13.9,14.4,14.1,13.4,13.5,13.6,13.2,11.8,13.1,13.5,14,13.3,13.4,12.4,11.1
2017-12-22,14.7,14.7,14.5,14.5,15.5,15.3,14.8,14.7,15.1,15,14.9,15.3,15.4,14.3,12.5,14.7,15.8,15.6,14,13.9,12.2,11.7
2017-12-23,13.7,13.6,13.5,13.4,14,13.8,13.7,13.4,13.9,13.7,13.3,13.7,13.9,12.7,10.7,13.1,14.2,14.1,12.6,12.2,10.3,10.2
2017-12-24,14.3,14.3,14.1,13.9,14.4,14.2,14.3,14.3,14.4,14.4,13.6,13.9,14.1,13.1,11.5,13.4,14.3,14.3,13.1,12.4,10.1,11.6
2017-12-25,12.1,12.1,11.9,11.7,12.7,12.5,12.3,13.4,12.7,13,11.9,12.3,12.5,11.3,9.5,11.7,12.7,12.7,11.1,10.5,7.8,9.4
2017-12-26,13.6,13.6,13.3,13.4,13.3,13.4,13.6,12.8,13.9,13.3,12.4,12.6,12.9,11.9,9.7,12,12.8,13.3,12,11.9,10.1,8.3
2017-12-27,12.8,12.7,12.4,12.1,11.9,12.2,12.7,11.4,12.7,12.1,11.3,11.2,11.4,11.1,9.6,10.8,11,12,11.2,11.7,10.9,7.7
2017-12-28,13.1,13.1,12.8,13,12.2,12.6,13.1,11.8,13.2,12.3,11.5,11.5,11.7,11.2,9.3,11,11.4,12.3,11.5,11.7,10.5,7.8
2017-12-29,13.3,13.3,13.1,12.9,12.7,12.8,13.3,12.4,13.4,13,12.1,12.2,12.3,11.9,10.6,11.8,12.2,12.7,12,12,11.1,9.9
2017-12-30,19.3,19.3,18.9,18.7,19.2,19,19.1,18.1,19.2,18.9,18.6,18.8,18.9,18.2,16.8,18.3,19.2,19.2,18,18.3,17.7,15.4
2017-12-31,17.2,17.2,16.7,17,16.8,16.7,17,16.6,17.3,17.2,16,16.2,16.3,15.9,14.7,15.9,16.3,16.7,15.9,15.6,14.3,14.1
2018-01-01,14.3,14.3,14,14.1,13.6,13.9,14.4,13.5,14.6,14,13.1,13,13.2,12.9,11.4,12.6,12.8,13.7,13.1,13.5,12.8,9.8
2018-01-02,16.8,16.7,16.5,16.5,16.2,16.4,16.8,16.1,16.9,16.5,15.7,15.7,15.9,15.5,14,15.3,15.6,16.2,15.7,15.9,15.1,12.7
2018-01-03,21.2,21.1,20.8,20.4,20.2,20.4,21.1,19.5,21,20.3,19.5,19.5,19.7,19.3,17.7,19.1,19.4,20.2,19.4,19.7,18.8,16.1
2018-01-04,21.4,21.4,21.1,21.2,20.8,21,21.4,20.3,21.6,20.9,20.2,20.2,20.4,19.9,18.3,19.7,20.1,20.9,20.2,20.5,19.6,16.6
2018-01-05,17.8,17.8,17.6,17.8,17.4,17.7,17.9,17.3,18.2,17.6,16.9,16.9,17.1,16.7,15.2,16.5,16.8,17.5,17,17.3,16.6,13.6
2018-01-06,16.4,16.3,15.9,14.7,14.9,15,16.1,14.1,15.6,15,13.9,14,14.2,13.5,11.8,13.5,14,14.8,13.5,13.6,12.1,10.6
2018-01-07,14.1,14.1,13.7,13.6,13.2,13.5,14,12.5,14,13.3,12.6,12.5,12.7,12.3,10.9,12.1,12.4,13.2,12.4,12.7,11.7,9.6
2018-01-08,12.8,12.8,12.5,12.5,12.7,12.7,12.9,11.9,13,12.5,12,12.2,12.4,11.3,9.2,11.6,12.6,12.8,11.3,11.3,9.7,8.1
2018-01-09,13.1,13.1,12.6,12.7,12.3,12.4,13,12.1,13.2,12.8,11.6,11.5,11.7,11.5,10.3,11.2,11.4,12.2,11.7,12,11.3,8.9
2018-01-10,13.1,13,12.8,12.9,12.8,13,13.1,12.7,13.4,12.9,12.3,12.3,12.5,12,10.4,11.9,12.3,12.9,12.1,12.5,11.6,8.9
2018-01-11,13.3,13.2,12.9,12.9,13.1,13.2,13.3,11.8,13.4,12.6,12.6,12.7,12.9,12,10.3,12.1,12.9,13.3,12,12.5,11.6,8.5
2018-01-12,12.5,12.5,12.2,12.4,12.1,12.4,12.6,11.8,12.8,12.2,11.5,11.5,11.8,11.2,9.4,11.1,11.5,12.2,11.4,11.6,10.3,8.1
2018-01-13,10.5,10.5,10.1,10.1,10.7,10.5,10.5,11.1,10.8,11.2,10,10.2,10.3,9.6,8.4,9.8,10.5,10.6,9.4,9.3,7.9,7.8
2018-01-14,11.2,11.2,10.9,11,11,11.1,11.2,10,11.3,10.7,10.3,10.5,10.7,9.8,8,9.9,10.7,11.1,9.8,10,8.8,6.6
2018-01-15,10.7,10.7,10.2,10.2,10.5,10.3,10.5,10.1,10.7,10.8,9.7,9.9,10,9.5,8.2,9.5,10.1,10.3,9.4,9.3,8.4,7.3
2018-01-16,16.5,16.5,16.2,16.1,15.7,16,16.5,15.3,16.6,16,15.1,15,15.2,14.9,13.2,14.6,14.9,15.7,15.1,15.3,14.2,11.8
2018-01-17,17.5,17.5,17.2,17,16.6,16.9,17.4,15.9,17.4,16.6,16.1,16,16.2,15.9,14.6,15.7,16,16.6,16.1,16.5,15.9,13.3
2018-01-18,13.9,13.9,13.7,14,13.5,13.8,14,13.6,14.2,13.8,13,13,13.2,12.9,11.5,12.7,12.9,13.5,13.2,13.1,12.1,10.3
2018-01-19,13.4,13.4,13.2,13.3,13.3,13.4,13.5,12,13.6,12.9,13.1,13.1,13.2,12.9,12.1,12.8,13,13.4,13,13.5,13,11.3
2018-01-20,15.4,15.4,15.2,15.4,15,15.3,15.5,14.7,15.7,15.2,14.6,14.6,14.8,14.4,13.1,14.2,14.5,15.1,14.6,14.8,14.2,11.7
2018-01-21,20.5,20.4,20.1,19.9,19.5,19.8,20.5,19.6,20.6,20.1,18.8,18.7,18.9,18.6,17.2,18.3,18.4,19.5,18.9,19.1,17.8,15.8
2018-01-22,19,18.9,18.7,18.7,18.5,18.7,19,18,19.1,18.6,18,18.1,18.2,17.7,15.9,17.6,18.2,18.6,17.8,17.9,17,14.5
2018-01-23,17.9,17.9,17.7,17.7,17.7,17.8,17.9,17.2,18,17.5,17.2,17.3,17.5,16.8,15.2,16.9,17.5,17.8,16.9,17,15.9,14.1
2018-01-24,18,17.9,17.8,18.2,17.5,17.8,18,16.9,18.1,17.3,17.3,17.2,17.4,17.1,16.2,17,17.2,17.7,17.4,17.5,16.9,15.3
2018-01-25,13.3,13.3,13.1,12.8,12.7,12.8,13.3,11.8,13.3,12.7,12.2,12.2,12.3,12,10.8,11.9,12.1,12.7,12,12.1,11.1,10.3
2018-01-26,11.5,11.5,11.2,10.9,10.7,10.9,11.5,10.6,11.5,11.1,10.1,10.1,10.3,9.8,8.3,9.7,10,10.7,9.9,10.1,9,7.2
2018-01-27,14.2,14.2,13.8,12.9,12.8,13,14,11.5,13.6,12.8,11.9,12,12.2,11.6,9.9,11.5,12,12.7,11.7,11.9,10.7,8.7
2018-01-28,18.2,18.1,17.8,17,16.8,17.1,17.9,14.6,17.5,16.3,16.4,16.2,16.4,16.2,15.3,16,16,16.8,16.4,17,16.7,14
2018-01-29,16.9,16.8,16.6,16.6,16.1,16.3,16.8,15.6,16.8,16.1,15.6,15.5,15.7,15.5,14.4,15.3,15.4,16.1,15.8,16,15.4,13.2
2018-01-30,17,17,16.8,16.7,16.3,16.5,16.9,15.7,16.8,16.1,15.9,15.8,16,15.8,14.8,15.6,15.7,16.3,16,16.3,15.9,13.7
2018-01-31,16.6,16.6,16.3,16.4,15.8,16.1,16.6,15.2,16.6,15.7,15.4,15.3,15.5,15.2,14,15,15.1,15.9,15.4,15.6,14.7,13
2018-02-01,9.8,9.8,9.3,8.8,8.8,8.7,9.6,8.9,9.6,9.6,7.6,7.8,8,7.4,6.1,7.5,7.9,8.5,7.5,6.9,5.1,6.1
2018-02-02,10.5,10.5,10.2,10.4,10.3,10.5,10.6,9.2,10.8,9.9,9.8,9.9,10.1,9.3,7.4,9.3,9.9,10.5,9.4,9.9,8.8,5.6
2018-02-03,11.4,11.3,11.1,11.2,10.9,11.2,11.4,10.2,11.6,10.8,10.5,10.4,10.6,10.2,8.8,10.1,10.3,11.1,10.3,10.9,10,7.2
2018-02-04,7.7,7.7,7.4,7.4,7.2,7.4,7.8,6.8,7.9,7.5,6.5,6.6,6.8,6.2,4.5,6.1,6.6,7.2,6.3,6.2,4.8,3.6
2018-02-05,8.6,8.6,8.1,7.9,8.2,8.1,8.4,8,8.5,8.5,7.3,7.5,7.7,6.9,5.5,7.1,7.8,8.1,6.8,6.8,5.4,4.9
2018-02-06,12,12,11.7,11.5,11.9,11.8,12,10,11.8,11,11.3,11.5,11.7,10.8,9,10.9,11.8,11.9,10.7,11.1,10.2,7.6
2018-02-07,10.5,10.5,10.2,10.4,10,10.3,10.6,9.6,10.8,10.1,9.5,9.4,9.6,9.1,7.4,9,9.3,10.1,9.3,9.8,9.1,5.5
2018-02-08,7.7,7.7,7.4,7.6,6.5,7.1,7.8,6.4,8,7.1,6.3,5.9,6.1,6.4,5.3,5.7,5.3,6.6,6.9,7.6,7.3,3.4
2018-02-09,10.6,10.5,10.2,10.1,9.6,9.9,10.5,9.2,10.5,9.8,9,8.9,9.2,8.8,7.1,8.5,8.8,9.7,9,9.2,8.4,5.6
2018-02-10,13.1,13.1,12.7,12.3,12,12.3,13,11,12.9,12,11.4,11.3,11.5,11.1,9.5,10.9,11.2,12.1,11.2,11.8,11.2,7.7
2018-02-11,14.9,14.8,14.6,14.5,14,14.3,14.8,13.6,14.9,14.2,13.4,13.3,13.5,13.2,11.7,13,13.2,14,13.5,13.8,12.9,10.3
2018-02-12,9.9,9.9,9.7,10.2,9.7,10,10.1,9.6,10.4,9.9,9.2,9.2,9.4,9,7.7,8.8,9.1,9.8,9.2,9.2,7.7,6.7
2018-02-13,9.3,9.3,9,9,8.4,8.7,9.3,7.7,9.5,8.8,7.6,7.6,7.8,7.4,5.5,7.1,7.4,8.4,7.7,7.6,6,4.1
2018-02-14,10.8,10.7,10.6,10.5,10.8,10.8,10.8,9.6,10.8,10.4,10.5,10.5,10.6,10.1,9.2,10.2,10.6,10.9,10.1,10.5,10,8
2018-02-15,19.4,19.3,19.3,19.3,18.7,19.1,19.5,17.1,19.3,17.9,18.5,18.5,18.6,18.2,16.9,18.1,18.4,19,18.5,18.9,18.2,15.5
2018-02-16,18.1,18,17.8,17.8,17.8,17.8,18,16.9,18,17.2,17.3,17.5,17.6,16.9,15.6,17,17.6,17.9,16.9,17.1,16.3,14.6
2018-02-17,14.1,14.1,13.9,14.2,13.8,14.1,14.2,13.7,14.5,14,13.8,13.6,13.7,13.7,13,13.5,13.4,14,13.9,14.4,13.9,12.3
2018-02-18,15.2,15.2,14.9,15,14.6,14.9,15.2,14.4,15.3,14.7,14.2,14.1,14.3,14,12.5,13.7,14,14.7,14.2,14.7,14.2,10.7
2018-02-19,13.2,13.2,13,13.5,12.7,13.2,13.3,11.2,13.5,12.4,12.7,12.4,12.6,12.7,12.1,12.3,12,12.9,13,13.8,13.8,10.5
2018-02-20,17.2,17.2,17.2,17.2,16.7,17.3,17.4,14.9,17.3,15.6,16.7,16.6,16.8,16.3,15,16.2,16.3,17.1,16.5,17.4,16.9,12.9
2018-02-21,15.6,15.5,15.1,14.7,14.2,14.6,15.5,13.3,15.3,14.4,13.5,13.4,13.7,13.2,11.5,13,13.2,14.3,13.5,14,13.2,9.6
2018-02-22,10.5,10.5,10.2,10.5,10,10.3,10.6,9.5,10.7,9.9,9.7,9.5,9.7,9.5,8.5,9.3,9.3,10.1,9.7,10.3,9.8,6.9
2018-02-23,11.7,11.7,11.5,11.9,11.3,11.6,11.8,10.2,11.9,10.9,11,10.9,11.1,10.8,9.5,10.6,10.9,11.5,11,11.4,10.8,7.9
2018-02-24,13.4,13.4,13.2,13.4,12.9,13.2,13.4,11.9,13.5,12.6,12.5,12.5,12.7,12.2,11,12.1,12.5,13,12.4,12.6,11.8,9.8
2018-02-25,16.3,16.3,16.1,16.4,15.8,16.1,16.4,15.1,16.5,15.6,15.6,15.4,15.6,15.5,14.5,15.2,15.2,15.9,15.7,16.3,16.1,12.9
2018-02-26,9.9,9.9,9.8,9.8,9.5,9.9,10.1,8.8,10.3,9.4,9.4,9.2,9.3,9.3,8.2,9,8.8,9.7,9.5,10.2,9.5,7
2018-02-27,3.8,3.8,3.8,4.1,3.8,4.2,4.1,2.5,4.2,3.3,3.9,3.8,3.9,3.6,2.7,3.6,3.5,4.2,3.7,4.4,3.7,1.6
2018-02-28,5.3,5.3,4.9,4.8,5.8,5.3,5.2,6.4,5.4,6,4.9,5.4,5.5,4.3,3.2,5,6.1,5.6,4,3.3,1.3,4.1
2018-03-01,15.6,15.6,15.2,13.8,13.8,14,15.3,13.2,14.8,14.3,12.8,12.8,13,12.5,11.1,12.4,12.6,13.6,12.6,12.6,11.2,10.4
2018-03-02,15,14.9,14.7,15.1,14.2,14.7,15.1,13.7,15.3,14.4,13.8,13.6,13.8,13.7,12.1,13.3,13.3,14.3,14,14.5,13.8,10.6
2018-03-03,18,18,17.6,17.8,17.2,17.6,18,16.8,18.2,17.4,16.8,16.6,16.8,16.6,15.2,16.3,16.4,17.4,16.8,17.3,16.6,13.5
2018-03-04,18.5,18.4,18.1,18.1,17.7,18,18.4,16.5,18.4,17.4,17.1,17.1,17.3,16.7,15.2,16.6,17,17.8,16.9,17.1,16.1,13.7
2018-03-05,14.6,14.6,14.3,14.4,13.7,14,14.6,13.5,14.8,14.2,13,13,13.2,12.8,11.1,12.5,12.9,13.8,13.1,13.1,11.9,9.4
2018-03-06,16.6,16.6,16.3,16.4,16.1,16.4,16.7,15.7,16.9,16.2,15.6,15.6,15.8,15.3,13.7,15.1,15.4,16.3,15.5,16.1,15.5,11.8
2018-03-07,16,15.9,15.6,15.6,15.3,15.6,16,15.1,16.1,15.5,14.9,14.8,15,14.6,13.1,14.4,14.6,15.4,14.7,15.3,14.7,11.5
2018-03-08,15.4,15.3,15.2,15.5,15.1,15.3,15.4,14.6,15.6,14.9,14.7,14.7,14.8,14.4,13.2,14.3,14.6,15.2,14.6,14.8,13.9,11.9
2018-03-09,19.9,19.9,20,19.6,19.6,19.9,20.1,17.7,19.8,18.4,19.6,19.6,19.7,19.1,17.9,19.2,19.6,19.9,19.2,19.9,19.3,16.5
2018-03-10,22.5,22.5,22.2,22.8,21.9,22.4,22.5,20.4,22.6,21.2,21.6,21.5,21.7,21.3,20,21.1,21.3,22.2,21.6,22.1,21.3,18.6
2018-03-11,18.5,18.5,18.2,18.5,17.9,18.3,18.6,17.2,18.8,17.9,17.4,17.3,17.5,17.1,15.4,16.9,17.1,18.1,17.4,17.9,17,13.5
2018-03-12,18.5,18.5,18.1,18.2,17.9,18.2,18.5,17.3,18.7,17.9,17.4,17.3,17.5,17,15.5,16.9,17.1,18,17.2,17.8,16.9,13.8
2018-03-13,16.5,16.5,16.1,16,15.5,15.8,16.4,15.2,16.4,15.7,14.8,14.8,15,14.6,12.9,14.4,14.6,15.6,14.8,14.9,13.5,11.5
2018-03-14,17.6,17.5,17.3,17.8,17.2,17.5,17.6,15.9,17.8,16.7,16.9,16.9,17,16.7,15.3,16.5,16.8,17.4,16.9,17.2,16.4,14
2018-03-15,18.6,18.6,18.3,18.4,17.8,18.2,18.7,17.8,18.9,18.2,17.3,17.1,17.3,17.1,15.4,16.7,16.8,17.9,17.3,17.9,17,13.5
2018-03-16,17.8,17.8,17.5,18.2,17.3,17.8,18,16.9,18.3,17.4,17,16.8,17,16.8,15.2,16.4,16.5,17.5,17.1,17.7,17,13.4
2018-03-17,14.5,14.5,14.2,14.6,13.9,14.3,14.6,13.3,14.9,14.1,13.4,13.3,13.5,13.1,11.4,12.8,13.1,14.1,13.4,13.8,12.7,9.7
2018-03-18,15.8,15.8,15.5,15.9,15.3,15.6,15.9,14.2,16.1,14.9,14.9,14.8,15,14.6,13.1,14.4,14.6,15.5,14.9,15.5,14.9,11.2
2018-03-19,15.1,15.1,14.8,15.2,14.4,14.8,15.2,14,15.5,14.6,13.9,13.7,14,13.7,12.1,13.4,13.5,14.5,14.1,14.6,13.7,10.3
2018-03-20,14.6,14.6,14.2,14.3,13.7,14.1,14.6,12,14.5,13.1,13.2,13.1,13.3,12.9,11.4,12.7,12.9,13.9,13.2,13.8,12.9,9.6
2018-03-21,14.3,14.3,13.9,14.7,13.5,14.1,14.5,13.2,14.9,13.6,13.2,12.8,13.1,13,11.4,12.5,12.4,13.8,13.5,14.4,13.9,9.1
2018-03-22,15.9,15.9,15.6,15.7,15.3,15.7,16,15,16.2,15.5,14.9,14.8,15,14.7,13.3,14.4,14.6,15.5,14.8,15.4,14.8,11.5
2018-03-23,17.9,17.8,17.7,18.8,17.8,18.3,18.1,16.7,18.6,17.5,17.9,17.7,17.8,17.9,17.1,17.5,17.4,18.1,18.2,18.9,18.9,15.4
2018-03-24,8.5,8.5,8.4,8.5,8.5,8.7,8.7,9.6,8.9,9.1,8.5,8.3,8.4,8.3,8,8.2,8.2,8.6,8.3,8.9,9,6.8
2018-03-25,12.6,12.6,12.3,12.3,12.1,12.3,12.6,11.2,12.6,11.9,11.5,11.5,11.7,11.2,9.6,11.1,11.6,12.1,11.3,11.5,10.3,8.5
2018-03-26,18.1,18,17.7,18.1,17.4,17.8,18.2,17,18.5,17.6,16.9,16.7,17,16.8,15.1,16.4,16.4,17.5,17.1,17.8,17,13.1
2018-03-27,18.5,18.5,18.5,18.6,18.1,18.5,18.6,15.9,18.5,16.9,18.1,18,18.1,17.7,16.5,17.6,17.9,18.4,18,18.6,18.1,14.8
2018-03-28,24.3,24.2,24.3,24.2,23,23.6,24.3,20.7,23.8,21.8,22.8,22.7,22.9,22.5,20.9,22.2,22.6,23.3,22.9,23.5,23.3,18.9
2018-03-29,18.3,18.3,18.3,18.5,18,18.5,18.6,16.5,18.6,17.2,18,17.8,18,17.7,16.4,17.5,17.6,18.4,18,18.9,18.4,14.8
2018-03-30,18.7,18.6,18.3,18.6,17.8,18.3,18.7,17.5,19,18.1,17.2,17,17.3,17,15.2,16.6,16.7,17.9,17.4,17.9,16.9,13.4
2018-03-31,17,17,16.6,16.5,16.3,16.6,17,15.5,17.1,16.3,15.7,15.6,15.8,15.4,13.6,15.2,15.4,16.4,15.5,16.2,15.3,11.8
2018-04-01,17.4,17.4,17.5,18.2,17,17.7,17.7,16.1,17.9,16.6,17.2,17,17.1,17.2,16.3,16.8,16.6,17.4,17.7,18.2,18,14.8
2018-04-02,19.7,19.7,19.6,19,18.3,18.9,19.7,17.7,19.4,18.3,18,17.8,18,18,16.7,17.6,17.3,18.5,18.3,18.9,18.3,15.3
2018-04-03,21.1,21,21.1,20.8,20.6,21.1,21.2,18,20.9,19.1,20.6,20.6,20.7,20.1,18.8,20.1,20.4,21,20.2,21,20.4,17.3
2018-04-04,21.3,21.2,20.9,21.2,20.5,21,21.4,20.2,21.6,20.8,20,19.8,20.1,19.8,18.1,19.4,19.5,20.7,20.1,20.7,19.8,16.3
2018-04-05,20.2,20.2,20.3,20.5,19.9,20.4,20.5,18.5,20.5,19.2,20.1,19.9,20,19.9,19,19.7,19.6,20.3,20.2,21,21,17.3
2018-04-06,19.7,19.6,19.7,19.5,18.7,19.3,19.8,17.9,19.6,18.5,18.6,18.4,18.5,18.6,17.6,18.2,17.9,18.9,18.9,19.4,18.9,16.4
2018-04-07,18,18,17.9,17.2,17.2,17.5,18,15.4,17.6,16.5,16.9,16.8,16.9,16.5,15.4,16.5,16.6,17.3,16.6,17.1,16.2,14.3
2018-04-08,14,14,13.8,13.6,13.3,13.5,14,12.5,14,13.4,12.8,12.8,12.9,12.6,11.3,12.4,12.7,13.4,12.7,12.9,12.2,10
2018-04-09,18.7,18.7,18.4,18.7,18,18.4,18.7,16.7,18.8,17.6,17.6,17.5,17.7,17.3,15.8,17.1,17.3,18.2,17.6,18,17.1,14.3
2018-04-10,16,15.9,15.6,15.8,15.1,15.6,16,13.9,16.1,15,14.6,14.5,14.7,14.4,12.9,14.1,14.2,15.3,14.7,15.1,14,11.3
2018-04-11,14.3,14.3,14,14,13.4,13.8,14.3,13.1,14.4,13.7,12.8,12.7,12.9,12.5,10.8,12.3,12.5,13.5,12.8,13.1,12,9.2
2018-04-12,17.6,17.6,17.3,17.2,16.6,17,17.5,15.2,17.5,16.3,16.3,16.1,16.3,16.1,15,15.8,15.9,16.7,16.4,16.9,16.5,13.4
2018-04-13,15.2,15.1,14.8,13.9,13.8,14,15,12.5,14.6,13.7,13,13,13.2,12.7,11,12.6,12.9,13.7,12.8,13,11.8,9.8
2018-04-14,13.5,13.5,13.3,13.3,13.2,13.4,13.6,13.3,13.8,13.5,12.7,12.8,12.9,12.5,11.1,12.4,12.7,13.3,12.5,12.7,11.4,10.3
2018-04-15,22.4,22.3,22.1,22.4,21.8,22.2,22.4,20.8,22.5,21.5,21.5,21.4,21.6,21.3,20.1,21.1,21.2,22,21.5,22,21.6,18.6
2018-04-16,18.7,18.7,18.4,18.1,18.1,18.3,18.6,16.7,18.4,17.5,17.8,17.6,17.8,17.4,16.3,17.4,17.5,18.2,17.5,18.1,17.4,15.1
2018-04-17,24.1,24,24.1,24.3,23.5,24,24.2,22.6,24.3,23.1,23.5,23.3,23.4,23.3,22.4,23,23,23.8,23.6,24.2,23.9,20.7
2018-04-18,25.4,25.4,25.5,25.4,24.8,25.4,25.7,23.7,25.5,24.1,24.8,24.6,24.7,24.5,23.3,24.3,24.2,25.1,24.8,25.5,24.9,21.7
2018-04-19,22.6,22.5,22.5,22.9,22.2,22.8,22.8,21.5,23,21.8,22.3,22,22.1,22.1,21,21.8,21.5,22.5,22.4,23.2,22.9,19.5
2018-04-20,23.7,23.7,23.7,23.2,22.6,23.3,23.8,22.1,23.6,22.4,22.5,22.2,22.4,22.3,21,22,21.8,22.9,22.6,23.2,22.4,19.4
2018-04-21,24.7,24.7,24.7,24.7,24.1,24.7,24.9,22.9,24.9,23.6,24,23.9,24,23.8,22.5,23.6,23.6,24.5,24,24.6,23.8,21
2018-04-22,24.7,24.7,24.8,25.6,24.6,25.2,25.1,22.7,25.2,23.6,24.7,24.5,24.7,24.4,23.2,24.2,24.2,25,24.8,25.1,24.3,22
2018-04-23,25.1,25.1,25.2,25.1,24.5,25.1,25.3,23.1,25.2,23.7,24.6,24.4,24.6,24.2,23,24.1,24.1,24.9,24.5,25.1,24.3,21.3
2018-04-24,25.8,25.8,25.8,25.8,25.2,25.8,26,24.6,26,24.9,25.2,25,25.1,25.1,24,24.7,24.5,25.5,25.4,26.1,25.5,22.4
2018-04-25,27.6,27.5,27.7,27.2,26.4,27.1,27.7,25.3,27.4,25.8,26.4,26.1,26.2,26.2,25.1,25.8,25.6,26.7,26.6,27.3,26.7,23.5
2018-04-26,24.1,24.1,24.2,24.6,24,24.4,24.3,22.5,24.4,23,24.1,24,24.2,23.9,22.8,23.7,23.9,24.4,24.1,24.7,24.3,21.2
2018-04-27,24.6,24.6,24.9,25.5,24.8,25.4,25.1,22.4,25.2,23.4,25.2,25,25.1,24.8,23.8,24.7,24.8,25.4,25.1,25.9,25.4,22.2
2018-04-28,22.7,22.6,22.6,22.2,21.7,22.2,22.8,21.1,22.6,21.4,21.3,21.2,21.4,21,19.6,20.8,20.9,21.9,21.2,21.7,20.7,18
2018-04-29,17.1,17.1,16.8,17.2,16.4,16.9,17.3,16.3,17.7,17,15.9,15.7,15.9,15.8,14.2,15.4,15.3,16.5,16.1,16.3,15,12.9
2018-04-30,18.6,18.6,18.3,18.8,18.1,18.5,18.7,17,19,17.9,17.6,17.5,17.8,17.3,15.7,17.1,17.3,18.3,17.6,18.1,17,14
2018-05-01,17.1,17.1,16.7,16.5,15.8,16.3,17.1,15.6,17,16.1,15.3,15,15.3,15.1,13.8,14.7,14.6,15.9,15.4,16.1,15.5,11.6
2018-05-02,20.4,20.4,20.2,20.6,20.2,20.5,20.5,18.5,20.6,19.3,20.1,20,20.2,19.9,18.7,19.7,19.9,20.5,20.1,20.9,20.6,16.9
2018-05-03,22.5,22.4,22.1,22.6,21.7,22.2,22.6,21,22.9,21.9,21.1,21,21.2,20.9,19.2,20.6,20.7,21.8,21.2,21.7,20.8,17.4
2018-05-04,19.8,19.8,19.7,19.5,19.5,19.9,19.9,17.5,19.8,18.4,19.2,19.3,19.5,18.7,17,18.8,19.3,19.8,18.6,19.2,18.1,15.3
2018-05-05,19.9,19.8,19.6,20,19.7,20,20,19.2,20.4,19.8,19.3,19.2,19.4,19.1,17.6,18.9,19.1,19.9,19.3,19.5,18,16.4
2018-05-06,23,22.9,22.7,23,22.8,23,23,21.5,23.3,22.4,22.5,22.5,22.6,22.2,20.9,22.1,22.4,23,22.3,22.7,21.7,19.7
2018-05-07,24.8,24.8,24.6,24.8,24.1,24.5,24.9,23.4,24.9,23.9,23.8,23.6,23.8,23.6,22.5,23.3,23.4,24.2,23.9,24.2,23.3,21.1
2018-05-08,24.7,24.7,24.6,24.5,24.1,24.6,24.9,23.2,24.8,23.6,23.9,23.8,24,23.6,22.2,23.4,23.6,24.4,23.8,24.5,23.8,20.3
2018-05-09,23.5,23.5,23.3,24.1,22.9,23.4,23.6,22.1,23.9,22.7,22.6,22.4,22.6,22.6,21.4,22.2,22.2,23.1,23,23.4,23,19.8
2018-05-10,21.4,21.3,21,20.7,20,20.4,21.2,20.1,21.1,20.4,19.3,19.2,19.4,19.3,17.9,18.9,18.9,20,19.6,19.7,18.7,16.4
2018-05-11,23.2,23.2,23.3,24.1,23,23.7,23.5,21.1,23.7,22,22.9,22.8,23,22.6,21,22.5,22.6,23.4,22.9,23.1,21.7,20
2018-05-12,20.4,20.4,20.4,20.2,20.2,20.5,20.6,18.9,20.6,19.6,19.7,19.8,20,19.1,17,19.2,19.9,20.4,19.1,19.2,17.5,15.9
2018-05-13,17.2,17.2,17,18.4,17,17.6,17.5,15.7,18.1,16.6,17.1,16.8,17,17.1,15.9,16.5,16.4,17.4,17.7,18.7,18.8,13.6
2018-05-14,19.6,19.6,19.3,19.5,19.3,19.5,19.6,17.4,19.7,18.4,19,19,19.2,18.6,17.1,18.5,19,19.5,18.7,19.5,18.9,15.1
2018-05-15,23.6,23.6,23.4,24.3,23.4,23.8,23.8,21.9,24.2,22.9,23.2,23.1,23.3,22.9,21.5,22.7,23,23.7,23.2,23.9,23.6,19.4
2018-05-16,24.1,24,24,23.7,23.4,23.8,24.2,21.8,24,22.5,23.3,23.1,23.3,22.9,21.6,22.7,22.9,23.7,23.1,23.9,23.4,19.6
2018-05-17,24.6,24.6,24.5,24.9,24.3,24.8,24.8,23.2,25,23.7,24.3,24.1,24.3,23.9,22.6,23.8,23.9,24.7,24.2,24.8,24,21
2018-05-18,22.5,22.5,22.5,22.6,21.9,22.4,22.7,22,22.8,21.8,21.6,21.4,21.7,21.4,19.7,21.1,21.1,22.1,21.7,22,20.6,18.3
2018-05-19,24.8,24.8,24.6,25,24.4,24.8,24.9,24.1,25.1,24.2,24.2,24.1,24.2,24,22.9,23.8,23.8,24.7,24.3,24.7,24,21.3
2018-05-20,25,25,24.7,24.8,24.4,24.7,25,24,25.2,24.3,23.8,23.8,24,23.4,21.6,23.3,23.7,24.5,23.7,23.8,22,20.2
2018-05-21,23.7,23.6,23.7,24.2,23,23.8,24,23.2,24.2,22.9,23,22.7,22.9,22.8,21.4,22.4,22.2,23.4,23.3,23.8,22.9,19.6
2018-05-22,24.3,24.3,24.1,24.7,24.1,24.4,24.4,22.8,24.6,23.4,23.7,23.7,23.9,23.3,21.6,23.2,23.7,24.3,23.6,24,23.1,19.8
2018-05-23,25.1,25.1,25.2,25.7,25.4,25.8,25.5,23.4,25.6,24.1,25.5,25.5,25.7,24.9,23.3,25,25.5,25.9,25,25.5,24.6,21.8
2018-05-24,27.6,27.5,27.6,27.7,27.3,27.8,27.8,25.7,27.7,26.2,27.3,27.2,27.4,26.9,25.4,26.8,27.1,27.7,27,27.7,27,23.5
2018-05-25,26.5,26.5,26.4,26,25.9,26.2,26.5,24.3,26.3,25,25.6,25.6,25.8,25.1,23.3,25.1,25.6,26.1,25.2,25.7,24.7,21.7
2018-05-26,24.1,24,24.1,23.9,24,24.3,24.2,22.1,24.1,22.8,24,24,24.1,23.5,22.1,23.5,23.9,24.3,23.5,24.2,23.5,20.5
2018-05-27,24.4,24.4,24.6,25.5,25.6,25.9,24.9,23.6,25.2,23.9,26,26,26.1,25.4,24.2,25.6,26.1,26.2,25.4,26.1,25.5,22.7
2018-05-28,24.2,24.1,23.9,23.8,23.6,23.8,24.1,22.3,24.1,23.1,23,23.1,23.3,22.6,21,22.6,23.2,23.7,22.7,22.9,21.5,19.6
2018-05-29,25.6,25.6,25.3,25.7,25.4,25.6,25.7,23.5,25.8,24.6,24.9,24.9,25.1,24.4,22.5,24.4,25,25.6,24.5,24.8,23.6,21
2018-05-30,23.8,23.8,23.5,24,23.7,23.9,23.9,22.4,24.2,23.1,22.9,23.2,23.4,22.3,19.9,22.4,23.4,23.9,22.5,22.5,20.6,18.7
2018-05-31,24.9,24.8,24.6,25.2,24.7,25,25,23.7,25.2,24.2,24.5,24.4,24.6,24.2,22.8,24,24.3,25,24.4,24.9,24.2,20.9
2018-06-01,26.2,26.1,26.3,26.8,26.4,26.9,26.5,25.1,26.7,25.3,26.5,26.4,26.6,26,24.3,25.9,26.4,26.9,26.2,26.8,25.9,22.3
2018-06-02,25,25,25,25.1,24.7,25.2,25.2,23.9,25.3,24.2,24.6,24.5,24.7,24.2,22.6,24.1,24.3,25,24.4,25.1,24.3,21
2018-06-03,20.8,20.8,20.5,20.2,20.3,20.4,20.7,19.5,20.6,20,19.6,19.8,19.9,19.1,17.6,19.3,19.9,20.3,19.1,19.1,17.6,16.6
2018-06-04,24.8,24.7,24.8,25.1,25.1,25.4,25.1,22.8,25.1,23.7,25.2,25.2,25.4,24.6,22.9,24.7,25.3,25.6,24.6,25.4,24.7,20.9
2018-06-05,24.2,24.2,23.9,24.3,23.7,24,24.3,22.2,24.4,23.2,23.1,23.1,23.4,22.6,20.8,22.6,23.2,23.9,22.8,22.7,21,19.5
2018-06-06,22.3,22.3,21.9,21.1,21.6,21.6,22.2,20.7,22,21.6,20.6,20.8,21,19.9,18,20.2,21,21.5,19.8,19.7,17.5,17.2
2018-06-07,23.6,23.6,23.3,23.4,22.9,23.2,23.6,21.3,23.5,22.4,22.5,22.4,22.6,22.2,20.7,22,22.4,23.1,22.3,22.9,22.4,18.9
2018-06-08,25.5,25.4,25.5,25.7,26,26.2,25.7,23.6,25.8,24.5,26,26.1,26.2,25.3,23.7,25.5,26.3,26.4,25.3,25.9,25.1,22.2
2018-06-09,27.7,27.7,27.7,28.1,27.6,28,28,25.8,28,26.7,27.3,27.3,27.5,26.8,24.9,26.8,27.4,27.9,26.9,27.1,25.7,23.6
2018-06-10,28.9,28.9,28.6,28.3,28.5,28.6,28.9,27.5,28.8,27.9,27.9,28,28.2,27.4,25.7,27.4,28,28.6,27.4,28,27,23.9
2018-06-11,28.3,28.3,28.1,28.7,28.3,28.5,28.4,26.1,28.6,27.3,27.9,27.9,28.1,27.4,25.8,27.4,28,28.5,27.6,28.1,27.4,23.9
2018-06-12,25.4,25.4,25.1,25.4,25.1,25.4,25.6,24,25.8,24.9,24.5,24.5,24.7,24,22,24,24.5,25.3,24.2,24.5,23.2,20.3
2018-06-13,28.6,28.5,28.3,29,28.3,28.7,28.8,27.2,29.1,27.9,28,27.9,28.1,27.7,26.2,27.5,27.7,28.6,28,28.8,28.3,23.9
2018-06-14,25.3,25.3,25.5,26.4,25.8,26.4,25.8,24.1,26.2,24.7,26.3,26.1,26.2,26,24.9,25.8,25.8,26.4,26.2,27.1,26.7,23.2
2018-06-15,26.4,26.4,26.5,27.1,26.8,27.2,26.8,25.4,27,25.8,27,26.9,27,26.6,25.4,26.5,26.8,27.2,26.7,27.5,27,23.7
2018-06-16,27.2,27.1,27.2,27.7,27.3,27.8,27.5,25.7,27.7,26.3,27.4,27.3,27.5,27,25.7,26.9,27.2,27.7,27.2,27.9,27.2,24
2018-06-17,26.3,26.2,26.3,27,26.3,26.8,26.6,25,26.9,25.6,26.5,26.3,26.4,26.3,25.2,26,26,26.7,26.6,27.2,26.6,23.6
2018-06-18,29.5,29.4,29.6,30.3,29.8,30.3,29.8,27.6,30,28.3,30.1,29.9,30.1,29.6,28.5,29.5,29.8,30.3,29.9,30.7,30.2,26.5
2018-06-19,29.8,29.7,29.8,29.9,29.6,30,29.9,27.4,29.9,28.4,29.7,29.6,29.8,29.4,28.2,29.3,29.5,30,29.5,30.3,30,26.6
2018-06-20,30.9,30.9,31,31,30.6,31.1,31.2,29.5,31.1,29.8,30.6,30.5,30.7,30.2,28.6,30.1,30.3,31,30.3,30.8,29.8,27.3
2018-06-21,31.8,31.8,31.9,32.2,31.8,32.3,32.2,30.1,32.3,30.8,31.8,31.7,31.9,31.4,29.8,31.3,31.6,32.2,31.6,32.2,31.2,28.1
2018-06-22,31.6,31.6,31.7,32.2,31.6,32.1,31.9,29.6,32.1,30.4,31.5,31.5,31.7,31.1,29.3,31,31.5,32.1,31.3,31.8,30.7,27.9
2018-06-23,27.2,27.1,27.3,27.6,27.3,27.7,27.5,25.7,27.5,26.2,27.4,27.3,27.5,27,25.8,27,27.2,27.7,27.2,27.7,27,24.4
2018-06-24,27.6,27.6,27.8,28.2,27.6,28.2,28,26.9,28.2,27,27.7,27.6,27.7,27.5,26.3,27.3,27.2,28,27.8,28.2,27.3,24.9
2018-06-25,28.1,28.1,28.2,28.5,28,28.5,28.4,27.3,28.5,27.3,28.1,27.9,28.1,27.8,26.4,27.6,27.7,28.4,28,28.6,27.7,25.1
2018-06-26,29.4,29.4,29.6,29.6,29.2,29.7,29.7,28.4,29.7,28.5,29.2,29.1,29.2,28.8,27.2,28.7,28.9,29.5,29,29.5,28.5,25.8
2018-06-27,31.9,31.9,32,32.7,32.2,32.6,32.2,29.9,32.4,30.7,32.1,32.2,32.4,31.6,29.7,31.7,32.3,32.6,31.8,32.1,30.9,28.5
2018-06-28,29.6,29.6,29.8,30.7,30,30.5,30.1,28.5,30.5,29,30.2,30.1,30.2,29.8,28.3,29.7,29.9,30.5,30.1,30.5,29.5,26.8
2018-06-29,28.9,28.9,28.9,29,28.5,29,29.2,28.2,29.2,28.2,28.4,28.3,28.4,28.2,26.7,27.9,28,28.8,28.4,28.9,27.9,25.2
2018-06-30,30.1,30,30.2,30.7,29.9,30.5,30.4,29.5,30.6,29.3,30,29.8,30,29.8,28.3,29.5,29.5,30.3,30.1,30.4,29.4,27
2018-07-01,29.8,29.8,30.1,30.2,29.5,30.2,30.2,28.8,30.2,28.9,29.8,29.5,29.7,29.5,28.5,29.3,29.2,30,29.9,30.3,29.4,27.2
2018-07-02,30.8,30.7,30.9,31.5,30.6,31.2,31.1,29.3,31.2,29.6,30.6,30.5,30.7,30.3,28.8,30.1,30.3,31.1,30.6,31.1,30.1,27.2
2018-07-03,32.7,32.7,32.8,33.1,32.8,33.2,33.1,31.4,33.2,31.7,32.7,32.7,32.9,32.1,30.3,32.1,32.7,33.2,32.3,32.8,31.6,28.5
2018-07-04,31.5,31.4,31.5,31.6,31.1,31.6,31.7,30.1,31.7,30.3,31.1,31,31.1,30.7,29.2,30.6,30.7,31.5,31,31.5,30.5,27.6
2018-07-05,29.7,29.6,29.5,31.4,30.2,30.7,30,28.3,30.7,29.1,30.3,30.2,30.4,30,28.7,29.9,30.2,30.7,30.4,30.9,30.2,27.1
2018-07-06,28.9,28.9,28.9,29.5,29,29.5,29.2,27.3,29.4,28,29.2,29,29.2,28.9,27.6,28.7,28.8,29.5,29.1,29.8,29,26
2018-07-07,30.4,30.4,30.5,31.4,30.7,31.2,30.8,28.6,31.1,29.5,30.8,30.8,30.9,30.5,28.9,30.3,30.6,31.2,30.7,31.3,30.5,27.3
2018-07-08,32.5,32.5,32.5,32.7,32.4,32.8,32.8,31.5,32.9,31.7,32.3,32.2,32.4,31.8,30.2,31.8,32.1,32.8,32,32.5,31.3,28.7
2018-07-09,33.2,33.1,33.2,33.8,33.4,33.8,33.5,31.4,33.7,32.1,33.5,33.4,33.6,33.1,31.7,33,33.3,33.9,33.3,34.1,33.5,29.8
2018-07-10,32.7,32.7,32.7,32.8,32.3,32.8,32.9,30.7,32.9,31.4,32.1,32.1,32.3,31.6,29.8,31.6,32,32.7,31.9,32.3,30.9,28.2
2018-07-11,29.6,29.6,29.6,30,29.5,30,29.9,28.8,30.2,29.1,29.4,29.2,29.4,29,27.4,28.8,29,29.8,29.3,29.7,28.6,25.8
2018-07-12,31.4,31.4,31.5,32.1,31.2,31.8,31.8,30.4,31.9,30.3,31.2,31,31.2,30.8,29.2,30.6,30.8,31.7,31.2,31.7,30.6,27.4
2018-07-13,31.3,31.3,31.3,31.5,30.9,31.4,31.6,30.7,31.6,30.5,30.8,30.7,30.9,30.5,29.3,30.4,30.4,31.3,30.8,31.1,29.9,27.8
2018-07-14,33.6,33.5,33.6,33.4,33.1,33.6,33.8,32,33.6,32.4,32.9,32.9,33.1,32.4,30.7,32.4,32.8,33.5,32.6,33.1,31.9,29.2
2018-07-15,32.2,32.1,32.3,32.5,31.8,32.5,32.5,30.7,32.5,31,32,31.8,31.9,31.8,30.6,31.5,31.4,32.3,32.1,32.8,32,29
2018-07-16,31.1,31.1,30.8,31,30.4,30.7,31.1,28.8,31.1,29.8,30.1,30,30.2,29.9,28.6,29.6,29.8,30.6,30.1,30.7,30.2,26.8
2018-07-17,30.4,30.4,30.3,30.4,30.2,30.6,30.6,29.2,30.7,29.7,30.1,30,30.1,29.7,28.3,29.6,29.8,30.5,29.9,30.4,29.4,26.9
2018-07-18,31.4,31.3,31.4,31.2,31.1,31.5,31.6,29.8,31.5,30.2,31.1,31,31.1,30.7,29.3,30.6,30.8,31.4,30.8,31.4,30.4,27.9
2018-07-19,32.2,32.1,32.3,32.2,31.6,32.2,32.4,30.9,32.4,31.1,31.7,31.4,31.6,31.4,30.1,31.1,31,32,31.7,32.3,31.4,28.5
2018-07-20,31.8,31.8,31.9,31.9,31.3,31.9,32.1,30.8,32.1,31,31.3,31,31.2,31.1,29.7,30.8,30.6,31.6,31.4,32.1,31.3,28.1
2018-07-21,29,29,28.7,29.4,28.8,29.2,29.2,27.4,29.5,28.4,28.6,28.5,28.6,28.3,26.9,28.1,28.3,29.1,28.5,29,28.1,25.5
2018-07-22,29,29,28.7,28.6,28,28.4,29,26.5,28.9,27.7,27.6,27.4,27.6,27.3,25.9,27.1,27.2,28.1,27.6,28.1,27.3,24.5
2018-07-23,30.6,30.6,30.8,31.4,30.5,31.2,31,28.5,31.2,29.5,30.7,30.5,30.7,30.5,29.3,30.2,30.2,31,30.8,31.4,30.6,27.9
2018-07-24,31.1,31.1,31.3,31.9,31.3,31.9,31.6,29.5,31.8,30.2,31.5,31.4,31.6,31,29.6,31,31.2,31.9,31.3,31.8,30.8,28.2
2018-07-25,33.2,33.1,33.1,33.4,32.8,33.3,33.4,31.7,33.6,32.3,32.7,32.5,32.7,32.3,30.7,32.1,32.3,33.1,32.6,33.1,32,29.1
2018-07-26,34.6,34.5,34.7,35.6,34.8,35.4,35,32.7,35.2,33.4,34.8,34.8,35,34.3,32.5,34.3,34.7,35.3,34.6,35,33.7,31
2018-07-27,35,35,35.2,35.9,35.1,35.6,35.4,31.8,35.4,33.1,35.1,35.1,35.3,34.5,32.7,34.5,35.1,35.6,34.8,35.1,33.8,31.2
2018-07-28,33.2,33.1,33.3,33.2,32.8,33.3,33.4,30.8,33.2,31.5,32.9,32.8,32.9,32.5,31.2,32.4,32.6,33.2,32.7,33.6,33,29.5
2018-07-29,32.2,32.2,32.5,32.6,32.4,32.9,32.6,30.3,32.6,31.1,32.7,32.6,32.7,32.3,31.3,32.3,32.4,32.9,32.5,33.2,32.5,29.8
2018-07-30,33.6,33.5,33.7,33.7,33.2,33.8,33.8,32.5,33.8,32.6,33.3,33.1,33.3,32.9,31.6,32.8,32.8,33.6,33.2,33.7,32.7,30
2018-07-31,34.9,34.8,34.9,35,34.2,34.8,35.1,33.4,35.1,33.6,34.2,33.9,34.1,33.9,32.5,33.6,33.5,34.6,34.3,34.8,33.8,30.9
2018-08-01,35.6,35.6,35.6,35.7,35.3,35.8,35.8,33.9,35.8,34.5,35.3,35.2,35.3,34.8,33.4,34.8,35,35.7,35,35.6,34.5,31.9
2018-08-02,35.3,35.2,35.4,35.8,35.1,35.8,35.6,34.3,35.9,34.5,35.3,35.1,35.2,35,33.7,34.7,34.7,35.6,35.3,36.1,35.4,31.9
2018-08-03,35.9,35.9,35.9,36.2,35.5,36.1,36.2,35.5,36.5,35.4,35.5,35.3,35.5,35.2,33.8,34.9,34.9,35.9,35.6,36.1,35,32
2018-08-04,37.7,37.6,37.5,38.6,37.8,38.3,37.9,36.9,38.5,37.3,37.8,37.7,37.9,37.6,36.1,37.3,37.5,38.2,37.9,38.5,37.9,34.2
2018-08-05,37.4,37.4,37.1,37.7,36.8,37.2,37.5,36.4,37.7,36.6,36.5,36.3,36.5,36.4,35.1,36,35.9,37,36.7,37.2,36.4,33.5
2018-08-06,34.6,34.6,34.7,34.7,33.7,34.5,34.9,33,34.8,33.3,33.8,33.5,33.6,33.7,32.4,33.2,32.9,34.1,34.1,34.8,34.1,30.7
2018-08-07,32.7,32.6,32.8,33.6,32.7,33.3,33,31.4,33.3,31.9,32.8,32.7,32.8,32.5,31,32.3,32.5,33.2,32.8,33.3,32.4,29.4
2018-08-08,31.7,31.7,31.8,32.4,31.5,32.1,32.1,31,32.4,31.2,31.4,31.2,31.4,31.2,29.7,30.9,30.9,31.9,31.6,32,30.8,28.2
2018-08-09,30.8,30.8,30.5,30.9,30.1,30.5,30.9,29.3,31.1,30.1,29.5,29.4,29.6,29.2,27.4,29,29.2,30.2,29.6,29.8,28.4,26.1
2018-08-10,29.5,29.5,29.2,29.3,28.6,29.1,29.5,28.3,29.5,28.6,28.4,28.1,28.3,28.3,27.3,27.9,27.8,28.8,28.7,29.3,28.9,25.7
2018-08-11,29.9,29.9,30,30.6,29.6,30.3,30.3,29,30.5,29.1,29.7,29.5,29.6,29.5,28.2,29.2,29.1,30,29.9,30.2,29.3,26.6
2018-08-12,32.4,32.4,32.5,33.1,32,32.7,32.7,30.3,32.9,31.2,31.8,31.8,32,31.5,29.8,31.3,31.6,32.4,31.9,32.1,30.6,28.5
2018-08-13,31.2,31.1,31.2,31.3,30.7,31.2,31.4,29.8,31.3,30,30.6,30.5,30.6,30.3,28.9,30.1,30.2,31,30.6,31.2,30.2,27.3
2018-08-14,29.2,29.2,29,29.8,29.1,29.4,29.3,27.5,29.6,28.4,28.9,28.8,29,28.7,27.8,28.6,28.7,29.3,28.9,29.3,28.8,26.5
2018-08-15,30.1,30,30,30.3,29.8,30.3,30.3,28.9,30.4,29.3,29.8,29.7,29.8,29.6,28.5,29.4,29.4,30.2,29.8,30.4,29.8,27.1
2018-08-16,31.1,31.1,31.2,31.6,30.6,31.3,31.4,29.1,31.6,30,30.5,30.3,30.5,30.2,28.6,29.9,29.9,31,30.6,31.1,30,26.8
2018-08-17,29.7,29.7,29.3,29.4,28.3,28.8,29.7,28.8,29.7,28.9,27.6,27.4,27.7,27.6,25.9,27.1,27.1,28.4,28,28.3,27.1,24.2
2018-08-18,28.2,28.2,27.9,28.4,27.9,28.3,28.4,27.7,28.7,27.9,27.7,27.4,27.6,27.5,26.2,27.2,27.1,28.1,27.8,28.4,27.5,24.6
2018-08-19,32.9,32.9,32.6,32.6,32.1,32.4,32.9,30.9,32.8,31.6,31.7,31.6,31.8,31.5,30.3,31.3,31.3,32.2,31.8,32.5,32,28.6
2018-08-20,34,34,33.7,34.2,33.7,34,34.1,32.5,34.2,33,33.5,33.4,33.6,33.1,31.8,33,33.3,34,33.4,33.9,33.2,29.9
2018-08-21,33.2,33.2,32.9,33,32.5,32.9,33.3,32.2,33.4,32.6,32.2,31.9,32.1,32.1,31,31.7,31.5,32.6,32.3,32.9,32.2,29.5
2018-08-22,33.8,33.8,33.8,33.3,32.6,33.3,33.9,32,33.7,32.3,32.4,32.1,32.3,32.2,30.9,31.8,31.6,32.8,32.6,33.4,32.7,29.1
2018-08-23,33.1,33.1,33.1,33.4,32.4,33.1,33.4,31.9,33.4,32.2,32.4,32.1,32.3,32.3,31.1,31.8,31.6,32.8,32.7,33.4,32.8,29.1
2018-08-24,31.6,31.6,31.3,31.8,31,31.4,31.7,30.3,31.9,30.8,30.9,30.6,30.8,30.8,29.9,30.4,30.2,31.2,31.2,32,31.9,27.9
2018-08-25,26.1,26.1,26,27.2,26.4,26.8,26.4,26,27,26.2,26.4,26.3,26.4,26.3,25.2,26,26.1,26.7,26.6,27,26.4,23.9
2018-08-26,26.9,26.9,26.8,26.7,26.2,26.7,27,25,27,25.8,26.1,25.9,26,25.9,24.9,25.7,25.5,26.4,26.2,26.8,26.1,23.6
2018-08-27,29.5,29.5,29.6,29.8,29,29.7,29.8,28.4,29.9,28.7,29.2,28.9,29,29.1,28.1,28.7,28.4,29.4,29.5,30.2,29.8,26.6
2018-08-28,32.1,32,32.2,32.6,31.7,32.3,32.4,30.3,32.4,31,31.7,31.5,31.7,31.4,30,31.2,31.2,32.1,31.8,32.1,31.1,29
2018-08-29,30.8,30.8,30.8,31,30.3,30.9,31,29.3,31,29.6,30.4,30.1,30.3,30.1,28.9,29.8,29.6,30.7,30.5,31.2,30.4,27.4
2018-08-30,30.1,30.1,29.8,29.8,29.3,29.6,30.1,28.4,30.1,29.1,28.7,28.7,28.9,28.5,27.2,28.3,28.6,29.3,28.8,29,28.1,25.7
2018-08-31,23.8,23.8,23.6,23.7,23.6,23.8,23.8,22.4,24,23.3,23.5,23.4,23.5,23.2,22.5,23.2,23.4,23.8,23.2,23.7,23.2,21.1
2018-09-01,25.8,25.7,25.5,25.7,25.1,25.5,25.8,24.4,25.9,25.1,24.8,24.5,24.7,24.7,23.8,24.4,24.1,25.1,25,25.3,24.5,22.6
2018-09-02,28.8,28.8,28.8,28.5,28,28.5,29,27.4,28.8,27.7,28,27.7,27.8,27.8,26.9,27.5,27.2,28.2,28.1,28.9,28.5,25
2018-09-03,28.5,28.5,28.7,29.1,28.3,28.9,28.9,26.2,29,27.4,28.4,28.2,28.3,28.2,27,27.9,27.9,28.7,28.6,29.1,28.5,25.5
2018-09-04,29.9,29.8,29.9,30.1,29.5,30,30.1,28.4,30,28.7,29.5,29.3,29.5,29.2,28,29,29,29.9,29.5,30.2,29.6,26.2
2018-09-05,29.4,29.4,29.5,29.4,28.5,29.2,29.6,27.5,29.5,28,28.4,28.1,28.3,28.3,26.9,27.9,27.6,28.8,28.7,29.4,28.7,25.1
2018-09-06,27.9,27.9,27.6,28,27.5,27.8,27.9,26.3,28,27,27.3,27.1,27.3,27.1,26.1,26.9,26.9,27.7,27.3,27.9,27.5,24.1
2018-09-07,27.1,27.1,26.9,27,27,27.2,27.2,25.6,27.2,26.3,26.7,26.7,26.9,26.3,25.2,26.4,26.7,27.2,26.4,26.9,26,23.7
2018-09-08,27.7,27.7,27.7,27.9,27.3,27.8,27.9,25,27.9,26.4,27.2,27.1,27.2,26.8,25.4,26.7,26.9,27.6,27.1,27.5,26.6,24.1
2018-09-09,28.3,28.2,28.2,27.9,27.6,28.1,28.4,26.3,28.3,27.1,27.6,27.4,27.6,27.3,26,27.1,27.1,27.9,27.4,28.1,27.3,24.4
2018-09-10,27.4,27.3,27.4,27.2,27,27.5,27.5,24.6,27.3,25.8,27.1,27,27.1,26.8,25.8,26.7,26.8,27.4,26.9,27.8,27.2,24
2018-09-11,31,30.9,30.8,29.9,29.7,30.1,30.9,28.9,30.5,29.4,29.2,29.1,29.3,28.9,27.5,28.7,28.9,29.8,29,29.5,28.5,26
2018-09-12,28.6,28.5,28.6,29.2,28.5,29.1,28.9,27.7,29.1,27.8,28.6,28.4,28.6,28.3,27,28.1,28.2,28.9,28.6,29.2,28.4,25.3
2018-09-13,30.2,30.1,29.8,29.6,29.1,29.4,30,27.4,29.7,28.5,28.6,28.5,28.7,28.4,27.3,28.2,28.3,29.2,28.6,29,28.2,26
2018-09-14,29.2,29.1,28.8,28.5,28,28.4,29,27.1,28.9,27.9,27.7,27.5,27.7,27.6,26.9,27.4,27.2,28.1,27.9,28.4,27.8,25.8
2018-09-15,26.5,26.5,26.2,26.2,25.9,26.2,26.5,25.2,26.6,25.9,25.5,25.4,25.6,25.3,24.1,25.1,25.3,26,25.4,25.7,24.6,22.9
2018-09-16,28.8,28.8,28.7,28.5,28.3,28.7,28.9,27.3,28.8,27.8,28.2,28.1,28.2,27.8,26.5,27.7,27.9,28.6,27.9,28.3,27.3,25.1
2018-09-17,28.8,28.8,28.8,28.5,27.9,28.4,28.9,27.1,28.8,27.6,27.6,27.4,27.6,27.4,26.1,27.2,27.1,28.1,27.7,28.1,27.1,24.8
2018-09-18,26.9,26.9,26.8,26.2,25.5,26,26.9,24.4,26.6,25.3,24.7,24.7,24.9,24.4,22.5,24.3,24.5,25.5,24.7,24.5,22.7,21.6
2018-09-19,28.7,28.7,28.8,28.6,28.2,28.7,28.9,27.1,28.8,27.6,28.1,28,28.1,27.9,26.7,27.7,27.7,28.5,28.1,28.7,28,25.1
2018-09-20,32,31.9,31.8,31.4,31,31.5,32,30.2,31.8,30.7,30.7,30.5,30.7,30.4,29,30.2,30.1,31.2,30.7,31.2,30.4,27.4
2018-09-21,32.2,32.2,32.2,32,31.5,32,32.3,30.4,32.1,30.8,31.4,31.2,31.4,31.1,29.9,30.9,30.9,31.8,31.3,32,31.3,28.4
2018-09-22,30.6,30.6,30.6,30.5,30.2,30.5,30.7,28.6,30.6,29.3,30.1,30,30.1,29.7,28.8,29.7,29.8,30.4,29.8,30.4,29.8,27.4
2018-09-23,31.3,31.2,31.3,30.7,30.8,31.1,31.3,28.8,31,29.6,30.7,30.7,30.8,30.3,29.2,30.3,30.5,31.1,30.3,31,30.2,28.1
2018-09-24,27.6,27.6,27.7,27.9,27.2,27.8,27.9,26.1,27.9,26.5,27.2,27,27.1,27,25.9,26.8,26.6,27.5,27.4,27.9,27,24.5
2018-09-25,26.6,26.6,26.3,26.3,25.7,26,26.6,25,26.5,25.6,25.3,25.2,25.3,25.1,24,24.9,24.9,25.8,25.4,25.8,25.1,22.5
2018-09-26,25.9,25.8,25.8,25.2,24.9,25.3,25.8,23.6,25.5,24.4,24.6,24.5,24.6,24.3,23.1,24.2,24.3,25,24.5,25.1,24.7,21.5
2018-09-27,25.8,25.7,25.8,25.8,25.4,25.8,25.9,24.4,25.8,24.8,25.4,25.3,25.4,25.2,24.2,25.1,25.2,25.7,25.3,25.6,25.1,23.1
2018-09-28,30.1,30.1,29.9,30,29.5,29.8,30.1,28.5,30,29,29.2,29.1,29.3,29,28,28.9,29,29.7,29.1,29.5,28.9,26.6
2018-09-29,29.2,29.2,29.1,28.8,28.3,28.8,29.3,27,29,27.6,28,27.9,28.1,27.7,26.4,27.5,27.6,28.5,28,28.6,27.7,24.7
2018-09-30,27.9,27.8,27.8,28.4,27.6,28.1,28.1,26.7,28.3,27,27.3,27.3,27.5,27,25.3,26.8,27.2,27.9,27.2,27.5,26.3,23.8
2018-10-01,24.9,24.9,24.7,24.9,24.6,24.9,25,23.4,25.1,24.2,24.3,24.2,24.4,24.1,22.9,23.9,24,24.8,24.2,24.9,24.3,21.3
2018-10-02,25.5,25.5,25.2,25.3,25.5,25.5,25.5,24.6,25.6,24.8,24.9,25.1,25.3,24.3,22.4,24.5,25.4,25.7,24.2,24.6,23.4,20.9
2018-10-03,26.3,26.3,26.4,27.2,26.5,27.1,26.7,25.3,27,25.6,26.6,26.5,26.7,26.2,24.7,26.1,26.3,27,26.5,27,26,23
2018-10-04,28.2,28.1,28,27.1,26.7,27.1,28.1,25.7,27.6,26.3,26.2,26,26.2,25.9,24.5,25.7,25.8,26.8,26.2,26.6,25.7,23.1
2018-10-05,26.2,26.1,26.2,26.4,25.5,26.1,26.4,24.7,26.4,25.1,25.4,25.2,25.4,25.1,23.6,24.8,24.9,25.8,25.5,25.8,24.8,22.1
2018-10-06,25.3,25.3,25.3,26.1,25.2,25.7,25.6,24.3,25.9,24.7,25,24.9,25.1,24.7,23.1,24.5,24.7,25.5,25,25.2,23.9,21.8
2018-10-07,22.4,22.4,22.1,22.5,21.9,22.2,22.4,21,22.6,21.6,21.5,21.4,21.6,21.2,19.8,21,21.3,22,21.5,21.8,20.9,18.2
2018-10-08,21.9,21.8,21.5,21.4,20.9,21.2,21.8,19.7,21.8,20.7,20.2,20.2,20.5,19.9,18.2,19.7,20.2,21,20.2,20.4,19.3,16.5
2018-10-09,22.7,22.6,22.3,21.9,22,22.2,22.5,20.2,22.3,21.3,21.6,21.6,21.7,21.1,19.8,21.2,21.5,22.1,21.1,21.7,20.7,18.6
2018-10-10,24.2,24.2,23.9,23.9,23.4,23.7,24.2,22.4,24.2,23.1,22.8,22.7,23,22.5,20.8,22.3,22.6,23.5,22.7,23,21.8,19.2
2018-10-11,26.6,26.5,26.3,26.4,26.1,26.3,26.6,24.6,26.6,25.4,25.6,25.6,25.8,25.3,23.8,25.2,25.6,26.2,25.4,25.8,24.8,22.5
2018-10-12,25.7,25.7,25.7,25.6,25.1,25.6,25.9,24.3,25.9,24.9,25,24.8,25,24.8,23.6,24.6,24.5,25.4,25.1,25.5,24.6,22.1
2018-10-13,22.9,22.9,23,23.2,22.7,23.2,23.2,21.4,23.4,22.3,22.8,22.6,22.8,22.6,21.7,22.4,22.3,23.1,22.8,23.4,22.7,20.5
2018-10-14,24.1,24.1,23.8,23.8,23.4,23.7,24.1,22.9,24.2,23.5,23,22.9,23.1,22.7,21.3,22.5,22.8,23.6,23,23.4,22.6,19.4
2018-10-15,21.7,21.6,21.3,21.3,21.2,21.3,21.7,20.6,21.8,21.2,20.5,20.5,20.8,20.1,18.3,20,20.6,21.2,20.2,20.4,19.3,16.7
2018-10-16,23.5,23.5,23.2,22.9,22,22.5,23.4,21.8,23.3,22.5,21.4,21.1,21.4,21.4,20.1,20.9,20.7,22,21.8,22.1,21.2,18.6
2018-10-17,24.5,24.5,24.4,24.1,23.5,24,24.6,22.3,24.4,23.1,23.2,23.1,23.3,23,21.5,22.7,22.9,23.7,23.3,23.9,23.5,19.4
2018-10-18,20.6,20.6,20.3,20.1,20.2,20.3,20.6,19.2,20.6,20.1,19.6,19.6,19.8,19.2,17.7,19.2,19.7,20.2,19.2,19.3,18,16.7
2018-10-19,24.2,24.1,24,23.5,23.3,23.7,24.2,22,24,23,23.1,22.9,23.1,22.8,21.8,22.6,22.7,23.5,22.9,23.7,23.6,19.9
2018-10-20,25.3,25.3,25.1,24.5,24.1,24.5,25.2,22.5,24.9,23.6,23.8,23.6,23.8,23.5,22.2,23.3,23.4,24.2,23.6,24.2,23.7,20.7
2018-10-21,25.3,25.3,25.1,25.2,24.8,25.1,25.3,23.7,25.3,24.4,24.5,24.5,24.6,24.3,23.1,24.1,24.3,25,24.5,25,24.5,21.6
2018-10-22,23.4,23.3,23.1,22.7,22.4,22.6,23.3,21.6,23.1,22.3,21.8,21.7,21.9,21.6,20.1,21.4,21.6,22.4,21.8,22.1,21.2,18.8
2018-10-23,22.1,22.1,21.9,22.3,21.8,22.1,22.2,21.5,22.4,21.8,21.4,21.4,21.5,21.3,20,21.1,21.2,21.9,21.5,21.7,20.8,18.9
2018-10-24,23.9,23.9,23.7,23.6,24.9,24.6,24,23.1,24.2,23.8,24.4,24.8,25,23.6,21.6,24.1,25.4,25.1,23.2,23.3,21.6,20.5
2018-10-25,25,25,24.8,24.6,24.2,24.4,24.9,22.6,24.7,23.7,24,23.9,24,23.9,23.2,23.7,23.8,24.3,24,24.3,24.1,22.2
2018-10-26,22.6,22.6,22.4,22.6,22.2,22.4,22.6,21.7,22.7,22.2,21.9,21.9,22,21.8,21,21.7,21.7,22.3,22,22.3,21.9,20.1
2018-10-27,16.2,16.2,15.8,15.2,15.3,15.4,16.1,15.3,16.1,15.8,14.6,14.5,14.7,14.3,13,14.2,14.4,15.2,14.4,14.5,13.4,12
2018-10-28,11.9,11.8,11.5,10.9,11.2,11.2,11.8,10.2,11.7,11.1,10.4,10.6,10.8,9.9,8,10,10.8,11.2,9.9,10,8.7,6.6
2018-10-29,13.2,13.1,12.8,12.6,12.2,12.5,13.1,11.2,13,12.2,11.6,11.6,11.8,11.3,9.8,11.1,11.5,12.3,11.5,11.9,11.1,8
2018-10-30,16.5,16.4,16.1,15.9,15.5,15.8,16.4,15.6,16.5,16,14.9,14.8,15,14.6,13,14.4,14.6,15.5,14.9,15.2,14.2,11.5
2018-10-31,15.9,15.9,15.6,15.5,15.1,15.3,15.9,14.1,15.9,15.1,14.3,14.3,14.5,14,12.1,13.8,14.2,15.1,14.2,14.4,13.1,10.5
2018-11-01,17.8,17.8,17.5,16.9,17.2,17.2,17.7,15.4,17.4,16.6,16.5,16.6,16.8,16,14.4,16.1,16.7,17.2,16,16.4,15.5,12.9
2018-11-02,18,18,17.7,17.9,17.9,18,18.1,16.8,18.2,17.5,17.4,17.5,17.7,16.9,15.1,17,17.6,18.1,16.9,17.2,16,13.7
2018-11-03,18.1,18.1,17.9,17.8,17.7,17.9,18.1,17.8,18.3,18,17.2,17.2,17.4,17,15.5,16.9,17.2,17.8,17.1,17.3,16.2,14.3
2018-11-04,22.2,22.2,21.9,21.3,21.1,21.4,22.1,20.7,22,21.3,20.5,20.4,20.6,20.2,18.6,20,20.3,21.1,20.4,20.7,19.7,17.1
2018-11-05,17.7,17.7,17.4,17.4,17.2,17.4,17.8,16.8,17.9,17.2,16.5,16.5,16.8,16.2,14.6,16.1,16.5,17.2,16.3,16.5,15.3,13.2
2018-11-06,15.1,15,14.7,14.8,14.5,14.8,15.1,14,15.2,14.6,14,13.9,14.1,13.8,12.3,13.5,13.7,14.6,14,14.4,13.6,10.6
2018-11-07,19.2,19.1,18.9,19.3,18.7,19,19.3,18.6,19.6,18.8,18.3,18.1,18.3,18.1,16.6,17.8,17.9,18.8,18.4,18.9,18.2,14.9
2018-11-08,17.9,17.8,17.5,16.7,16.7,16.8,17.7,15.5,17.4,16.6,15.9,15.9,16.1,15.5,14.1,15.5,15.9,16.6,15.6,15.8,14.6,12.9
2018-11-09,16.2,16.1,15.9,16,15.9,16,16.2,14.4,16.2,15.3,15.5,15.6,15.7,15.1,13.4,15.1,15.7,16.1,15.1,15.5,14.7,12.4
2018-11-10,19.7,19.7,19.5,19.5,18.9,19.2,19.7,18.7,19.7,19,18.5,18.4,18.6,18.4,17.1,18.1,18.2,19,18.6,19,18.4,15.7
2018-11-11,22.8,22.8,22.5,23,22.3,22.6,22.9,21.5,23,22,21.8,21.8,22,21.6,20.2,21.4,21.6,22.4,21.9,22.2,21.2,18.8
2018-11-12,20.3,20.2,20.2,19.9,19.6,20,20.4,18.2,20.2,19.1,19.5,19.3,19.5,19.2,17.9,19,19.1,19.9,19.3,19.9,19.1,16.5
2018-11-13,22.3,22.3,22,21.1,20.8,21.1,22.1,19.3,21.6,20.6,20.2,20.1,20.2,20.1,19.2,19.9,19.8,20.7,20.3,20.7,20.1,18
2018-11-14,20,20,19.8,19.8,19.3,19.6,20,18,20,19,18.9,18.8,19,18.6,17.4,18.5,18.7,19.4,18.8,19,18,16.4
2018-11-15,15.2,15.2,15,15.2,15.4,15.5,15.4,15.9,15.9,15.9,14.8,14.9,15.1,14.4,12.7,14.5,14.9,15.5,14.4,14.4,12.6,12
2018-11-16,16.1,16.1,16,16.7,16.5,16.7,16.3,15.6,16.7,16.1,16.4,16.4,16.5,16.1,15,16.1,16.4,16.7,16.3,16.6,16,14
2018-11-17,15.2,15.2,14.9,14.4,14.3,14.4,15.1,13.7,15,14.6,13.6,13.6,13.8,13.4,12,13.3,13.5,14.2,13.5,13.6,12.8,10.9
2018-11-18,13.4,13.4,13.1,12.8,12.6,12.9,13.4,11.9,13.4,12.8,12.4,12.2,12.3,12.2,11.5,12,11.9,12.7,12.4,13.1,13,10
2018-11-19,16.2,16.2,15.8,14.7,14.4,14.6,15.9,13.6,15.5,14.6,13.4,13.3,13.6,13.1,11.2,12.9,13.2,14.2,13.3,13.3,11.8,10.2
2018-11-20,14.6,14.6,14,13.6,13.7,13.6,14.4,13.2,14.3,14,12.5,12.7,13,12,10,12.1,13,13.5,12,11.7,9.8,9.2
2018-11-21,17,17,16.7,16.9,16.5,16.8,17.1,16.5,17.3,16.8,16.1,16,16.2,15.9,14.2,15.6,15.9,16.7,16.1,16.7,16.2,12.4
2018-11-22,15.9,15.9,15.6,15.3,15.6,15.7,15.9,15.2,16.1,15.8,15,15.1,15.3,14.5,12.9,14.6,15.2,15.7,14.5,14.6,12.9,11.8
2018-11-23,10.3,10.3,10.1,10.3,10.8,10.8,10.5,11.9,10.9,11.3,10.5,10.6,10.7,10,8.8,10.2,10.8,11,9.9,10,8.5,8.6
2018-11-24,14.7,14.7,14.4,14.5,14.4,14.6,14.7,14,14.9,14.4,13.9,13.9,14.1,13.6,12,13.5,13.8,14.5,13.7,14.1,13.1,10.5
2018-11-25,14.4,14.4,14.2,14.1,14.2,14.3,14.5,13.4,14.6,14,13.8,13.8,13.9,13.5,12.2,13.4,13.7,14.3,13.6,14.1,13.4,10.7
2018-11-26,13.9,13.9,13.6,13.6,13.5,13.7,13.9,12.6,14,13.3,13.1,13,13.2,12.8,11.5,12.7,12.9,13.6,12.9,13.4,12.7,10
2018-11-27,15.8,15.7,15.5,15.1,15.4,15.5,15.7,14.5,15.7,15.1,14.9,15,15.2,14.4,12.7,14.5,15.2,15.5,14.3,14.7,13.7,11.3
2018-11-28,15.6,15.6,15.5,15.7,16,16,15.7,15.4,16,15.8,15.7,15.8,15.9,15.3,14.1,15.4,16,16.1,15.2,15.3,14.5,13.3
2018-11-29,14.9,14.9,14.5,10.9,14.4,13.6,14.3,14.2,13.3,14.4,14.1,14.3,14.3,13.5,13.4,14.1,14.6,14.1,12.6,13.8,14.2,12.9
2018-11-30,13.9,13.9,13.7,13.8,13.9,14,13.9,12.8,14.1,13.5,13.5,13.6,13.8,13.2,11.7,13.2,13.8,14,13.2,13.5,12.8,10.4
2018-12-01,13.8,13.7,13.3,13.2,13.5,13.3,13.6,12.7,13.6,13.4,12.7,12.9,13.1,12.4,10.9,12.5,13.2,13.4,12.4,12.3,11.2,10.1
2018-12-02,17,17,16.8,16.8,16.7,16.8,17,16.1,17.1,16.7,16.2,16.2,16.4,16,14.9,16,16.2,16.7,16.1,16.3,15.5,13.9
2018-12-03,16.3,16.3,15.9,15.7,16.6,16.2,16.1,15.2,16.2,16,15.9,16.2,16.3,15.4,14.1,15.7,16.8,16.5,15.1,15,13.9,13.4
2018-12-04,17.4,17.4,17.2,16.7,17.5,17.3,17.5,18.1,17.6,17.9,16.4,16.8,17,15.7,13.5,16.1,17.3,17.4,15.6,14.6,11.4,14.1
2018-12-05,18.8,18.8,18.7,18.8,18.9,18.9,18.8,18.6,18.9,18.6,18.5,18.7,18.8,18.1,17.2,18.4,19,19,18.1,17.7,16.4,16.9
2018-12-06,14.6,14.6,14.4,14.4,14.7,14.7,14.7,14.6,14.9,14.8,14.2,14.3,14.4,13.9,12.6,14,14.3,14.7,13.8,13.6,11.8,12.7
2018-12-07,12,12,11.6,11.7,12,11.6,11.8,12.2,12,12.4,11.1,11.4,11.5,10.9,9.6,11,11.8,11.7,10.8,10.1,8.4,9.9
2018-12-08,13.9,13.8,13.4,13.2,13.4,13.3,13.7,12.7,13.7,13.5,12.7,12.8,13,12.5,11.3,12.5,13,13.3,12.6,12.6,11.8,10.1
2018-12-09,17.1,17.1,16.9,16.8,17,17.1,17.1,15.8,17.2,16.6,16.6,16.6,16.8,16.2,15,16.3,16.7,17.1,16.2,16.5,15.5,13.7
2018-12-10,13.8,13.8,13.5,13.5,13.5,13.6,13.8,13.1,13.9,13.6,12.9,13,13.1,12.6,11.3,12.6,13,13.5,12.6,12.8,11.8,10.2
2018-12-11,14.1,14.1,13.9,13.7,13.7,13.8,14.1,14,14.2,14,13.1,13.2,13.4,12.9,11.5,12.9,13.3,13.7,13,12.9,11.8,10.9
2018-12-12,13.9,13.9,13.7,14,13.8,13.9,14,13.4,14.3,13.8,13.3,13.3,13.5,13.1,11.6,13,13.3,13.8,13.2,13.3,12.3,10.7
2018-12-13,9.8,9.8,9.5,9.3,10,9.7,9.8,10.2,10,10.3,9.3,9.6,9.7,9,8,9.2,9.9,9.9,8.8,8.8,7.6,7.7
2018-12-14,13.9,13.8,13.5,13.4,13.1,13.3,13.8,12.3,13.9,13.1,12.4,12.4,12.7,12.1,10.5,12,12.4,13.1,12.4,12.5,11.1,8.8
2018-12-15,13.5,13.4,13.1,13.3,13.1,13.2,13.4,12.9,13.6,13.4,12.7,12.7,12.8,12.7,11.9,12.5,12.6,13.1,12.8,12.9,12.4,11
2018-12-16,13.6,13.5,13.2,12.9,12.9,12.8,13.4,12.2,13.3,13.1,12.2,12.3,12.4,12,11,12,12.5,12.8,12,11.7,10.7,10.4
2018-12-17,15.5,15.5,15.1,14.3,14.4,14.5,15.3,13.4,15.1,14.4,13.5,13.5,13.8,13.2,11.5,13.1,13.5,14.3,13.2,13.4,12.2,10.1
2018-12-18,12.9,12.9,12.5,12.7,12.6,12.6,12.8,12.3,13,13,12.1,12.1,12.3,11.9,11,11.9,12.3,12.5,12,11.9,11.4,10.3
2018-12-19,15.4,15.3,15.1,15.2,15,15.2,15.4,14.6,15.6,15.1,14.5,14.4,14.6,14.2,12.6,14,14.3,15,14.3,14.7,13.8,11.1
2018-12-20,14.8,14.7,14.5,14.6,14.5,14.7,14.8,14.1,15,14.5,14,14,14.2,13.7,12.2,13.6,13.9,14.6,13.9,14.3,13.4,10.7
2018-12-21,15.3,15.3,15,15.1,14.6,14.7,15.2,14.6,15.4,15.2,14,14,14.1,13.9,12.7,13.7,14,14.5,14.1,14.1,13.4,11.7
2018-12-22,18.1,18.1,17.9,17.7,18.6,18.4,18.1,17.7,18.2,17.9,18.1,18.5,18.6,17.4,15.9,17.9,19.1,18.8,17.2,17.2,15.9,15
2018-12-23,17.9,17.9,17.7,18,18.2,18.2,18,17.3,18.2,17.8,17.8,17.9,18.1,17.4,16,17.5,18.1,18.3,17.4,17.3,16.1,15.4
2018-12-24,17.4,17.4,17.2,17.5,18.1,18,17.6,18.4,18,18.1,17.7,17.9,18,17.3,15.9,17.5,18.2,18.2,17.1,17.2,16.1,15.8
2018-12-25,13.9,13.9,13.6,13.4,14.3,13.9,13.8,14.5,14,14.6,13.5,13.8,13.9,13.2,12.3,13.5,14.2,14.1,12.9,12.3,10.6,12.8
2018-12-26,12.5,12.5,12.3,12.3,12.9,12.5,12.5,12.4,12.7,13,11.9,12.4,12.5,11.4,9.8,11.9,13,12.7,11.3,10.2,7.5,10.8
2018-12-27,12.6,12.6,12.3,12.6,12.5,12.4,12.6,12.9,13,13.2,11.6,11.8,12,11.5,10,11.5,12,12.3,11.6,10.7,8.8,10.2
2018-12-28,12.5,12.5,12.3,12.4,12.6,12.6,12.6,13.2,12.9,13,11.8,12.1,12.3,11.4,9.6,11.6,12.4,12.6,11.4,10.8,8.7,9.7
2018-12-29,11.5,11.5,11.3,11.2,12.1,11.9,11.6,11.8,11.8,11.9,11.6,11.9,12,11,9.3,11.4,12.3,12.2,10.8,10.7,8.9,9.2
2018-12-30,13.6,13.6,13.4,13.5,14.7,14.5,13.8,15.7,14.3,14.8,14.4,14.7,14.8,13.7,12.1,14.2,15.1,14.9,13.4,13.4,11.7,12.3
2018-12-31,16.2,16.2,16,16.4,16.4,16.6,16.4,16.8,16.7,16.5,16,16.1,16.2,15.7,14.4,15.7,16,16.5,15.8,15.8,14,14.2
2019-01-01,16.7,16.7,16.5,15.8,15.5,15.7,16.5,15.1,16.3,15.9,14.9,14.8,15,14.8,13.9,14.6,14.7,15.4,15,14.9,14.1,13.4
2019-01-02,11.4,11.4,11.3,11.4,13.1,12.6,11.6,12.8,12,12.5,12.6,13.3,13.3,11.7,9.9,12.6,14.1,13.2,11.2,10.9,9.1,10
2019-01-03,12.6,12.6,12.4,12.5,12.4,12.6,12.7,12.5,12.9,12.5,11.9,11.9,12.1,11.6,9.9,11.5,12,12.5,11.7,11.7,10.2,9.3
2019-01-04,12.1,12.1,11.9,11.7,11.5,11.7,12.1,11.4,12.1,11.7,11.1,11.1,11.2,10.9,9.9,10.8,11,11.6,11,11.2,10.4,8.9
2019-01-05,12.2,12.2,12,12,13.6,13.2,12.4,14.1,12.8,13.1,13.1,13.6,13.7,12.2,10.2,12.9,14.3,13.8,11.7,11.7,9.5,10.1
2019-01-06,15.7,15.7,15.5,15.6,16.6,16.4,15.9,15.5,16.2,15.9,16.1,16.4,16.6,15.4,13.5,15.8,16.8,16.8,15.1,15.2,13.4,12.5
2019-01-07,12.6,12.6,12.4,12.8,12.7,12.9,12.8,12.9,13.2,13,12.4,12.4,12.5,12.1,10.7,12.1,12.4,12.9,12.2,12.3,11.1,10
2019-01-08,10.8,10.7,10.6,10.8,11.5,11.4,10.9,10.4,11.2,10.9,11,11.3,11.5,10.4,8.5,10.8,11.8,11.6,10.2,10,8.1,8.1
2019-01-09,15.1,15.1,14.8,14.7,14.5,14.7,15.1,13.4,15.1,14.3,14,14,14.2,13.6,11.8,13.5,14.1,14.6,13.8,14,12.9,10.3
2019-01-10,12,11.9,11.6,11.6,11.5,11.7,12,10.7,12,11.1,11,11,11.2,10.6,9,10.5,11,11.6,10.7,11.4,10.8,7.1
2019-01-11,9.1,9.1,8.9,9.3,9.1,9.3,9.3,8.7,9.6,9,8.7,8.7,8.9,8.4,6.8,8.3,8.7,9.3,8.4,8.8,7.8,5.4
2019-01-12,11.4,11.4,11.2,11.4,11.2,11.4,11.5,11.1,11.7,11.4,10.7,10.7,10.9,10.5,9,10.4,10.7,11.3,10.7,10.7,9.5,8
2019-01-13,13.3,13.3,13.1,13.1,13.5,13.5,13.4,12.1,13.6,13,13,13.1,13.3,12.5,10.8,12.6,13.3,13.6,12.5,12.6,11.1,9.7
2019-01-14,15.1,15,14.8,15,15.2,15.3,15.1,14.2,15.3,14.8,14.7,14.8,15,14.2,12.5,14.3,15,15.3,14.2,14.3,12.9,11.3
2019-01-15,14.7,14.7,14.6,14.4,14.4,14.4,14.7,14.2,14.7,14.4,13.7,13.9,14.1,13.4,11.9,13.5,14.2,14.4,13.4,13,11.4,11.8
2019-01-16,14.3,14.3,14.1,13.9,13.7,13.8,14.2,13.3,14.3,13.9,12.9,13.1,13.3,12.6,11.2,12.7,13.2,13.7,12.8,12.2,10.4,10.9
2019-01-17,13.5,13.5,13.2,13.2,13.2,13.4,13.5,12.4,13.7,13.1,12.7,12.7,12.8,12.3,10.9,12.3,12.6,13.3,12.4,12.8,11.8,9.4
2019-01-18,8.8,8.8,8.6,8.7,8.5,8.7,8.9,7.8,9.1,8.5,8,8,8.2,7.7,6.3,7.6,7.9,8.6,7.8,8,6.9,5.2
2019-01-19,12,11.9,11.7,11.7,11.6,11.8,12,11.6,12.2,11.8,11.1,11.1,11.3,10.8,9.2,10.7,11.1,11.7,10.9,11.2,10.1,7.9
2019-01-20,9,9,8.7,8.6,8.5,8.7,9,8,9,8.6,8.1,8.1,8.2,7.8,6.9,7.8,8,8.6,7.9,8.2,7.3,5.8
2019-01-21,12,11.9,11.6,11.5,11.6,11.7,12,10.8,12,11.3,11,11.1,11.3,10.5,8.7,10.6,11.2,11.7,10.5,11.1,10.1,7.1
2019-01-22,9.4,9.4,9.1,9,9.3,9.3,9.4,8,9.5,8.9,8.7,8.9,9.1,8.1,6.1,8.3,9.1,9.4,8.1,8.2,6.8,4.8
2019-01-23,11.6,11.6,11.2,10.9,10.8,11,11.5,10.2,11.5,10.9,10.1,10.2,10.4,9.8,7.9,9.6,10.3,10.8,9.9,10.4,9.7,5.8
2019-01-24,13.6,13.6,13.1,12.5,12.5,12.7,13.5,10.9,13.3,12.2,11.8,11.8,12,11.3,9.4,11.2,11.7,12.6,11.3,12.2,11.6,7.3
2019-01-25,16,15.9,15.7,16.3,15.6,16,16,14.3,16.2,14.9,15.4,15.3,15.5,15.2,14,15,15.1,15.8,15.5,16,15.5,12.4
2019-01-26,16.1,16.1,15.9,16.2,15.7,16,16.2,15.2,16.3,15.7,15.3,15.2,15.4,15.1,13.5,14.9,15.2,15.8,15.3,15.4,14.4,12.3
2019-01-27,15.2,15.2,14.9,15,14.9,15,15.2,14.1,15.3,14.8,14.4,14.4,14.6,14.2,12.9,14.1,14.4,14.9,14.2,14.6,13.8,11.6
2019-01-28,13.8,13.8,13.5,13.4,12.9,13.2,13.8,12.2,13.8,13,12.3,12.2,12.5,12,10.4,11.8,12.1,13,12.3,12.8,12.2,8.5
2019-01-29,8.2,8.2,8,8,7.9,8.1,8.3,7.6,8.5,8.1,7.3,7.4,7.6,7,5.5,7,7.5,8,7.1,7.1,5.8,4.6
2019-01-30,12.8,12.8,12.5,12.4,12.1,12.4,12.8,11.7,12.9,12.2,11.6,11.5,11.7,11.3,9.8,11.1,11.3,12.2,11.5,12.1,11.5,8.1
2019-01-31,15.6,15.6,15.4,16.2,15.6,15.9,15.8,15.5,16.3,15.8,15.3,15.2,15.4,15,13.6,14.8,15.1,15.8,15.3,15.6,15,12.2
2019-02-01,15.4,15.4,15.2,15.6,15.5,15.7,15.6,14.9,15.9,15.2,15.2,15.2,15.3,14.8,13.4,14.8,15.1,15.7,14.9,15.5,14.8,11.9
2019-02-02,12.6,12.5,12.2,12.3,11.9,12.2,12.6,11.4,12.7,11.9,11.5,11.4,11.6,11.2,9.8,11,11.2,12,11.4,12.2,11.8,7.7
2019-02-03,13.3,13.3,12.9,12.7,12.4,12.8,13.3,11.8,13.4,12.5,11.8,11.7,11.9,11.5,9.7,11.2,11.5,12.5,11.7,12.5,11.8,7.6
2019-02-04,13.9,13.9,13.6,13.4,13.3,13.5,13.8,12.9,13.8,13.2,12.8,12.8,13,12.5,11.1,12.5,12.9,13.4,12.6,12.9,12.2,9.9
2019-02-05,18,18,17.7,17.7,17.3,17.5,18,16.7,17.9,17.1,16.8,16.8,17,16.6,15.2,16.4,16.8,17.4,16.7,17.2,16.6,13.5
2019-02-06,18,18,17.8,17.9,17.6,17.8,18,17,18,17.3,17.3,17.3,17.4,17,15.9,17,17.2,17.7,17.2,17.5,16.9,14.8
2019-02-07,16.8,16.8,16.8,16.3,15.8,16.2,16.8,14.3,16.5,15.1,15.6,15.4,15.6,15.3,14.1,15.1,15.2,16,15.6,16.1,15.5,12.8
2019-02-08,17,17,16.9,17.4,16.7,17,17.1,16.4,17.3,16.6,16.4,16.4,16.5,16.3,15.1,16.1,16.3,16.9,16.5,16.8,16.4,13.6
2019-02-09,18.6,18.6,18.3,17.9,17.6,17.9,18.5,17.1,18.2,17.4,17.2,17.1,17.3,17,15.8,16.8,17,17.7,17.1,17.6,17.1,14.4
2019-02-10,17.6,17.6,17.4,17.5,17.4,17.5,17.7,16.7,17.8,17.2,17,17,17.1,16.6,15.2,16.6,17,17.5,16.7,17.2,16.6,13.6
2019-02-11,16.2,16.1,15.8,16,15.6,15.9,16.2,15.4,16.4,15.6,15.1,15,15.2,14.8,13.2,14.6,14.9,15.7,15,15.5,14.6,11.5
2019-02-12,16.4,16.3,16.1,16.4,16,16.2,16.4,15.6,16.5,15.9,15.6,15.6,15.7,15.4,14.1,15.2,15.5,16.1,15.6,15.9,15.2,12.8
2019-02-13,15.8,15.7,15.8,15.6,15.2,15.6,15.9,14.3,15.7,14.7,15.1,15,15.1,14.9,13.8,14.8,14.8,15.4,15.1,15.4,14.7,12.7
2019-02-14,15.6,15.6,15.7,16,15.9,16.2,15.9,15.3,16.1,15.3,15.9,15.9,16,15.5,14.5,15.6,15.8,16.2,15.6,16,15.1,13.6
2019-02-15,17.6,17.6,17.7,17.6,17.5,17.8,17.8,17.2,17.8,17,17.4,17.4,17.5,17.1,16,17.1,17.3,17.7,17.2,17.5,16.8,15
2019-02-16,19.8,19.7,19.9,19.2,18.9,19.4,19.9,17.7,19.4,17.9,18.9,18.8,18.9,18.5,17.2,18.4,18.5,19.2,18.7,19.4,18.7,15.7
2019-02-17,17.1,17.1,17.1,16.7,16.4,16.8,17.2,15.9,17,16.1,16.3,16.1,16.3,16,14.9,15.9,15.9,16.6,16.2,16.6,15.9,13.6
2019-02-18,16.6,16.6,16.5,16.2,15.7,16.1,16.7,14.7,16.5,15.5,15.3,15.2,15.4,15.1,13.9,14.9,14.9,15.8,15.4,15.7,14.7,12.5
2019-02-19,15.5,15.5,15.4,15.2,15,15.3,15.5,14.1,15.5,14.6,14.7,14.6,14.8,14.4,13.2,14.3,14.5,15.1,14.6,14.9,14,11.9
2019-02-20,15.3,15.3,15,14.8,14.4,14.7,15.2,14.7,15.2,14.8,13.9,13.8,14,13.8,12.6,13.6,13.7,14.4,14,14.1,13.2,11.5
2019-02-21,17.6,17.5,17.7,17.3,17.3,17.6,17.7,16.2,17.5,16.4,17.4,17.3,17.4,17,16,17,17.1,17.6,17.1,17.8,17.3,14.7
2019-02-22,22.4,22.4,22.2,22.6,22.2,22.5,22.5,21.8,22.7,22,21.8,21.8,22,21.5,20,21.4,21.8,22.4,21.7,21.9,20.9,18.6
2019-02-23,22.1,22.1,21.9,21.8,21.5,21.7,22.1,21.3,22,21.4,21.1,21,21.2,20.9,19.9,20.8,20.9,21.5,21.1,21.5,20.9,18.7
2019-02-24,17.9,17.9,18,18.1,17.5,17.9,18.1,16.2,18,16.7,17.6,17.4,17.5,17.4,16.6,17.2,17.2,17.8,17.7,18.2,17.9,15.4
2019-02-25,19.7,19.6,19.7,19.1,18.9,19.3,19.7,17.5,19.3,18.1,18.8,18.7,18.8,18.5,17.6,18.4,18.5,19.1,18.7,19.2,18.7,16.3
2019-02-26,20.9,20.8,21,20.8,20.2,20.8,21.1,18.9,20.9,19.5,20.3,20,20.2,20.1,19.1,19.9,19.6,20.5,20.4,21,20.4,17.8
2019-02-27,24.7,24.7,25,24.9,24.6,25,24.9,22,24.5,22.6,24.7,24.8,24.9,24.1,22.6,24.3,25,25.1,24.2,24.7,24.2,21
2019-02-28,23.2,23.1,22.9,22.6,22.1,22.3,23,20.8,22.7,21.5,21.6,21.5,21.7,21.3,20.1,21.2,21.5,22.1,21.5,21.9,21.5,18.7
2019-03-01,18,18,18.1,18.5,18.1,18.6,18.2,16.9,18.4,17.2,18.5,18.3,18.4,18.2,17.5,18.1,18.2,18.6,18.4,19.2,19.2,15.9
2019-03-02,18.5,18.5,18.6,19.1,18.7,19.2,18.9,17.8,19,17.9,18.9,18.8,18.9,18.6,17.6,18.5,18.6,19.2,18.8,19.5,19.1,15.9
2019-03-03,23,22.9,23.1,23.9,23,23.4,23.2,20.8,23.1,21.4,23,23,23.1,22.6,21.2,22.5,23.1,23.4,23,23.4,23.2,19.3
2019-03-04,22.3,22.3,22,22.4,21.8,22.1,22.4,21.7,22.7,22,21.3,21.2,21.4,21.1,19.5,20.8,21.1,21.9,21.3,21.7,20.8,17.8
2019-03-05,17.9,17.9,17.7,18,17.7,18,18,17.4,18.2,17.4,17.5,17.4,17.6,17.3,16.1,17.1,17.3,17.9,17.4,18,17.6,14.5
2019-03-06,15.9,15.9,15.6,15.3,15.2,15.3,15.8,14.2,15.7,15,14.6,14.6,14.8,14.3,13,14.2,14.6,15.2,14.3,14.5,13.4,12.2
2019-03-07,18.1,18.1,17.9,18.5,17.7,18.1,18.3,17.6,18.7,17.9,17.3,17.2,17.4,17.1,15.5,16.8,17,17.9,17.4,17.9,17.3,13.7
2019-03-08,19.3,19.2,19,19.1,18.8,19.1,19.2,17.5,19.2,18.1,18.5,18.5,18.7,18.2,16.8,18.1,18.5,19,18.3,19,18.4,15.1
2019-03-09,20.5,20.5,20.5,20.5,20.5,20.7,20.7,18.9,20.5,19.3,20.4,20.4,20.5,19.9,18.6,20,20.4,20.8,19.9,20.6,20.1,17.1
2019-03-10,23.1,23.1,23.2,23.3,22.9,23.3,23.3,21.4,23.2,21.9,23,22.9,23,22.7,21.7,22.6,22.7,23.2,22.9,23.7,23.7,20
2019-03-11,17.4,17.4,17.5,18.7,18.1,18.6,17.9,16.4,18.4,17,18.5,18.3,18.4,18.1,17.1,18,18,18.6,18.4,19.2,18.8,15.6
2019-03-12,18.1,18.1,18.1,18.8,17.8,18.3,18.4,17,18.6,17.5,17.6,17.5,17.7,17.4,16,17.2,17.3,18.1,17.7,17.8,16.7,15
2019-03-13,15.4,15.4,15.6,16.6,15.6,16.3,15.8,13.2,16,14.2,16,15.8,16,15.6,14.4,15.5,15.7,16.2,16,16.7,16,12.8
2019-03-14,18.4,18.4,18.2,18.8,18.1,18.4,18.6,17.7,18.9,18.1,17.8,17.7,17.9,17.6,16.3,17.4,17.6,18.3,17.9,18.2,17.5,14.7
2019-03-15,21.9,21.8,21.9,22.2,21.3,21.8,22,19.7,21.9,20.5,21.2,21.1,21.3,20.9,19.6,20.7,21,21.6,21.2,21.6,21.1,18
2019-03-16,22.8,22.8,23.1,22.6,23.1,23.3,22.9,20.2,22.4,20.9,23.9,23.7,23.7,23.4,23.4,23.6,23.6,23.6,23.3,24.8,25.8,21.8
2019-03-17,22,22,22.2,22.7,21.9,22.5,22.4,20.5,22.4,20.7,22.2,22,22.1,21.9,20.8,21.7,21.7,22.4,22.4,22.9,22,19.3
2019-03-18,17.4,17.4,17.4,17.4,16.5,17.2,17.7,15.9,17.6,16.1,16.5,16.2,16.4,16.3,14.9,15.9,15.7,16.9,16.7,17.6,17,12.8
2019-03-19,16.3,16.3,15.9,15.9,15,15.6,16.3,15.3,16.4,15.4,14.5,14.3,14.5,14.5,13.1,14,13.9,15.2,14.9,15.4,14.5,11.4
2019-03-20,17,16.9,16.7,16.9,16.1,16.6,17,15.9,17,16.1,15.8,15.6,15.8,15.7,14.6,15.4,15.3,16.3,16,16.5,16,13
2019-03-21,17.7,17.7,17.6,17.5,17.3,17.7,17.8,16.2,17.8,16.7,17.2,17.1,17.3,16.9,15.5,16.8,17,17.6,17,17.7,17.1,13.9
2019-03-22,21.8,21.8,21.8,21.7,21.1,21.6,22,19.6,21.8,20.3,21.1,20.8,21,20.8,19.7,20.6,20.5,21.4,21.1,21.8,21.4,18.1
2019-03-23,23.8,23.7,23.8,24,23.5,24,24,22.9,24.1,22.9,23.4,23.3,23.5,23,21.6,22.9,23.1,23.9,23.3,23.8,22.8,19.9
2019-03-24,23.9,23.8,23.9,23.8,23.5,24,24.1,22.3,24,22.6,23.4,23.3,23.5,23,21.6,22.9,23.1,23.8,23.2,23.8,22.9,19.9
2019-03-25,24,23.9,23.7,24.1,23.4,23.7,24,23,24.1,23.1,22.9,22.9,23.1,22.7,21,22.5,22.9,23.5,22.9,23.3,22.8,19.3
2019-03-26,20.9,20.9,20.6,20.9,20.2,20.7,21,19.5,21.1,19.9,20,19.8,20,19.9,18.8,19.5,19.5,20.4,20.2,21,20.7,17.1
2019-03-27,19.9,19.9,19.7,19.8,19.4,19.7,19.9,18.1,19.9,18.7,19.2,19.1,19.3,19,17.9,18.8,19,19.6,19.2,19.8,19.3,16.5
2019-03-28,18.5,18.5,18.6,19.1,18.5,19,18.9,18.1,19,17.9,18.6,18.5,18.6,18.3,17.1,18.1,18.3,18.9,18.5,19.1,18.5,15.4
2019-03-29,17.8,17.7,17.7,17.9,17.2,17.8,18,17,18.1,16.9,17.1,16.9,17.1,16.9,15.6,16.6,16.5,17.6,17.2,17.9,17.2,13.8
2019-03-30,17.7,17.7,17.6,17.1,16.7,17.2,17.8,16.8,17.6,16.8,16.4,16.2,16.4,16.2,15.1,16,15.9,16.9,16.4,16.8,15.9,13.6
2019-03-31,17.7,17.6,17.7,17.9,17.5,17.9,17.8,16,17.8,16.5,17.5,17.4,17.6,17.1,15.9,17.1,17.3,17.8,17.3,17.8,17,14.6
2019-04-01,20.4,20.4,20.5,20.4,19.9,20.5,20.7,19,20.5,19.1,19.9,19.7,19.9,19.5,18.1,19.3,19.4,20.3,19.8,20.5,19.7,16.4
2019-04-02,20,20,20,20.2,19.8,20.3,20.3,18.3,20.3,18.8,19.8,19.7,19.9,19.4,17.9,19.3,19.6,20.2,19.6,20.3,19.7,16
2019-04-03,17.5,17.5,17.2,17.6,16.9,17.3,17.7,17.7,18,17.5,16.5,16.3,16.5,16.3,14.8,15.9,16,17,16.7,17.3,16.7,12.8
2019-04-04,16.9,16.9,16.6,16.6,15.7,16.2,16.8,15.1,16.8,15.7,15.3,15.1,15.3,15.1,14,14.8,14.9,15.8,15.5,16,15.5,12.2
2019-04-05,16.6,16.6,16.3,16.7,16.1,16.4,16.7,14,16.8,15.4,15.7,15.6,15.8,15.3,13.8,15.2,15.5,16.3,15.5,16.1,15.3,12
2019-04-06,16.3,16.3,16,16.4,15.7,16.1,16.4,15.1,16.7,15.7,15.3,15.2,15.4,15.1,13.6,14.8,14.9,15.9,15.4,16.1,15.5,11.6
2019-04-07,17.5,17.4,17.1,17.4,16.7,17.2,17.5,17.2,17.7,16.9,16.4,16.2,16.4,16.2,15.2,15.9,15.9,16.9,16.5,17,16.2,13.2
2019-04-08,20.1,20.1,19.9,20.2,19.7,20,20.2,19.1,20.3,19.5,19.4,19.3,19.5,19.2,17.9,19,19.2,19.9,19.3,19.9,19.4,16.3
2019-04-09,16.8,16.8,16.6,17.1,16.3,16.7,16.9,15.3,17.1,16,16.2,16,16.2,16,15,15.7,15.8,16.6,16.4,16.8,16.3,13.1
2019-04-10,19.7,19.7,19.3,19.7,18.6,19.2,19.8,18.8,20,19,18.2,17.9,18.2,18.2,17,17.7,17.5,18.8,18.6,19.3,18.8,15
2019-04-11,20.4,20.3,20,20.6,19.5,20,20.5,18.9,20.6,19.4,19.2,18.9,19.1,19.1,17.8,18.6,18.5,19.7,19.6,20.3,20,15.7
2019-04-12,19.4,19.3,19.4,20.3,19.2,20,19.8,18.6,20.2,18.6,19.6,19.2,19.4,19.4,18.1,18.9,18.7,19.8,19.8,20.9,20.4,15.9
2019-04-13,21.2,21.1,21.2,21.3,20.6,21.3,21.4,19.6,21.4,19.8,20.8,20.6,20.7,20.6,19.5,20.3,20.1,21.1,20.9,21.8,21.4,17.7
2019-04-14,18.5,18.5,18.8,19.2,18.2,19,19,17.5,19.1,17.5,18.5,18.2,18.3,18.4,17.4,18,17.6,18.7,18.8,19.6,19,15.7
2019-04-15,16.8,16.8,16.9,17,16.2,16.7,17,16.2,17.1,16.3,16.1,15.9,16,16.2,15.4,15.8,15.4,16.4,16.5,16.8,16.2,14.3
2019-04-16,19.1,19.1,19.1,19.4,18.5,19.1,19.4,18.3,19.4,18.3,18.3,18.1,18.3,18.1,16.6,17.8,17.8,18.8,18.5,18.9,17.9,15
2019-04-17,18.6,18.6,18.7,18.6,17.9,18.5,18.8,17.9,18.8,18,17.9,17.7,17.8,17.9,17.1,17.6,17.2,18.1,18.3,18.6,18,16.1
2019-04-18,20.7,20.7,20.6,19.3,19,19.3,20.5,17.4,19.8,18.6,18.6,18.4,18.6,18.5,17.9,18.3,18.2,19,18.7,19.1,18.8,16.5
2019-04-19,21.7,21.7,21.6,20.7,20.5,20.8,21.6,18.9,21.1,20,20.2,20.1,20.2,20,19.3,19.9,19.9,20.5,20.1,20.6,20.3,18
2019-04-20,18.3,18.3,18.3,18,17.8,18.1,18.4,16.8,18.4,17.6,17.7,17.5,17.6,17.5,16.7,17.3,17.2,17.9,17.6,18.1,17.7,15.5
2019-04-21,20.6,20.5,20.1,18.8,18.6,18.9,20.2,18.2,19.7,18.9,17.8,17.7,17.9,17.6,16.3,17.4,17.4,18.5,17.8,18.1,17.2,14.9
2019-04-22,17.9,17.9,17.6,17.2,17.3,17.4,17.8,16.4,17.7,17.1,17.1,17,17.1,16.9,16.1,16.8,16.8,17.4,16.9,17.5,17.4,14.8
2019-04-23,20.7,20.7,20.4,20.7,20.2,20.5,20.7,19.1,20.8,19.7,19.9,19.8,20,19.6,18.4,19.5,19.7,20.4,19.8,20.2,19.5,16.8
2019-04-24,18.8,18.7,18.4,18.6,18.2,18.5,18.8,17.1,18.9,17.8,17.8,17.7,17.9,17.4,15.9,17.3,17.6,18.4,17.6,18.2,17.2,14.2
2019-04-25,17.7,17.6,17.4,17.4,17.3,17.6,17.7,16,17.8,16.9,17,16.9,17.1,16.6,15.4,16.5,16.7,17.5,16.8,17.3,16.4,13.9
2019-04-26,22,22,21.7,22,21.3,21.7,22.1,21.2,22.3,21.5,20.7,20.6,20.9,20.5,18.9,20.2,20.5,21.4,20.8,21.2,20.4,17.1
2019-04-27,21.1,21.1,21.2,21.7,21.1,21.6,21.4,20.2,21.6,20.3,21.3,21.1,21.2,21,19.9,20.8,20.8,21.5,21.3,22.2,22,17.9
2019-04-28,17.6,17.5,17.7,17.9,17.3,18,17.9,15.8,17.9,16.5,17.7,17.4,17.5,17.6,16.8,17.3,16.9,17.8,18,18.7,18.2,15.1
2019-04-29,19.1,19.1,19.1,19.3,18.7,19.2,19.4,17.9,19.5,18.4,18.6,18.4,18.6,18.3,16.9,18.1,18.2,19,18.5,19,18,15.5
2019-04-30,20.8,20.8,21,21.7,20.8,21.4,21.2,19.6,21.4,19.9,21,20.8,21,20.6,19.3,20.5,20.6,21.3,20.9,21.4,20.7,17.7
2019-05-01,22.4,22.4,22.5,23.2,22.4,22.9,22.7,20.8,22.9,21.3,22.4,22.3,22.5,22,20.6,21.9,22.2,22.8,22.3,22.6,21.5,19.2
2019-05-02,20.5,20.5,20.5,20.7,19.9,20.6,20.8,19.5,20.9,19.6,19.8,19.6,19.8,19.6,18.2,19.3,19.2,20.3,20,20.5,19.4,16.6
2019-05-03,14,14,13.7,13.4,13.5,13.6,14,13.2,14,13.7,13,13,13.1,12.7,11.5,12.6,12.9,13.5,12.7,13.1,12.3,10.3
2019-05-04,21.7,21.6,21.4,21.7,20.9,21.3,21.7,20.1,21.7,20.6,20.6,20.5,20.7,20.3,19.1,20.1,20.3,21.1,20.6,21.1,20.6,17.3
2019-05-05,21.4,21.4,21,21,20.5,20.9,21.4,19.6,21.5,20.4,20,19.9,20.2,19.6,18,19.4,19.7,20.7,19.9,20.5,19.6,15.9
2019-05-06,17.9,17.9,18,18.7,18.1,18.6,18.3,17,18.6,17.4,18.2,18.1,18.2,18,16.9,17.8,17.9,18.5,18.2,18.6,17.8,15.9
2019-05-07,17.1,17.1,17.4,17.6,17.6,18.1,17.6,15.4,17.7,16.4,17.9,17.8,17.9,17.5,16.5,17.6,17.6,18.1,17.5,18,16.9,15.7
2019-05-08,25.5,25.5,25.2,25.6,24.7,25.1,25.5,22.8,25.3,23.7,24.3,24.2,24.4,24,23,23.8,24,24.9,24.2,24.7,23.9,21.3
2019-05-09,21.1,21.1,21.2,21.6,21.1,21.7,21.5,20.6,21.8,20.7,21.5,21.2,21.3,21.4,20.6,21,20.7,21.6,21.7,22.8,22.8,18.6
2019-05-10,24.6,24.6,24.8,24.8,24.4,25.1,24.9,22.6,24.8,23,25,24.6,24.7,24.7,23.9,24.4,24.2,25,25,26.1,26,22
2019-05-11,21.6,21.6,21.7,21.8,21.8,22.2,21.9,20.7,22.1,20.9,22,21.9,22,21.7,20.6,21.6,21.6,22.2,21.8,22.6,21.9,19
2019-05-12,22.7,22.7,22.9,23.5,22.3,23.3,23.2,20.9,23.3,21.4,22.9,22.4,22.6,22.8,22,22.3,21.7,23,23.3,24.5,24.5,19.5
2019-05-13,20.8,20.8,20.9,21.3,21.1,21.6,21.2,20,21.4,20.3,21.3,21.1,21.2,20.9,19.7,20.8,20.8,21.5,21,21.6,20.5,18.2
2019-05-14,22.1,22.1,22.6,24,22.9,23.5,22.8,20.5,23.2,21.2,23.3,23.3,23.4,23,21.7,22.9,23.1,23.5,23.3,23.6,22.8,20.5
2019-05-15,19.5,19.5,19.9,20.7,20,20.7,20.1,19.6,20.5,19.3,20.5,20.2,20.3,20.2,19.2,20,19.8,20.6,20.5,21,20.2,17.9
2019-05-16,21.8,21.8,22,22.8,21.8,22.4,22.2,20.3,22.4,20.8,21.8,21.7,21.9,21.5,20,21.4,21.6,22.2,21.8,22,20.8,19
2019-05-17,17.5,17.4,17.1,16.7,16.5,16.7,17.3,14.9,17.1,16.2,16,16,16.2,15.8,14.4,15.6,16,16.6,15.9,16.4,15.8,12.8
2019-05-18,20.4,20.4,20.1,20.4,19.9,20.2,20.4,18.6,20.5,19.3,19.7,19.6,19.8,19.4,18.1,19.2,19.5,20.1,19.6,20.4,20.2,16
2019-05-19,18.9,18.9,18.6,18.5,18.4,18.6,18.9,16.9,18.9,17.8,18.1,18,18.2,17.8,16.6,17.7,18,18.6,17.9,18.7,18.3,14.5
2019-05-20,21.7,21.7,21.7,22,21.2,21.9,22,19.9,22,20.5,21.4,21.1,21.3,21.1,20,20.8,20.7,21.7,21.5,22.4,22.1,17.8
2019-05-21,23.6,23.6,23.7,24.6,23.2,24,24,22.2,24.3,22.6,23.2,23,23.2,23,21.5,22.6,22.7,23.7,23.5,23.9,23,19.5
2019-05-22,24.2,24.2,24.2,24.3,23.8,24.4,24.4,22.4,24.4,22.9,24.1,23.8,23.9,23.8,23,23.6,23.4,24.2,24.1,25,24.7,21
2019-05-23,25.3,25.3,25.6,26.3,25.6,26.2,25.8,23.5,25.9,24.2,26,25.9,26,25.6,24.6,25.5,25.6,26.2,25.9,26.8,26.5,22.7
2019-05-24,16.6,16.6,16.4,16.3,16.3,16.5,16.6,16.7,16.8,16.5,16,15.9,16,15.7,15,15.7,15.7,16.4,15.8,16.1,15.4,13.9
2019-05-25,23.2,23.2,22.9,23.6,23.1,23.5,23.4,21.9,23.8,22.8,22.8,22.7,22.9,22.4,20.9,22.3,22.5,23.4,22.7,23.1,22,19.1
2019-05-26,24.6,24.5,24.3,25.2,24.4,24.9,24.8,23.7,25.2,24.1,24.3,24.1,24.3,24.1,23.1,23.8,23.8,24.7,24.4,25.2,24.9,20.9
2019-05-27,25.3,25.3,25.1,25.8,25.1,25.5,25.4,23.6,25.6,24.3,25,24.9,25.1,24.8,23.7,24.6,24.8,25.4,25.1,25.7,25.2,21.9
2019-05-28,20.9,20.9,21,22,20.9,21.7,21.4,19.7,21.8,20.3,21.3,20.9,21.1,21.3,20.4,20.8,20.4,21.4,21.8,22.7,22.4,18.3
2019-05-29,22,22,22.2,23.5,22.8,23.4,22.5,20.5,23,21.1,23.4,23.2,23.3,23,21.9,22.8,23,23.5,23.2,24.4,24.3,19.6
2019-05-30,23.4,23.4,23.6,24,23.3,24,23.8,22.2,23.9,22.5,23.7,23.3,23.5,23.5,22.6,23.2,22.8,23.8,23.8,24.7,24.3,20.8
2019-05-31,25.8,25.8,26,27.2,26.1,26.7,26.3,24.5,26.7,25.2,26.3,26.1,26.3,26,24.7,25.8,25.9,26.6,26.4,26.8,26,23.4
2019-06-01,28.3,28.3,28.5,28.8,28.2,28.8,28.6,25.9,28.5,26.7,28.4,28.3,28.5,28,26.6,27.9,28.2,28.7,28.2,28.8,28,25.1
2019-06-02,27.7,27.7,28.1,28.9,27.9,28.6,28.2,25.8,28.3,26.5,28,27.9,28.1,27.6,26.1,27.5,27.7,28.4,27.9,28.1,26.8,25.1
2019-06-03,28.4,28.4,28.7,29.1,28.4,29,28.8,26.5,28.7,27.1,28.4,28.4,28.5,27.9,26.4,28,28.2,28.8,28.1,28.4,27.2,25.3
2019-06-04,26.7,26.7,27,27.3,27.1,27.5,27.1,25.1,27.1,25.6,27.4,27.3,27.4,27,25.9,27,27.2,27.6,27.1,27.7,27.1,24.6
2019-06-05,25.3,25.2,25,25,24.8,25.1,25.3,23.9,25.4,24.6,24.3,24.3,24.5,24,22.4,23.9,24.1,24.9,24.1,24.4,22.9,21.3
2019-06-06,22.2,22.2,22.3,22.8,22.3,22.8,22.6,20.8,22.8,21.3,22.3,22.3,22.4,21.9,20.4,21.8,22.1,22.8,22.1,22.6,21.4,18.8
2019-06-07,27.6,27.6,27.3,27.5,27.1,27.4,27.6,26.3,27.8,26.9,26.7,26.6,26.8,26.4,24.9,26.2,26.5,27.3,26.6,27.2,26.3,23
2019-06-08,25.1,25.1,25.3,25.6,24.7,25.5,25.5,23.7,25.5,23.9,24.9,24.6,24.8,24.8,23.6,24.4,24.1,25.2,25.2,25.8,24.8,22.1
2019-06-09,26.9,26.9,26.9,26.9,26.6,27,27.1,25.4,27.2,26.1,26.2,26.2,26.4,25.8,24.1,25.8,26.1,26.8,26,26,24.3,23
2019-06-10,28.7,28.7,28.5,29.1,28.3,28.7,28.8,27.1,29,27.7,28,27.9,28.1,27.7,26.2,27.5,27.8,28.6,28,28.6,27.8,24.3
2019-06-11,18.2,18.2,17.9,17.8,17.3,17.6,18.2,16.7,18.2,17.4,16.8,16.7,16.9,16.6,15.2,16.4,16.6,17.4,16.8,17.1,16.2,13.8
2019-06-12,21.2,21.2,21.2,21.5,21.1,21.6,21.5,19.8,21.6,20.3,21.3,21.1,21.2,21,20.1,20.8,20.7,21.5,21.2,22,21.3,18.4
2019-06-13,24.3,24.3,24.6,24.8,24.1,24.8,24.7,22.7,24.6,23,24.4,24.1,24.3,24.1,23,23.9,23.6,24.6,24.5,25.3,24.7,21.4
2019-06-14,27.5,27.4,27.4,27.3,26.6,27.1,27.6,25.5,27.5,26.2,26.4,26.1,26.3,26.1,25.1,25.9,25.8,26.8,26.4,26.8,25.8,23.8
2019-06-15,26.5,26.5,26.6,26.9,26.1,26.8,26.8,24.3,26.7,24.9,26.4,26.1,26.2,26.3,25.4,25.9,25.6,26.6,26.6,27.6,27.4,23.4
2019-06-16,27.2,27.2,27.4,27.6,27.2,27.7,27.6,25.2,27.5,25.9,27.3,27.2,27.4,26.8,25.4,26.8,27.1,27.7,27,27.6,26.6,24.1
2019-06-17,30.2,30.2,30.5,30.8,30,30.7,30.6,28.6,30.6,28.9,30.3,30.1,30.2,30,28.6,29.8,29.7,30.6,30.3,31,30.2,26.9
2019-06-18,29.2,29.1,29.4,29.9,29.3,29.9,29.6,27.2,29.6,27.8,29.4,29.3,29.5,28.8,27.4,28.9,29.2,29.8,29,29.3,27.9,26.2
2019-06-19,30,30,30.3,29.7,29.6,30.2,30.3,26.6,29.8,27.6,30.1,29.8,29.9,29.6,28.8,29.6,29.5,30.1,29.8,30.9,30.5,27.1
2019-06-20,28.4,28.3,28.5,28.6,28.3,28.9,28.6,26.5,28.5,26.7,28.7,28.5,28.6,28.2,27.2,28.2,28.1,28.9,28.4,29.3,28.4,25.7
2019-06-21,28.6,28.6,28.3,28.5,28,28.3,28.6,27.4,28.6,27.6,27.7,27.5,27.7,27.5,26,27.2,27.4,28.2,27.7,28.5,28.1,23.8
2019-06-22,30.3,30.3,30.5,31,30.2,30.8,30.6,28,30.6,28.8,30.3,30.2,30.3,29.8,28.5,29.8,30,30.7,30.1,30.5,29.7,27
2019-06-23,32.5,32.5,32.8,32.5,32.8,33.2,32.8,29.5,32.4,30.4,33.1,33.2,33.3,32.4,31,32.7,33.3,33.4,32.3,33.2,32.4,29.5
2019-06-24,32.5,32.5,32.7,32.2,31.9,32.4,32.6,28.9,32,30,32,31.9,32,31.5,30.2,31.5,31.8,32.3,31.6,32.3,31.7,28.6
2019-06-25,29.9,29.9,30.3,30.9,30.6,31.1,30.4,28.7,30.5,28.9,31.2,31.1,31.1,30.8,30,30.8,30.9,31.2,30.9,31.4,30.6,28.9
2019-06-26,34.1,34.1,34.5,34.9,34.7,35.2,34.5,32.4,34.5,32.7,35.1,35.1,35.2,34.5,33,34.6,35,35.3,34.5,35.1,34,31.7
2019-06-27,37.3,37.3,37.7,36.9,36.7,37.3,37.6,35,37,35.2,36.9,36.8,36.9,36.5,35.4,36.4,36.4,37.2,36.7,37.4,36.5,33.8
2019-06-28,40.9,40.9,41.3,41.9,40.9,41.6,41.3,38.1,41.2,38.7,41,41,41.2,40.3,38.5,40.4,40.9,41.5,40.6,40.9,39.3,37.1
2019-06-29,37.6,37.6,38,37.8,36.8,37.7,38,35.8,37.8,35.9,37.1,36.8,36.9,36.9,35.7,36.5,36.1,37.4,37.4,38.1,37.1,34.1
2019-06-30,34.8,34.7,35.2,34.5,34.2,35,35.1,32.1,34.5,32.6,34.8,34.5,34.6,34.5,33.7,34.3,34,34.8,34.7,35.7,35.2,32.1
2019-07-01,34.1,34,34.3,33.2,32.7,33.5,34.1,30.3,33.3,31.2,33.1,32.7,32.8,33,32.4,32.6,32,33.1,33.3,34.3,33.9,31
2019-07-02,31.9,31.9,32.2,32.7,32.3,32.9,32.4,30.9,32.5,30.9,32.6,32.6,32.7,32.2,30.9,32.2,32.4,32.9,32.3,33,32,29.3
2019-07-03,33.5,33.5,33.8,34.5,33.2,34.1,34,32.2,34.1,32.2,33.6,33.2,33.4,33.5,32.4,33,32.6,33.8,34,34.8,34.3,30.2
2019-07-04,32.7,32.7,33,33,32,32.9,33.1,31.4,33,31.4,32.4,32,32.2,32.3,31.3,31.9,31.4,32.6,32.7,33.5,32.9,29.7
2019-07-05,34.5,34.5,34.8,34.9,34.5,35.1,34.9,33,34.9,33.3,34.6,34.5,34.7,34.2,32.7,34.1,34.4,35,34.4,34.9,33.9,31.2
2019-07-06,34.6,34.6,35,34.9,34.8,35.4,35,31.7,34.7,32.6,35.4,35.3,35.4,34.9,34.2,35,35.1,35.4,35,36,35.7,32.7
2019-07-07,34.3,34.3,34.7,34.9,33.7,34.7,34.8,32.1,34.6,32.4,34.2,33.8,33.9,34.2,33.4,33.7,33,34.3,34.7,35.6,35,31.7
2019-07-08,30.1,30,29.8,29.7,30.1,30.2,30.1,29.3,30.2,29.6,29.9,29.9,30,29.6,28.8,29.6,29.8,30.2,29.5,30.2,29.7,27.4
2019-07-09,30.2,30.1,29.9,30.2,29.5,29.8,30.2,29.7,30.5,29.7,28.9,28.8,29.1,28.6,27,28.4,28.7,29.6,29,29.1,27.8,25.3
2019-07-10,32.8,32.7,32.8,32.9,32.5,32.9,33,31,32.9,31.5,32.5,32.4,32.5,32.1,31.1,32,32.2,32.8,32.3,33,32.5,29.3
2019-07-11,33.9,33.9,34.2,35.2,34.1,34.8,34.4,31.8,34.5,32.5,34.2,34.3,34.4,33.7,32.1,33.8,34.2,34.7,34,34.3,33.1,30.9
2019-07-12,32.7,32.7,33,33.5,32.7,33.5,33.2,30.8,33.2,31.3,33.1,33,33.1,32.7,31.5,32.6,32.8,33.4,33,33.6,32.7,29.9
2019-07-13,31.8,31.8,32.1,32.8,32.2,32.7,32.3,30.7,32.5,31.1,32.4,32.4,32.5,32.1,30.9,32,32.2,32.7,32.3,32.6,31.5,29.8
2019-07-14,29.3,29.2,29.1,29.7,29.1,29.4,29.4,28.3,29.6,28.6,28.7,28.7,28.9,28.4,27.2,28.4,28.6,29.3,28.7,28.7,27.4,26.2
2019-07-15,28.8,28.8,29,29.7,29.1,29.7,29.4,28.2,29.7,28.3,29.3,29.1,29.3,28.9,27.6,28.8,28.7,29.6,29.3,29.8,28.5,25.9
2019-07-16,30.8,30.8,31,31.7,30.9,31.4,31.2,29,31.4,29.8,30.9,30.8,31,30.4,28.8,30.4,30.7,31.3,30.7,31,29.8,27.5
2019-07-17,32.1,32,31.9,31.9,31.1,31.6,32.2,30.4,32.1,30.8,30.7,30.6,30.8,30.5,29.3,30.3,30.2,31.3,30.9,31.2,30.3,27.8
2019-07-18,30.1,30.1,30.2,30.9,29.7,30.5,30.5,29.3,30.8,29.4,29.8,29.5,29.7,29.7,28.3,29.3,29.1,30.2,30.2,30.7,29.8,26.5
2019-07-19,30.1,30.1,30.2,30.1,29.1,29.8,30.4,28.7,30.3,29.1,29.1,28.7,28.9,29,27.8,28.5,28.2,29.4,29.5,29.8,29,26.1
2019-07-20,32.1,32.1,32.4,32.6,31.7,32.5,32.6,31.1,32.6,31.1,31.9,31.6,31.7,31.7,30.4,31.3,31,32.1,32.1,32.6,31.5,28.9
2019-07-21,32,32,32.3,32.3,31.8,32.5,32.4,31.2,32.4,31.1,32,31.8,32,31.8,30.5,31.6,31.5,32.3,32.1,32.6,31.5,29.1
2019-07-22,35.3,35.2,35.5,35,34.4,35.1,35.5,33.1,35.2,33.5,34.5,34.3,34.4,34.3,32.9,34,33.8,34.8,34.6,35.1,33.9,31.5
2019-07-23,35.9,35.9,36.3,37.2,35.8,36.7,36.5,34.2,36.6,34.5,36.2,36,36.2,35.9,34.5,35.6,35.6,36.5,36.5,36.9,35.9,32.6
2019-07-24,34.7,34.7,35.1,35,34,34.9,35.1,32.3,34.9,32.9,34.3,34,34.2,34.1,32.9,33.8,33.5,34.6,34.5,35,34.1,31.3
2019-07-25,33.3,33.3,33.7,33.8,32.9,33.7,33.8,32,33.7,32.1,33.2,32.9,33,33,31.8,32.7,32.4,33.4,33.5,34,33.1,30.2
2019-07-26,34.3,34.3,34.3,34.5,33.9,34.4,34.6,33.1,34.6,33.2,33.7,33.6,33.8,33.3,31.6,33.2,33.5,34.3,33.6,34,32.8,29.8
2019-07-27,27.7,27.6,27.4,27.8,27.1,27.5,27.7,25.4,27.8,26.5,27,26.9,27,26.8,25.8,26.6,26.7,27.4,27.1,27.9,27.8,23.8
2019-07-28,28.2,28.2,28.3,28.9,28.1,28.7,28.6,27.5,28.9,27.7,28.3,28,28.2,28.1,26.9,27.8,27.6,28.6,28.5,29.2,28.4,25.1
2019-07-29,30.2,30.2,30.4,30.9,30.5,31.1,30.7,28.7,30.8,29.3,30.8,30.7,30.8,30.4,29.1,30.3,30.6,31.1,30.5,31.2,30.4,27.7
2019-07-30,30,30,30,30.6,29.8,30.4,30.3,28.8,30.6,29.3,29.7,29.6,29.8,29.5,28,29.2,29.3,30.2,29.8,30.2,29,26.3
2019-07-31,27.6,27.6,27.9,28.6,27.9,28.5,28.1,26.8,28.4,27.1,28.1,27.9,28.1,27.8,26.7,27.7,27.6,28.3,28.1,28.5,27.6,25.6
2019-08-01,31.8,31.8,32,32.3,31.6,32.2,32.2,29.9,32.1,30.5,31.7,31.6,31.8,31.3,29.9,31.2,31.4,32.1,31.6,32.1,31.1,28.3
2019-08-02,33.4,33.4,33.6,34.1,33.5,34.1,33.8,31.8,34,32.4,33.6,33.5,33.7,33.2,31.9,33.1,33.3,34,33.5,34.1,33.2,30.2
2019-08-03,33.1,33.1,33.4,33.9,33.2,33.8,33.5,30.8,33.6,31.7,33.3,33.3,33.4,32.8,31.2,32.8,33.2,33.7,33,33.5,32.3,29.7
2019-08-04,33.1,33.1,33.3,33.2,33,33.5,33.4,31.1,33.3,31.8,33.1,33,33.1,32.6,31.2,32.6,32.8,33.4,32.8,33.3,32.1,29.9
2019-08-05,34.1,34.1,34.3,34.8,34.1,34.8,34.5,32.8,34.7,33.1,34.3,34.1,34.3,33.9,32.4,33.7,33.9,34.6,34.2,34.7,33.6,30.7
2019-08-06,34.2,34.1,34.4,34.2,33.5,34.1,34.4,31.7,34.1,32.2,33.6,33.4,33.5,33.2,31.9,33,33,33.9,33.5,34.1,33.4,30.2
2019-08-07,31.2,31.1,31.2,31.5,30.7,31.3,31.4,29.5,31.4,29.9,30.7,30.5,30.7,30.5,29.4,30.2,30.1,31.1,30.8,31.3,30.5,27.9
2019-08-08,33.8,33.8,34,34.3,34,34.5,34.1,30.8,34,32,34.2,34.2,34.3,33.6,32.1,33.7,34.2,34.6,33.7,34.4,33.5,30.5
2019-08-09,35.6,35.5,35.9,35.8,36.3,36.6,35.9,33,35.7,33.9,37,37,37,36.3,35.5,36.6,37,37,36.2,37.5,37.5,33.9
2019-08-10,34.2,34.1,34.2,33.6,33.3,33.9,34.3,31.9,33.9,32.4,33.4,33.1,33.3,33,31.9,32.8,32.8,33.7,33.3,34.1,33.4,30
2019-08-11,32.4,32.4,32.6,33.2,32.5,33.2,32.9,30.6,33,31.2,33,32.7,32.9,32.6,31.6,32.4,32.4,33.1,32.9,33.9,33.4,29.7
2019-08-12,29.5,29.4,29.2,29.5,29.1,29.3,29.5,27.5,29.5,28.4,28.9,28.8,28.9,28.7,27.8,28.5,28.7,29.3,28.8,29.6,29.4,26
2019-08-13,28.2,28.1,28,29.3,28.6,28.9,28.4,26.6,28.8,27.5,28.7,28.6,28.8,28.4,27.3,28.3,28.6,29,28.6,29.2,28.8,25.6
2019-08-14,28.9,28.9,29.1,29.5,28.8,29.4,29.3,27.6,29.4,28,29.1,28.8,28.9,28.8,27.9,28.6,28.4,29.3,29.1,29.8,29.1,26.6
2019-08-15,30.7,30.7,30.8,31.3,30.4,31.1,31,29.2,31.2,29.7,30.5,30.3,30.5,30.2,29,30,30,30.9,30.6,31,30.1,27.3
2019-08-16,30.3,30.3,30.5,30.7,29.8,30.5,30.6,28.2,30.6,29,29.8,29.7,29.9,29.5,28,29.3,29.5,30.3,29.8,30.1,28.9,26.6
2019-08-17,31.2,31.2,31.6,33,31.7,32.5,31.9,29.7,32.2,30.3,32.1,32,32.1,31.7,30.2,31.6,31.8,32.4,32,32.3,31,28.9
2019-08-18,32.3,32.3,32.8,33.6,32.7,33.4,32.9,30.4,33.1,31.1,33,33,33.1,32.5,30.9,32.5,32.8,33.4,32.8,33.1,31.9,29.6
2019-08-19,29.8,29.8,29.9,29.9,29.1,29.8,30.1,28.2,30,28.6,29.1,28.8,29,28.9,27.5,28.6,28.4,29.5,29.2,29.8,28.9,25.9
2019-08-20,28.5,28.5,28.2,28.3,28.1,28.2,28.5,26.8,28.5,27.5,27.3,27.5,27.7,26.8,24.7,26.9,27.6,28.2,26.9,27,25.4,23.4
2019-08-21,30.1,30.1,30.2,30.6,29.8,30.5,30.4,28.6,30.5,29,30,29.8,29.9,29.8,28.8,29.5,29.4,30.3,30.2,30.9,30.5,26.9
2019-08-22,30.8,30.8,30.9,31.1,30.7,31.2,31.1,29.4,31.2,29.8,30.9,30.7,30.9,30.6,29.7,30.4,30.4,31.1,30.7,31.6,31.2,28
2019-08-23,30.9,30.9,31.1,31.2,30.3,31.1,31.3,29.7,31.2,29.8,30.5,30.1,30.3,30.3,29.3,29.9,29.6,30.7,30.7,31.4,30.7,27.5
2019-08-24,32.2,32.2,32.4,32.7,31.9,32.6,32.6,30.6,32.6,30.9,32,31.8,32,31.6,30.3,31.5,31.5,32.4,32,32.5,31.6,28.6
2019-08-25,33,33,33.3,33.5,32.8,33.5,33.4,31.1,33.4,31.6,33,32.8,33,32.6,31.3,32.5,32.5,33.3,32.9,33.6,32.8,29.6
2019-08-26,32.7,32.7,32.8,32.8,32.2,32.8,33,31.5,32.9,31.5,32.1,31.9,32.1,31.7,30.3,31.5,31.5,32.5,32,32.5,31.4,28.6
2019-08-27,25.9,25.9,25.9,25.8,25.2,25.8,26.1,24.6,26.1,25.1,25,24.8,25,24.8,23.3,24.5,24.6,25.5,25.1,25.4,24.3,21.9
2019-08-28,30.3,30.2,30.3,30.6,29.8,30.5,30.6,29.3,30.7,29.4,29.9,29.6,29.8,29.7,28.5,29.3,29.1,30.2,30,30.7,30,26.6
2019-08-29,32.6,32.6,32.7,32.7,32,32.7,32.9,31.2,32.8,31.4,32.1,31.8,32,31.8,30.5,31.5,31.4,32.4,32,32.8,32.1,28.6
2019-08-30,33.1,33,33.2,33.2,32.1,33,33.4,31.8,33.3,31.9,32.2,31.8,32,32.1,30.9,31.6,31.1,32.5,32.6,33.3,32.6,29
2019-08-31,33.8,33.8,34,33.7,32.8,33.6,34.1,31.7,33.8,32,32.9,32.6,32.8,32.7,31.5,32.3,32,33.2,33.1,34,33.5,29.5
2019-09-01,30.5,30.5,30.5,30.7,30.1,30.7,30.8,29.4,30.8,29.5,30.1,30,30.1,29.9,28.7,29.7,29.6,30.5,30.1,30.7,29.8,27.2
2019-09-02,28.9,28.9,28.7,29.6,28.4,28.9,29.1,28.1,29.4,28.3,28.3,28,28.2,28.4,27.6,27.8,27.6,28.6,28.8,29.5,29.6,25.6
2019-09-03,29.4,29.4,29.5,30.2,29,29.8,29.8,28.7,30,28.8,29.2,28.9,29.1,29.2,28.3,28.7,28.4,29.4,29.7,30.4,30.2,26.7
2019-09-04,30.3,30.3,30.4,30.8,30.1,30.7,30.6,29.4,30.8,29.5,30.3,30.1,30.2,30.1,29.1,29.8,29.7,30.5,30.4,31.2,30.9,27.2
2019-09-05,26.9,26.9,27,28,27.3,27.9,27.4,26.6,27.9,26.7,27.6,27.4,27.6,27.2,25.9,27,27.2,27.9,27.5,28.2,27.7,23.9
2019-09-06,26.9,26.8,26.6,27,26.2,26.6,26.9,25.5,27.1,26,26.2,25.9,26,26.1,25.5,25.7,25.5,26.4,26.5,27.3,27.5,23.6
2019-09-07,26.9,26.8,26.6,27.1,26.5,26.9,26.9,25.4,27.1,26,26.4,26.2,26.4,26.3,25.4,26,26,26.7,26.6,27.3,27.2,23.8
2019-09-08,25.7,25.7,25.8,26.5,25.2,26,26.1,25.4,26.5,25.4,25.2,24.9,25.1,25.2,23.9,24.6,24.3,25.6,25.8,26.3,25.6,22
2019-09-09,27,26.9,27,26.5,25.6,26.4,27.1,25,26.8,25.4,25.5,25.1,25.3,25.3,24.1,24.9,24.6,25.9,25.8,26.3,25.4,22.5
2019-09-10,21.5,21.5,21.2,21,19.8,20.3,21.5,20.9,21.6,21.1,18.9,18.7,19,19,17.4,18.4,18.3,19.7,19.6,19.4,18.1,16.1
2019-09-11,26.8,26.7,26.4,25.6,25.4,25.7,26.5,23.8,26.2,25.1,24.9,24.8,25,24.7,23.7,24.5,24.6,25.4,24.8,25.5,25.3,21.7
2019-09-12,30.5,30.4,30.5,30.4,29.7,30.3,30.6,28.2,30.4,28.9,29.8,29.5,29.6,29.7,28.7,29.3,29,30,30,30.9,30.8,26.9
2019-09-13,28.5,28.5,28.4,27.4,27.6,27.8,28.4,25.6,27.9,26.8,27.4,27.3,27.4,27.1,26,27,27.2,27.7,27,27.9,27.8,24.5
2019-09-14,28.9,28.9,29,29.6,28.9,29.5,29.2,26.8,29.3,27.6,29.1,28.9,29.1,28.8,27.6,28.6,28.7,29.4,29,29.8,29.3,25.9
2019-09-15,30,30,30.1,30,29.6,30.1,30.2,27.1,29.9,28.1,29.7,29.5,29.7,29.3,28.2,29.2,29.3,30,29.5,30.2,29.8,26.5
2019-09-16,29.3,29.2,29.4,29.1,28.3,29,29.5,26.9,29.3,27.7,28.4,28.1,28.2,28.3,27.4,27.9,27.5,28.7,28.7,29.3,28.6,25.9
2019-09-17,30.9,30.8,30.9,30.5,29.6,30.3,31,28.6,30.7,29.1,29.6,29.2,29.4,29.4,28.3,29,28.6,29.9,29.9,30.5,29.8,26.6
2019-09-18,30.3,30.3,30.5,30.9,29.8,30.7,30.7,28.5,30.7,29,30.1,29.8,29.9,29.9,28.8,29.5,29.2,30.4,30.4,31.3,30.7,26.7
2019-09-19,29.1,29.1,29.2,29.6,28.7,29.4,29.5,27.5,29.5,27.8,28.8,28.5,28.7,28.6,27.3,28.2,28.1,29.2,29,29.9,29.3,25.1
2019-09-20,28,28,28,27.9,27.1,27.8,28.2,25.9,28,26.4,27.1,26.8,27,27,25.9,26.6,26.3,27.4,27.4,28.2,27.9,24
2019-09-21,24.5,24.5,24.4,23.7,23.6,23.8,24.4,21.7,24,22.8,23,23.2,23.3,22.5,20.7,22.6,23.3,23.7,22.6,22.7,21.3,19.3
2019-09-22,29.2,29.2,28.9,29.2,28.7,29,29.2,26.9,29.1,27.7,28.4,28.4,28.5,28.1,27,28,28.3,28.9,28.3,28.9,28.6,25.1
2019-09-23,25.4,25.4,25.3,26.4,25.9,26.1,25.6,23.5,25.9,24.6,25.8,25.9,26,25.4,24.1,25.4,26,26.2,25.6,26.2,25.8,22.4
2019-09-24,31.8,31.7,31.7,31.7,31.3,31.6,31.8,28.9,31.5,29.9,31,31,31.1,30.6,29,30.5,31,31.5,30.7,31.3,30.8,27.1
2019-09-25,25.5,25.5,25.2,25.1,24.5,24.9,25.5,24.3,25.5,24.7,24.1,23.8,24,24.1,23.2,23.7,23.4,24.5,24.5,25,24.4,21.7
2019-09-26,28.1,28.1,28.1,28,27.4,27.9,28.3,26.3,28.1,26.9,27.4,27.2,27.4,27.1,26,26.9,26.9,27.7,27.4,28,27.6,24.4
2019-09-27,26.9,26.9,27.1,27.3,26.9,27.4,27.2,25.2,27.3,26,27.1,27,27.1,26.8,25.7,26.7,26.8,27.4,26.9,27.6,27.1,24.2
2019-09-28,27.6,27.5,27.5,26.8,26.5,26.9,27.6,25.7,27.2,26.1,26.1,26,26.2,25.8,24.4,25.6,25.7,26.6,26,26.4,25.4,22.8
2019-09-29,30.7,30.6,30.9,31.3,30.4,31,31,28.1,30.8,28.9,30.3,30.3,30.5,29.9,28.3,29.8,30.2,30.8,30.2,30.4,29.3,27
2019-09-30,27.5,27.5,27.6,27.6,27.2,27.7,27.8,26.2,27.8,26.6,27.2,27.1,27.2,26.8,25.5,26.7,26.9,27.6,27,27.6,27,24.1
2019-10-01,29.3,29.3,29.5,29.5,29.3,29.8,29.6,27.3,29.4,27.9,29.6,29.5,29.6,29.1,27.9,29.1,29.5,29.8,29.1,29.9,29.4,26.3
2019-10-02,27,26.9,27,27.5,26.4,27.2,27.3,25.5,27.5,25.9,26.6,26.2,26.4,26.4,24.9,25.9,25.8,26.9,26.9,27.7,27.3,22.6
2019-10-03,26.6,26.6,26.4,26.4,26,26.2,26.6,24.7,26.5,25.4,25.7,25.6,25.8,25.5,24.4,25.3,25.5,26.1,25.7,26.2,25.8,22.9
2019-10-04,27.3,27.2,27.2,26.9,26,26.6,27.3,25.1,27.1,25.8,25.8,25.5,25.7,25.7,24.7,25.3,25.1,26.2,26.1,26.6,26.1,23.1
2019-10-05,22.9,22.9,23.1,24,23.5,24,23.4,21.4,23.7,22.3,23.8,23.7,23.8,23.5,22.7,23.5,23.5,24,23.8,24.3,23.7,21.3
2019-10-06,22,22,22.1,23.2,22.1,22.7,22.4,21.1,22.9,21.8,22.4,22.1,22.3,22.4,21.7,22,21.7,22.6,22.8,23.2,22.5,20.3
2019-10-07,27,27,26.7,26.8,26.4,26.6,26.9,25.2,26.8,25.8,25.8,25.9,26.1,25.5,24,25.4,25.9,26.5,25.6,25.9,25,22.5
2019-10-08,26,26,26.1,26.6,25.8,26.3,26.3,24.7,26.4,25.2,25.7,25.6,25.7,25.4,24.1,25.3,25.4,26.1,25.7,25.8,24.8,23
2019-10-09,23.8,23.8,23.8,23.8,23.4,23.9,24.1,22.3,24.1,23.2,23.3,23.2,23.3,23,21.8,22.9,23,23.7,23.2,23.5,22.5,20.6
2019-10-10,21.7,21.7,21.7,22,21.1,21.7,21.9,20.5,22,21,21.1,20.8,21,20.9,20,20.7,20.4,21.4,21.2,21.6,20.7,19
2019-10-11,23.7,23.7,23.8,24,23.6,24,24,22.4,24.1,23.1,23.5,23.4,23.6,23.2,21.8,23.1,23.3,23.9,23.4,23.6,22.7,20.9
2019-10-12,26.6,26.6,26.6,26.6,25.4,26.1,26.8,24.1,26.6,25.1,25.2,24.9,25.1,25.1,24,24.7,24.4,25.7,25.6,25.9,24.8,22.4
2019-10-13,26.3,26.3,26.4,26.1,25.4,26.1,26.5,23.8,26.3,24.8,25.4,25.1,25.3,25.1,23.8,24.8,24.7,25.8,25.4,25.9,25,22.2
2019-10-14,27.1,27,26.7,26.2,25.7,26,26.9,24,26.5,25.2,25.2,25,25.2,25,23.9,24.8,24.8,25.7,25.2,25.5,24.7,22.4
2019-10-15,21.3,21.2,20.9,21,20.6,21,21.3,20.4,21.5,20.8,20.1,20,20.2,19.9,18.4,19.7,19.8,20.7,20.1,20.5,19.7,16.7
2019-10-16,24.4,24.3,24.1,24.4,23.5,23.9,24.4,22.8,24.5,23.4,23,22.9,23.1,22.9,21.4,22.5,22.7,23.6,23.2,23.6,23,19.6
2019-10-17,25.4,25.4,25.1,25.4,24.9,25.3,25.4,24.6,25.5,24.7,24.9,24.7,24.8,24.8,23.9,24.5,24.4,25.2,25,25.8,25.7,22.1
2019-10-18,24.9,24.9,24.7,24.8,24.5,24.8,25,24.3,25.1,24.4,24.3,24.1,24.3,24.2,23.3,23.9,23.8,24.6,24.4,25.2,24.9,21.5
2019-10-19,25.8,25.8,25.5,25.7,25.2,25.6,25.9,24.3,26,24.9,24.8,24.7,24.9,24.6,23.3,24.3,24.4,25.4,24.9,25.4,24.7,21.5
2019-10-20,24.1,24.1,23.8,24.1,23.6,23.9,24.2,23.4,24.5,23.8,22.9,22.9,23.2,22.5,20.4,22.3,22.8,23.7,22.8,23,21.6,18.7
2019-10-21,17.4,17.4,17.2,17.4,17,17.3,17.5,16.4,17.7,17,16.6,16.5,16.7,16.4,15.2,16.2,16.4,17.1,16.6,17,16.3,14
2019-10-22,19.7,19.7,19.5,19.5,19.3,19.6,19.8,19.2,20,19.6,19.1,18.9,19,18.9,18.1,18.7,18.6,19.4,19.1,19.5,18.9,17
2019-10-23,19.9,19.8,19.6,19.4,19.2,19.4,19.8,18.6,19.9,19.2,18.7,18.7,18.8,18.5,17.2,18.3,18.5,19.3,18.7,19,18.2,15.8
2019-10-24,19.5,19.4,19.1,19.1,18.7,19.1,19.5,18.6,19.6,19,18.2,18.1,18.3,18.1,16.4,17.8,17.9,18.8,18.3,18.8,18.2,14.7
2019-10-25,23.4,23.4,23.2,23.1,22.5,22.8,23.4,22.1,23.3,22.4,22.1,21.9,22.1,22,20.8,21.7,21.8,22.5,22.3,22.6,22,19.4
2019-10-26,23.9,23.8,23.6,23.5,23.2,23.4,23.8,22.3,23.8,23,22.8,22.7,22.8,22.6,21.5,22.4,22.5,23.2,22.8,23.2,22.6,20.2
2019-10-27,23.7,23.7,23.5,23.6,23.2,23.4,23.7,22.8,23.7,23,22.9,22.8,23,22.8,21.9,22.6,22.7,23.3,23,23.3,22.8,20.7
2019-10-28,20,20,19.8,19.7,19.2,19.5,20,19.1,20.1,19.7,18.7,18.6,18.8,18.6,17.5,18.4,18.5,19.2,18.8,18.6,17.5,17
2019-10-29,23.1,23.1,23.1,23.4,22.5,23,23.3,21.4,23.3,22.1,22.3,22.1,22.3,22.1,20.8,21.8,21.9,22.7,22.5,22.6,21.7,19.7
2019-10-30,25.4,25.3,25,24.7,24.2,24.5,25.3,24,25.1,24.3,23.6,23.4,23.6,23.4,22.1,23.1,23.2,24.2,23.7,24.1,23.5,20.5
2019-10-31,21.6,21.6,21.4,22.1,21.1,21.6,21.8,21.2,22.2,21.5,20.9,20.7,20.9,20.9,19.7,20.5,20.3,21.3,21.3,21.8,21.3,18.1
2019-11-01,21.7,21.6,21.4,21.5,21,21.2,21.6,20.1,21.6,20.8,20.5,20.5,20.7,20.3,19.1,20.1,20.4,21,20.5,20.8,20.1,17.7
2019-11-02,24.4,24.4,24.1,24.6,23.8,24.2,24.5,23.5,24.8,23.9,23.3,23.1,23.4,23.1,21.4,22.8,22.9,23.9,23.5,24.1,23.5,19.3
2019-11-03,19.2,19.2,18.9,19.2,18.8,19.1,19.3,18.9,19.7,19.2,18.5,18.3,18.5,18.3,17.2,18.1,18,18.9,18.4,18.9,18.3,15.8
2019-11-04,23.3,23.2,22.9,23.1,22.3,22.7,23.3,21.6,23.4,22.4,21.7,21.6,21.8,21.5,19.9,21.2,21.3,22.4,21.8,22.4,21.6,17.9
2019-11-05,17.9,17.9,17.6,17.7,17.2,17.6,17.9,16.9,18.1,17.4,16.7,16.6,16.8,16.4,14.7,16.2,16.5,17.4,16.7,17.1,16.2,12.9
2019-11-06,18.4,18.4,18,18,17.8,18,18.4,17.5,18.5,17.9,17.2,17.2,17.4,16.9,15.2,16.7,17,17.9,17.1,17.6,16.7,13.4
2019-11-07,17,16.9,16.7,16.8,16.3,16.6,17,16,17.3,16.6,15.7,15.7,15.9,15.5,13.9,15.3,15.5,16.4,15.7,16.1,15.2,12.3
2019-11-08,14.6,14.5,14.2,14.3,13.7,14.1,14.6,13.4,14.7,13.9,13.2,13.1,13.3,13,11.3,12.7,12.8,13.8,13.3,13.9,13.2,9.4
2019-11-09,14.9,14.9,14.6,15,14.3,14.7,15,13.9,15.3,14.6,14,13.7,13.9,13.9,12.4,13.5,13.4,14.5,14.2,14.7,14,10.9
2019-11-10,16,16,15.6,15.2,14.9,15.2,15.9,13.8,15.8,14.8,14.3,14.2,14.4,14,12.4,13.8,14,15,14.2,14.8,14.1,10.6
2019-11-11,14.9,14.9,14.7,15,15.4,15.4,15.1,14.7,15.4,15,14.9,15.1,15.2,14.4,12.5,14.5,15.3,15.5,14.3,14.5,13.1,11.3
2019-11-12,16.7,16.7,16.4,16.4,16.4,16.6,16.8,15.9,16.9,16.3,16,15.9,16.1,15.7,14.1,15.5,15.8,16.6,15.7,16.5,15.9,12.3
2019-11-13,14.4,14.4,14.2,14.5,14,14.3,14.5,14.1,14.8,14.2,13.6,13.5,13.7,13.5,12.2,13.2,13.3,14.1,13.8,14.1,13.2,10.9
2019-11-14,10.9,10.9,10.7,10.5,11.3,11.2,11,11.5,11.3,11.3,10.9,11.1,11.2,10.3,9.1,10.7,11.3,11.4,10.1,10.2,8.7,8.7
2019-11-15,12,12,11.7,11.4,11,11.3,12,11.3,12.1,11.6,10.3,10.2,10.4,10.1,8.4,9.8,10,11,10.4,10.7,9.5,6.7
2019-11-16,12.5,12.5,12.2,12.5,12.4,12.6,12.6,11.9,12.9,12.3,12,12,12.2,11.6,9.9,11.5,12,12.6,11.7,12.2,11.3,8.1
2019-11-17,12.9,12.8,12.6,12.7,12.5,12.7,12.9,12,13.1,12.5,12.2,12,12.2,12,10.6,11.7,11.8,12.6,12.2,13,12.8,8.8
2019-11-18,14.3,14.3,14,14.4,13.9,14.2,14.4,13.4,14.7,13.9,13.6,13.4,13.6,13.4,12,13.1,13.2,14.1,13.7,14.3,13.7,10.3
2019-11-19,13.7,13.6,13.4,13.4,12.9,13.2,13.7,12.7,13.7,13,12.3,12.2,12.4,12.1,10.5,11.8,12.1,12.9,12.3,12.5,11.4,9.1
2019-11-20,13.5,13.5,13.2,13.3,12.7,13.1,13.6,13.4,13.8,13.4,12.1,12,12.2,11.9,10.4,11.7,11.8,12.8,12.2,12.3,10.8,9.5
2019-11-21,14.1,14.1,13.9,14.3,13.6,14,14.3,13.7,14.7,14.1,13.1,12.9,13.1,13,11.4,12.6,12.6,13.7,13.4,13.6,12.4,10
2019-11-22,15.5,15.5,15.2,15.1,14.7,14.9,15.5,14.7,15.6,15.1,13.9,13.9,14.2,13.7,12,13.5,13.8,14.7,13.9,13.9,12.6,10.9
2019-11-23,15,15,14.7,14.5,14.5,14.7,15,13.7,15,14.4,14.1,14,14.2,13.8,12.5,13.7,13.8,14.6,13.8,14.5,13.9,11
2019-11-24,16.8,16.8,16.5,16.5,16.5,16.6,16.8,15.7,16.9,16.2,16,16.1,16.3,15.6,13.9,15.6,16.2,16.6,15.6,16,15.1,12.4
2019-11-25,17.6,17.6,17.3,17.3,17.4,17.5,17.6,16.6,17.7,17.1,16.8,17,17.1,16.4,14.8,16.5,17.1,17.5,16.4,16.6,15.6,13.6
2019-11-26,18.9,18.9,18.7,18.7,18,18.3,18.9,18.6,19,18.6,17.4,17.3,17.5,17.4,16.1,17.1,17.2,18,17.7,17.6,16.5,15.1
2019-11-27,18.3,18.3,18,18,17.3,17.7,18.3,17.2,18.5,17.8,16.8,16.6,16.8,16.7,15.3,16.3,16.3,17.3,17,17.3,16.6,14
2019-11-28,19,19,18.7,18.7,18.1,18.5,19,17.9,19.2,18.5,17.6,17.4,17.6,17.4,15.9,17.1,17.2,18.2,17.7,18.1,17.4,14
2019-11-29,19.4,19.4,19.1,18.8,18.4,18.7,19.3,17.5,19.2,18.3,18.1,17.9,18.1,18,17,17.7,17.7,18.5,18.2,18.7,18.5,15.2
2019-11-30,18.8,18.8,18.6,18.5,18.2,18.5,18.8,18.2,18.8,18.3,17.9,17.7,17.9,17.7,16.7,17.5,17.6,18.3,17.9,18.3,17.9,15.5
2019-12-01,16.6,16.5,16.3,16.2,16.1,16.3,16.6,16.1,16.8,16.3,15.6,15.6,15.8,15.4,13.9,15.2,15.5,16.2,15.5,15.9,14.9,12.4
2019-12-02,15.1,15,14.8,14.5,14.2,14.5,15,14.1,15,14.5,14,13.6,13.8,14,13.3,13.6,13.2,14.2,14.3,15.1,14.9,12
2019-12-03,12.9,12.9,12.7,12.4,12.3,12.4,12.9,11.7,12.9,12.5,11.7,11.7,11.9,11.5,10.2,11.4,11.6,12.3,11.6,11.5,10.3,9.6
2019-12-04,13.1,13.1,12.9,12.8,12.6,12.7,13.1,11.7,13.1,12.5,12.1,12.1,12.3,11.9,10.8,11.8,12.1,12.6,12,12.3,11.7,9.6
2019-12-05,11.4,11.4,11.2,11.5,11.8,11.8,11.5,11.1,11.8,11.6,11.7,11.7,11.8,11.3,10.4,11.4,11.8,12,11.2,11.7,11.1,9.4
2019-12-06,16,16,15.8,16.1,15.8,16,16.1,15.4,16.4,15.8,15.4,15.4,15.6,15.2,13.9,15.1,15.3,15.9,15.3,15.7,14.9,12.6
2019-12-07,16.3,16.3,16.1,16.3,16.5,16.5,16.4,16,16.6,16.3,15.9,16.1,16.3,15.5,13.9,15.6,16.3,16.5,15.6,15.5,14,13.2
2019-12-08,12.5,12.5,12.3,12.4,11.9,12.2,12.6,12.4,12.9,12.8,11.3,11.2,11.4,11.3,9.9,11,11,11.9,11.6,11.2,9.6,9.7
2019-12-09,15.6,15.5,15.2,14.8,14.8,14.9,15.5,14.1,15.4,14.8,14.2,14.1,14.3,13.9,12.7,13.8,14,14.7,14,14.4,13.6,11.3
2019-12-10,13.6,13.5,13.3,13.4,13,13.3,13.6,12.7,13.8,13.3,12.5,12.5,12.7,12.4,11.1,12.2,12.4,13.1,12.6,12.5,11.3,10.3
2019-12-11,13.1,13.1,12.7,12.4,12.7,12.6,13,12.4,13.1,13.2,11.9,12.1,12.3,11.7,10.5,11.8,12.3,12.6,11.8,11.4,9.8,10.1
2019-12-12,12.2,12.2,11.9,11.7,11.4,11.6,12.2,10.9,12.2,11.6,10.8,10.7,10.9,10.6,9.1,10.3,10.6,11.4,10.8,11,9.9,7.7
2019-12-13,19.4,19.4,19.1,18.8,18.5,18.8,19.4,18.1,19.4,18.7,17.9,17.8,18,17.7,16.3,17.5,17.6,18.5,17.9,18.4,17.7,14.5
2019-12-14,16.8,16.8,16.4,16.4,15.9,16,16.7,15.8,16.8,16.6,15,15,15.2,14.9,13.5,14.7,15.1,15.7,15.2,14.9,13.6,12.7
2019-12-15,17.4,17.3,17.1,17.2,16.9,17.1,17.4,16.8,17.5,17.1,16.4,16.3,16.5,16.3,15,16,16.2,16.9,16.4,16.7,16.1,13.6
2019-12-16,13.6,13.6,13.1,11.8,12.9,12.5,13.2,12.6,12.9,13.2,11.7,12.1,12.3,11.2,9.7,11.6,12.6,12.6,10.8,10.3,8.2,9.9
2019-12-17,17.5,17.5,17.2,16.7,16.7,16.8,17.4,15.3,17.2,16.3,16,16,16.2,15.7,14.2,15.6,16,16.7,15.7,16.1,15.1,12.9
2019-12-18,17.2,17.2,16.9,17,16.9,17.1,17.3,15.7,17.4,16.6,16.4,16.4,16.6,16.1,14.6,16,16.4,17,16.2,16.5,15.4,13.4
2019-12-19,15.6,15.6,15.3,14.9,14.9,15,15.5,14.4,15.5,14.9,14.2,14.2,14.4,13.8,12.2,13.8,14.3,14.9,13.9,13.9,12.5,11.3
2019-12-20,17.7,17.7,17.4,17.5,16.9,17.3,17.7,16.1,17.8,16.8,16.5,16.3,16.5,16.3,15,16,16,17,16.6,17.2,16.7,13.2
2019-12-21,18.6,18.6,18.3,18.6,17.8,18.2,18.7,17.6,18.8,18.1,17.4,17.2,17.4,17.3,16.4,17,16.9,17.9,17.6,18,17.5,14.9
2019-12-22,17.3,17.2,16.9,16.9,16.4,16.7,17.3,16.1,17.4,16.6,15.8,15.7,15.9,15.6,13.9,15.3,15.5,16.5,15.8,16.4,15.6,12
2019-12-23,15.3,15.3,15,15,14.7,15,15.3,13.9,15.4,14.7,14.3,14.2,14.4,14.2,12.9,13.9,14,14.8,14.3,14.9,14.4,11.4
2019-12-24,16.8,16.8,16.4,16.6,16.5,16.5,16.7,15.5,16.9,16.4,15.8,16,16.1,15.5,13.9,15.5,16.1,16.5,15.7,15.5,13.9,13.3
2019-12-25,17.8,17.8,17.7,18.1,17.9,18.1,18,17.9,18.3,18,17.4,17.5,17.7,17.1,15.5,17.1,17.6,18,17.3,17,15.1,15.3
2019-12-26,18.1,18.1,17.9,17.2,17,17.1,17.9,16.3,17.6,17,16.2,16.3,16.5,16,14.7,16,16.4,16.9,16.1,15.8,14.3,14.6
2019-12-27,12.6,12.5,12.4,12.5,13.3,13.1,12.7,13,13,12.9,12.8,13.1,13.2,12.2,10.4,12.6,13.5,13.4,12,11.6,9.4,10.5
2019-12-28,15.3,15.3,15.1,14.5,14.1,14.4,15.2,13.8,15,14.5,13.6,13.5,13.6,13.7,12.9,13.4,13.2,14,13.9,14,13.4,12.4
2019-12-29,13.7,13.7,13.5,13.9,13.3,13.4,13.6,13,13.8,13.5,12.8,12.8,13,12.7,11.8,12.6,12.9,13.2,12.9,12.6,11.8,11
2019-12-30,13.4,13.4,13.3,13.5,13,13.2,13.4,13,13.6,13.4,12.7,12.6,12.7,12.7,11.8,12.4,12.4,13,13,13,12.6,10.9
2019-12-31,12.4,12.4,11.9,11.7,11.8,11.6,12.1,12,12.2,12.6,11,11,11.1,11,10.2,10.9,11.1,11.4,11.1,10.8,10.1,10.1
2020-01-01,12.6,12.6,12.4,12.2,12,12.1,12.5,11.9,12.5,12.3,11.5,11.5,11.6,11.5,10.6,11.4,11.4,11.9,11.6,11.4,10.5,10.6
2020-01-02,12.1,12.1,11.9,11.7,11.5,11.6,12.1,12.4,12.3,12.4,10.4,10.6,10.8,10.2,8.5,10.2,10.7,11.3,10.5,9.3,6.3,9.2
2020-01-03,9.3,9.3,9,9.2,9.9,9.6,9.3,10.7,9.8,10.5,9.3,9.6,9.7,9,8,9.3,9.9,9.8,8.8,8.2,6.4,8.9
2020-01-04,13.5,13.5,13.3,13.4,13.5,13.6,13.6,14.1,13.9,13.9,13,13.1,13.2,12.7,11.3,12.7,13.1,13.6,12.7,12.7,11.1,11.2
2020-01-05,14.6,14.5,14.4,14.2,14.9,14.7,14.6,15,14.7,14.8,14.3,14.6,14.7,13.7,12.2,14.1,15,14.9,13.5,13,10.9,12.8
2020-01-06,15.6,15.5,15.3,14.7,14.3,14.5,15.4,14.2,15.2,14.8,13.8,13.7,13.8,13.8,12.8,13.5,13.4,14.2,14,14.1,13.6,12.1
2020-01-07,13.5,13.5,13.4,13.7,14.1,14.1,13.7,14.1,14.1,14.1,13.8,14,14.1,13.4,12.1,13.6,14.3,14.2,13.2,13.1,11.9,12
2020-01-08,16.6,16.5,16.4,16.2,16,16.2,16.5,15.7,16.5,16,15.6,15.6,15.7,15.4,14.3,15.3,15.6,16.1,15.5,15.6,14.8,13.5
2020-01-09,14.5,14.5,14.3,14.5,13.9,14.2,14.5,13.9,14.6,14.2,13.5,13.4,13.6,13.5,12.6,13.3,13.2,13.9,13.7,13.7,12.7,12.2
2020-01-10,10.6,10.6,10.4,10.9,11,11.1,10.8,10,11.1,10.5,10.7,10.7,10.9,10.3,8.9,10.4,10.7,11.1,10.4,10.5,9,8.1
2020-01-11,11.3,11.3,10.9,10.7,11.2,10.9,11.1,9.5,11.1,10.8,10.5,10.8,10.9,10.1,8.8,10.4,11.2,11.1,9.9,9.8,8.7,8.2
2020-01-12,13.5,13.5,13.3,13.3,13.2,13.3,13.6,13.7,13.7,13.6,12.7,12.8,12.9,12.5,11.3,12.5,12.8,13.2,12.7,12.5,11.3,10.9
2020-01-13,11.8,11.8,11.7,12.1,11.7,11.9,11.9,11.8,12.2,12,11.4,11.4,11.5,11.2,10.2,11.2,11.4,11.8,11.4,11.2,10.2,9.9
2020-01-14,14.9,14.9,14.7,14.8,14.7,14.8,14.9,14.4,15,14.6,14.2,14.3,14.5,13.9,12.5,13.9,14.5,14.8,14,13.9,12.7,11.6
2020-01-15,14.7,14.7,14.5,14.4,14,14.2,14.7,14.3,14.7,14.3,13.6,13.5,13.7,13.6,12.4,13.3,13.3,14,13.8,14.1,13.7,11.3
2020-01-16,15.6,15.6,15.4,15.6,14.9,15.2,15.6,14.9,15.7,15.1,14.7,14.5,14.6,14.6,13.9,14.4,14.3,15,14.9,15.2,14.9,13.1
2020-01-17,16.6,16.6,16.3,16.3,16.1,16.4,16.7,15.9,16.9,16.3,15.7,15.6,15.8,15.5,14,15.2,15.4,16.2,15.6,16.2,15.6,12.3
2020-01-18,14.8,14.8,14.5,14.7,14,14.4,14.8,14.3,15,14.4,13.5,13.4,13.6,13.4,12.1,13.1,13.2,14.1,13.7,14,13.2,10.8
2020-01-19,11.4,11.3,11.1,11.1,11,11.2,11.4,9.7,11.4,10.7,10.6,10.6,10.8,10.3,9.2,10.3,10.6,11.1,10.4,10.7,10,8
2020-01-20,10.3,10.3,10.1,10,10.1,10.2,10.3,8.5,10.3,9.5,9.7,9.8,9.9,9.3,7.9,9.4,9.9,10.2,9.2,9.8,9.4,6.4
2020-01-21,10.9,10.9,10.6,10.4,10.4,10.6,10.9,10,11,10.6,10.1,10,10.1,10,9.3,9.8,9.8,10.5,10,10.6,10.5,7.9
2020-01-22,13.7,13.7,13.4,13.3,13.1,13.3,13.7,12.4,13.7,13.1,12.6,12.6,12.7,12.3,10.9,12.2,12.5,13.2,12.4,12.6,11.6,9.7
2020-01-23,15.1,15.1,14.8,14.8,14.2,14.6,15.1,14.2,15.2,14.5,13.7,13.5,13.8,13.5,12,13.2,13.3,14.3,13.8,14.1,13.3,10.6
2020-01-24,15.9,15.9,15.6,15.7,15.2,15.5,16,15.3,16.1,15.4,14.7,14.6,14.8,14.4,12.9,14.2,14.4,15.3,14.7,15,14,11.6
2020-01-25,13.6,13.6,13.3,12.9,13.2,13.3,13.6,12.3,13.5,12.9,12.5,12.7,12.9,12,10.2,12.1,12.9,13.3,11.9,12.1,10.8,9
2020-01-26,15.5,15.5,15.3,15.4,15.2,15.4,15.6,14.8,15.8,15.2,14.6,14.7,14.9,14.2,12.4,14.2,14.8,15.3,14.3,14.6,13.6,10.9
2020-01-27,14.1,14.1,13.6,13.9,13.1,13.3,14,13.1,14.1,13.8,12.4,12.3,12.5,12.4,11.2,12.1,12.2,13,12.7,12.9,12.3,9.8
2020-01-28,16.6,16.6,16.3,16.1,15.7,16,16.6,15.1,16.6,15.9,15.3,15.1,15.3,15.2,14,14.9,14.9,15.8,15.4,16.1,15.8,12.3
2020-01-29,16.7,16.7,16.5,16.6,16.1,16.3,16.7,15.2,16.7,15.9,15.7,15.6,15.8,15.6,14.6,15.4,15.5,16.2,15.8,16.2,15.9,13.2
2020-01-30,18.7,18.7,18.5,18.4,18,18.2,18.7,18,18.8,18.3,17.5,17.4,17.6,17.4,16,17.1,17.2,18,17.7,18.2,17.9,14.4
2020-01-31,17.6,17.6,17.3,17.3,17.5,17.5,17.6,16.2,17.7,17.1,16.9,17.1,17.3,16.4,14.5,16.5,17.4,17.6,16.4,16.4,14.9,13.4
2020-02-03,23.8,23.8,23.5,23.5,23,23.3,23.8,22.6,23.7,22.9,22.5,22.5,22.6,22.3,20.9,22.1,22.4,23.1,22.5,22.5,21,20.2
2020-02-04,21,21,20.8,20.9,20.1,20.4,21,19.8,21.1,20.3,19.7,19.5,19.7,19.7,18.6,19.3,19.2,20.1,20,20.5,20.4,17.1
2020-02-05,16.3,16.2,16,16.2,16,16.2,16.3,15.6,16.4,15.8,15.6,15.6,15.8,15.4,14,15.3,15.6,16.1,15.5,15.8,15.2,12.7
2020-02-06,16.1,16,15.9,16,15.3,15.6,16.1,14.9,16.1,15.3,14.9,14.8,14.9,14.8,13.8,14.6,14.6,15.3,15.1,15.2,14.5,12.9
2020-02-07,13.1,13.1,13,13.1,12.8,13,13.2,12.4,13.4,13,12.6,12.4,12.6,12.6,11.7,12.3,12.2,12.9,12.7,13.1,12.7,10.7
2020-02-08,13.8,13.7,13.5,13.5,13.4,13.6,13.8,12.7,13.9,13.4,13.1,13,13.1,12.9,12.1,12.8,12.9,13.5,13,13.1,12.3,11
2020-02-09,17.1,17,16.9,17.2,16.5,16.8,17.1,16,17.1,16.3,16.2,16.1,16.2,16.2,15.3,15.9,15.9,16.6,16.4,16.8,16.7,13.9
2020-02-10,20.3,20.3,20,20.1,19.7,20,20.3,20,20.5,20.2,19.3,19.2,19.4,19.2,18,18.9,19,19.7,19.4,19.8,19.5,16.6
2020-02-11,18,18,17.8,18,16.8,17.3,18,15.9,18,16.9,16.6,16.3,16.5,16.7,15.9,16.2,15.9,16.9,17.3,17.6,17.6,14.4
2020-02-12,12.2,12.2,12,12,11.7,11.9,12.3,11.7,12.4,12.1,11.2,11.2,11.3,11.1,10.1,11,11.1,11.7,11.3,11.3,10.4,9.3
2020-02-13,19.2,19.1,18.9,19,18.6,18.8,19.1,17.7,19,18.2,18.3,18.2,18.4,18,16.9,17.9,18.2,18.7,18.2,18.6,18.4,15.3
2020-02-14,17.6,17.5,17.3,16.8,16.3,16.6,17.4,15,17.1,16.1,15.9,15.7,15.9,15.9,15.1,15.6,15.5,16.3,16.2,16.7,16.4,13.7
2020-02-15,18,18,18.2,18,17.6,18,18.2,16.6,18,17,17.6,17.5,17.6,17.3,16.4,17.3,17.3,17.8,17.5,17.9,17.4,15.5
2020-02-16,16.7,16.7,16.9,17.2,16.4,16.9,17,14.5,17,15.7,16.4,16.3,16.4,16.2,15.4,16.1,16.1,16.7,16.5,16.4,15.3,15.4
2020-02-17,20.3,20.3,20.3,19.9,19.8,19.9,20.2,17.5,19.8,18.5,19.6,19.7,19.8,19.3,18.4,19.4,19.8,19.9,19.4,19.9,20.1,16.9
2020-02-18,15.5,15.5,15.3,15.7,15.1,15.4,15.6,14.4,15.8,14.9,14.8,14.8,14.9,14.6,13.4,14.4,14.7,15.3,14.9,15.2,14.8,12
2020-02-19,15.5,15.5,15.3,15.4,14.8,15.1,15.5,14.9,15.7,15.1,14.5,14.3,14.5,14.4,13.4,14.1,14.1,14.9,14.7,15,14.5,12.1
2020-02-20,18.2,18.2,18.2,18.4,17.7,18.1,18.4,17,18.3,17.3,17.6,17.4,17.6,17.5,16.5,17.2,17.2,17.9,17.7,18.1,17.7,15.4
2020-02-21,18.9,18.8,18.7,18.9,18.3,18.6,18.9,18,18.9,18.2,18,17.9,18,17.9,17,17.7,17.7,18.4,18.2,18.6,18.5,15.6
2020-02-22,19,19,19.1,18.6,17.9,18.4,19.1,15.9,18.7,17.2,17.8,17.6,17.7,17.8,17,17.5,17.2,18.1,18.1,18.5,18,16
2020-02-23,22.5,22.5,22.6,22.9,22.2,22.6,22.7,20.5,22.5,21.1,22,22,22.1,21.8,20.6,21.7,21.9,22.4,22.1,22.3,21.7,19.4
2020-02-24,22.4,22.3,22.5,22.6,22.2,22.6,22.5,20.8,22.4,21.2,22.2,22.2,22.3,21.9,20.8,21.9,22.1,22.5,22.1,22.6,22.3,19.4
2020-02-25,18.3,18.3,18,17.8,16.8,17.2,18.1,15.6,17.9,16.7,16.3,16.1,16.3,16.4,15.6,16,15.7,16.7,16.9,17.2,16.9,14.5
2020-02-26,18.2,18.2,17.9,18.1,17.5,17.8,18.2,17.4,18.4,17.7,17,16.8,17,16.8,15.2,16.5,16.6,17.6,17,17.5,16.7,13.6
2020-02-27,18.6,18.5,18.2,18.4,17.8,18.2,18.6,17.7,18.8,18.2,17.4,17.2,17.5,17.2,15.8,16.9,17,17.9,17.5,17.9,17.2,14.3
2020-02-28,15.8,15.7,15.9,16.7,16,16.5,16.1,14.6,16.5,15.4,16.1,16,16.1,15.9,14.8,15.8,15.8,16.4,16.2,16.6,15.9,13.8
2020-02-29,20.5,20.5,20.2,20.4,19.9,20.2,20.5,18.6,20.4,19.2,19.5,19.5,19.7,19.2,17.8,19.1,19.4,20,19.5,20.1,19.7,16
2020-03-01,20.1,20.1,19.7,19.7,19.2,19.6,20.1,18.8,20.2,19.4,18.6,18.4,18.7,18.4,16.7,18.1,18.2,19.3,18.6,19.1,18.3,14.9
2020-03-02,17.4,17.3,17,17,16.7,17,17.4,16.2,17.5,16.8,16.2,16.1,16.3,15.9,14.5,15.8,16,16.8,16.1,16.6,16,12.8
2020-03-03,15.1,15.1,14.8,15.2,14.1,14.6,15.2,13.4,15.4,14.4,13.5,13.3,13.6,13.5,11.8,13,13,14.2,14,14.4,13.6,9.9
2020-03-04,16.1,16.1,16.2,16.5,16.1,16.7,16.5,15.1,16.7,15.7,16.4,16.2,16.3,16.2,15.3,16,15.8,16.6,16.5,17.3,17,13.6
2020-03-05,22,22,21.6,21.7,21,21.3,22,20.9,22,21.2,20.3,20.3,20.5,20.1,18.3,19.8,20.2,21.1,20.3,20.7,20.1,16.1
2020-03-06,16.5,16.5,16.2,16.3,16,16.3,16.6,15.1,16.7,15.8,15.5,15.4,15.6,15.1,13.4,14.9,15.3,16.1,15.3,15.9,15.1,11.5
2020-03-07,18.2,18.2,17.9,18,17.4,17.8,18.3,17.2,18.3,17.5,17,16.9,17.1,16.7,15.4,16.5,16.7,17.6,17,17.6,17,13.5
2020-03-08,19.4,19.4,19.2,19.1,18.8,19,19.3,17.8,19.2,18.3,18.4,18.4,18.5,18.2,17.2,18.1,18.4,18.8,18.4,18.9,18.8,15.7
2020-03-09,19.2,19.2,18.9,18.9,18.6,18.9,19.2,17.9,19.3,18.4,18.2,18.1,18.3,17.9,16.5,17.7,18,18.7,18,18.7,18.3,14.8
2020-03-10,17.5,17.5,17.5,17.7,17.2,17.6,17.7,16.2,17.7,16.8,17.1,17,17.1,16.9,15.7,16.7,16.9,17.4,17.1,17.3,16.8,14.6
2020-03-11,21.2,21.2,21.5,21.6,21.1,21.6,21.5,19.4,21.2,19.8,21.7,21.4,21.5,21.5,21.3,21.4,21.1,21.6,21.7,22.5,22.8,20.1
2020-03-12,24.1,24.1,24.3,23.8,23.2,23.9,24.3,21.8,23.8,22.3,23.4,23.2,23.3,23.2,22.3,23,22.8,23.6,23.5,24,23.5,21.1
2020-03-13,21.8,21.8,21.6,21.9,21.1,21.4,21.8,20.5,21.7,20.7,20.5,20.6,20.8,20.3,18.6,20.1,20.6,21.2,20.6,20.6,19.7,17.4
2020-03-14,18.3,18.3,18.1,18.5,17.5,18,18.3,16.9,18.4,17.5,17.4,17.2,17.3,17.4,16.6,17,16.9,17.7,17.8,18.3,18.3,14.9
2020-03-15,18.1,18.1,18.1,18.8,17.5,18.1,18.4,16.9,18.6,17.4,17.2,17.1,17.3,17.1,15.5,16.7,16.7,17.7,17.6,17.6,16.4,14.5
2020-03-16,14.6,14.5,14.2,13.5,13.2,13.5,14.4,12.2,14.1,13.3,12.6,12.5,12.7,12.4,11.2,12.2,12.3,13.2,12.6,12.9,12.2,9.8
2020-03-17,17.2,17.2,16.9,16.4,16.2,16.4,17.1,15.2,16.9,16.1,15.8,15.7,15.8,15.6,14.6,15.4,15.5,16.2,15.7,16.1,15.7,13.3
2020-03-18,19.4,19.4,19.3,18.6,18,18.4,19.3,17.4,18.9,17.9,17.6,17.4,17.6,17.5,16.6,17.2,17.1,18,17.8,18.2,17.7,15.4
2020-03-19,17.2,17.2,17.4,17.4,16.5,17.2,17.5,16.1,17.5,16.3,16.6,16.3,16.5,16.5,15.6,16.2,15.8,16.9,16.9,17.3,16.6,14.3
2020-03-20,17.5,17.5,17.4,17.2,16.6,17.1,17.6,16.1,17.5,16.5,16.4,16.2,16.4,16.4,15.4,16,15.9,16.8,16.6,17.1,16.7,14.1
2020-03-21,18.1,18.1,18,17.9,17.1,17.6,18.2,16.7,18.1,17.1,16.8,16.6,16.8,16.7,15.5,16.3,16.3,17.3,17,17.2,16.4,14.1
2020-03-22,17.7,17.7,17.6,17.2,16.5,17,17.7,15.3,17.5,16.3,16.2,16,16.2,16.1,14.8,15.7,15.6,16.7,16.4,16.9,16.3,13.3
2020-03-23,17.6,17.6,17.2,16.1,15.7,15.9,17.3,14.6,16.7,15.8,14.6,14.6,14.9,14.3,12.6,14.2,14.6,15.5,14.5,14.4,12.8,11.7
2020-03-24,15.4,15.4,15.2,14.6,14,14.5,15.4,13.3,15.1,14.1,13.5,13.3,13.5,13.3,11.9,13,12.9,14,13.7,13.9,13,10.4
2020-03-25,12.4,12.4,12.2,12.9,12,12.4,12.6,12.8,13.1,12.5,11.6,11.4,11.6,11.5,9.9,11.1,11,12.1,11.9,12.3,11.5,8.2
2020-03-26,13.1,13,12.7,11.9,11.6,11.9,12.9,10.8,12.6,11.6,10.9,10.8,11,10.6,9.1,10.4,10.7,11.6,10.8,11.2,10.3,7.8
2020-03-27,14.5,14.5,14.3,14.7,14.1,14.5,14.7,14.3,15.1,14.5,13.7,13.5,13.7,13.6,12.3,13.2,13.2,14.2,14,14.2,13.1,10.9
2020-03-28,18.7,18.6,18.4,18.5,17.9,18.3,18.7,17.6,18.7,17.8,17.6,17.4,17.6,17.5,16.5,17.2,17.1,18,17.8,18.2,17.7,15
2020-03-29,21,20.9,20.7,21.2,20.3,20.7,21,19.6,21.2,20,20,19.8,20,19.9,18.9,19.6,19.5,20.5,20.3,20.9,20.6,17
2020-03-30,12.2,12.2,11.8,11.6,11.1,11.4,12.2,11.2,12.2,11.8,10.4,10.3,10.5,10.3,9.1,10,10,11,10.6,10.8,10.1,7.7
2020-03-31,13.3,13.2,13,12.5,12.3,12.5,13.2,11.5,13,12.3,11.9,11.8,11.9,11.8,11,11.6,11.5,12.3,11.9,12.3,11.9,10.1
2020-04-01,12,11.9,11.7,11.1,10.9,11.1,11.8,10.5,11.7,11.3,10.4,10.2,10.4,10.3,9.4,10.1,10.1,10.8,10.4,10.7,10.3,8.3
2020-04-02,16.6,16.5,16.2,15.6,15,15.4,16.4,13.9,16,14.9,14.5,14.3,14.5,14.4,13.7,14.1,13.9,15,14.7,15.1,14.7,12.2
2020-04-03,17.1,17,16.9,17.8,17.2,17.5,17.2,15.8,17.6,16.6,17.1,17,17.1,16.8,15.7,16.7,16.9,17.5,17,17.4,16.9,14.2
2020-04-04,18.7,18.7,18.7,19.3,18.2,18.8,18.9,17.7,19.2,18.1,18.2,18,18.2,18.2,17.3,17.8,17.6,18.5,18.6,19,18.5,16
2020-04-05,19,19,18.9,18.8,18.4,18.8,19.1,18.1,19.1,18.3,18.2,18.1,18.2,18,17,17.8,17.8,18.6,18.2,18.7,18,15.5
2020-04-06,18.8,18.8,18.8,19,18.4,18.9,19,18.1,19.1,18.2,18.4,18.3,18.4,18.3,17.4,18,18,18.7,18.5,19,18.6,15.8
2020-04-07,18.8,18.8,18.5,18.8,18.1,18.5,18.9,18,19.1,18.3,17.7,17.5,17.7,17.6,16.6,17.3,17.3,18.2,17.8,18.1,17.3,15.1
2020-04-08,20,20,20,20.3,19.6,20.1,20.3,19.3,20.4,19.4,19.6,19.3,19.5,19.4,18.3,19.1,19,19.9,19.7,20.2,19.5,16.8
2020-04-09,20.2,20.1,20.3,20.4,19.6,20.3,20.4,19.1,20.5,19.3,19.7,19.5,19.6,19.6,18.6,19.3,19,20,19.9,20.5,19.8,17.2
2020-04-10,21.6,21.6,21.7,22,21.3,21.9,21.9,20.3,22,20.6,21.3,21.2,21.3,21.1,19.9,20.9,20.8,21.7,21.4,21.9,21.2,18.3
2020-04-11,20.4,20.4,20.2,20.8,20.3,20.5,20.6,19.7,20.8,20,20,19.9,20.1,19.7,18.3,19.5,19.8,20.4,20,20.3,19.5,16.9
2020-04-12,20.6,20.6,20.4,20.7,20.1,20.5,20.7,19.9,20.8,20,19.8,19.7,19.9,19.6,18.5,19.4,19.5,20.3,19.9,20.4,20,17
2020-04-13,13.9,13.9,13.7,13.4,13.6,13.6,13.9,13,13.9,13.6,13,13.1,13.2,12.6,11.4,12.7,13.2,13.6,12.5,12.4,10.9,10.9
2020-04-14,20.5,20.5,20.6,20.4,19.8,20.4,20.7,18.9,20.6,19.3,19.8,19.5,19.7,19.6,18.5,19.3,19.1,20.1,19.9,20.5,19.8,16.9
2020-04-15,19.6,19.6,19.7,19.5,19,19.6,19.8,17.9,19.7,18.4,19,18.8,18.9,18.7,17.6,18.5,18.4,19.3,18.9,19.6,18.9,16
2020-04-16,21,21,21,21,20.2,20.8,21.2,19.1,21.1,19.7,20.2,19.9,20.1,20.1,19.3,19.7,19.4,20.5,20.4,21.1,20.8,17.6
2020-04-17,21.5,21.4,21.6,21.2,21,21.5,21.6,19.3,21.4,19.9,21.2,21,21.1,20.8,20.1,20.7,20.6,21.3,21,21.7,21.4,18.7
2020-04-18,20.6,20.6,20.8,21,20.3,21,21,19,21,19.6,20.6,20.3,20.4,20.4,19.5,20.1,19.8,20.7,20.7,21.3,20.8,18.1
2020-04-19,16,16,15.8,15.5,15.7,15.8,16,14.8,15.9,15.4,15.5,15.5,15.6,15.2,14.5,15.2,15.4,15.8,15.2,15.6,15.1,13.7
2020-04-20,17.8,17.8,17.8,18.2,17.8,18.3,18.1,16.9,18.3,17.4,18,17.8,17.9,17.7,16.7,17.5,17.6,18.2,17.9,18.8,18.8,15
2020-04-21,14.9,14.9,14.7,14.6,14.5,14.7,14.9,13.8,14.9,14.4,14.2,14.2,14.3,14,13.1,13.9,14.1,14.6,14,14.4,14,12.1
2020-04-22,17.3,17.3,17.1,16.3,15.9,16.4,17.3,14.9,17,16.1,15.8,15.5,15.6,15.8,15.4,15.4,15,16,16.1,16.9,17.1,13.5
2020-04-23,22,21.9,21.7,21.9,21.3,21.6,22,20.3,22.1,21.2,20.9,20.8,21,20.7,19.6,20.5,20.6,21.4,21,21.3,20.6,18
2020-04-24,22,22,22,22.4,21.9,22.3,22.3,20.6,22.4,21.2,21.9,21.8,21.9,21.6,20.3,21.4,21.6,22.2,21.8,22.4,21.8,18.7
2020-04-25,21.1,21.1,21.3,21.6,21,21.6,21.5,20.3,21.7,20.4,21.1,20.9,21,20.8,19.8,20.6,20.5,21.4,21.1,21.6,20.8,18.3
2020-04-26,22.7,22.6,22.6,22.4,21.7,22.3,22.8,21.3,22.7,21.5,21.6,21.3,21.5,21.5,20.5,21.1,20.9,22,21.8,22.5,22,18.8
2020-04-27,20.7,20.7,20.4,20.5,20,20.4,20.8,19.4,21,20.1,19.6,19.5,19.7,19.4,18.1,19.2,19.2,20.2,19.7,20.1,19.2,16.7
2020-04-28,22.5,22.4,22.1,22.2,21.8,22.1,22.5,21.1,22.6,21.8,21.4,21.3,21.5,21.1,19.7,20.9,21.1,21.9,21.3,21.9,21.3,18
2020-04-29,23,23,22.8,22.9,22.2,22.6,23,21.2,23,21.9,21.8,21.7,21.9,21.6,20.4,21.3,21.5,22.3,21.9,22.3,21.8,18.6
2020-04-30,23.3,23.3,23,23.1,22.6,23,23.4,22.1,23.6,22.8,22.2,22,22.2,21.9,20.5,21.7,21.8,22.7,22.2,22.7,21.9,18.8
2020-05-01,26.6,26.6,26.3,26.5,25.8,26.2,26.6,25.4,26.8,26,25.3,25.1,25.3,25.1,23.7,24.7,24.8,25.9,25.4,25.9,25.3,21.7
2020-05-02,26.4,26.4,26.5,26.8,25.7,26.5,26.7,24.6,26.7,25.1,26,25.6,25.8,26.1,25.4,25.5,25,26.1,26.6,27.6,27.8,23.4
2020-05-03,24.7,24.7,24.8,24.9,24.3,24.8,24.9,23,24.9,23.6,24.4,24.2,24.3,24.2,23.4,24,23.8,24.6,24.5,25,24.5,21.9
2020-05-04,27.2,27.2,27.4,27.9,27.2,27.7,27.6,25.5,27.7,26.2,27.2,27.2,27.3,26.9,25.6,26.8,27,27.6,27.1,27.4,26.6,24.5
2020-05-05,26.6,26.6,26.7,27,26.3,26.8,26.9,25.2,26.9,25.6,26.4,26.2,26.3,26.2,25.3,25.9,25.8,26.6,26.5,27,26.6,23.9
2020-05-06,26.9,26.8,26.9,27.2,27,27.4,27.1,25.1,27.2,25.9,27.2,27.1,27.2,26.7,25.5,26.7,27,27.5,26.8,27.5,26.9,24.1
2020-05-07,26,26,26.2,26.4,26.1,26.5,26.3,24.7,26.3,24.9,26.1,26.1,26.2,25.7,24.4,25.7,26,26.5,25.9,26.4,25.5,23.1
2020-05-08,25.4,25.4,25.5,26.1,25.4,26,25.7,24.4,25.9,24.6,25.5,25.4,25.6,25.2,23.9,25.1,25.2,25.8,25.5,25.9,25.1,22.4
2020-05-09,20.1,20.1,20.2,20.2,19.9,20.3,20.3,18.9,20.3,19.4,19.9,19.9,20,19.7,18.8,19.6,19.7,20.2,19.8,20.1,19.4,17.7
2020-05-10,19.7,19.7,19.4,19.4,19,19.3,19.7,17.8,19.9,19,18.6,18.5,18.7,18.4,17,18.2,18.3,19.1,18.7,19.2,18.5,15.2
2020-05-11,24.6,24.5,24.2,24,23.6,23.9,24.5,23.1,24.5,23.7,23,22.9,23.1,22.7,21.1,22.5,22.7,23.7,22.9,23.5,22.8,19.1
2020-05-12,21.4,21.4,21.4,21.5,20.7,21.2,21.6,19.4,21.4,20.1,20.5,20.4,20.6,20.2,18.8,20.1,20.2,21,20.5,20.7,19.6,17.8
2020-05-13,24.2,24.1,23.9,24.6,23.9,24.3,24.3,22.5,24.6,23.4,23.5,23.4,23.6,23.2,21.6,23,23.3,24.1,23.5,23.9,23,19.6
2020-05-14,19.2,19.2,18.9,18.8,18.7,18.9,19.1,17.3,19,18.2,18.3,18.3,18.5,18,16.7,18,18.4,18.8,18,18.4,17.7,15.5
2020-05-15,23.3,23.2,22.9,21.9,21.6,21.9,23,20.6,22.5,21.5,20.9,20.8,21,20.7,19.4,20.5,20.6,21.5,20.9,21.3,20.5,17.9
2020-05-16,24.1,24,23.7,23,22.6,22.9,23.9,21.1,23.5,22.3,22.1,21.9,22.1,22,20.9,21.6,21.5,22.6,22.2,23.1,23,18.7
2020-05-17,25.4,25.4,25.1,25,24.4,24.8,25.3,22.8,25.2,23.9,24.1,23.9,24.1,23.9,22.8,23.6,23.7,24.6,24.1,24.9,24.7,20.8
2020-05-18,25.5,25.5,25.4,25.2,24.8,25.3,25.7,24,25.5,24.3,24.8,24.5,24.7,24.5,23.5,24.2,24.1,25.1,24.8,25.6,25,21.5
2020-05-19,28.9,28.8,28.6,28.9,28.3,28.7,28.9,27.1,29,27.8,28.2,28,28.1,28.1,27.4,27.8,27.6,28.5,28.4,29.3,29.3,25.3
2020-05-20,29.5,29.5,29.2,29.2,28.7,29.1,29.4,27.6,29.3,28.2,28.6,28.4,28.5,28.5,27.8,28.2,28.1,28.9,28.8,29.5,29.3,26.1
2020-05-21,30.5,30.4,30.5,31.3,30.3,30.9,30.8,28.7,31,29.5,30.3,30.1,30.3,30,28.8,29.8,29.8,30.7,30.4,30.8,30,27.1
2020-05-22,31,31,31.1,31,30.4,31,31.2,28.8,31.1,29.6,30.4,30.2,30.4,30.1,28.8,29.9,29.9,30.8,30.3,30.8,30.1,27.1
2020-05-23,29.3,29.3,29.4,30,29.2,29.8,29.6,27.5,29.8,28.3,29.2,29.1,29.3,28.9,27.6,28.7,28.9,29.6,29.1,29.5,28.7,26.1
2020-05-24,24.8,24.8,24.9,25.5,25.1,25.4,25.1,23.1,25.2,23.8,25.2,25.2,25.3,24.8,23.6,24.8,25.2,25.5,24.9,25.4,24.7,22.2
2020-05-25,25.7,25.7,25.7,26.1,25.9,26.2,26,23.9,26.1,24.8,25.9,25.9,26,25.4,24.1,25.5,25.9,26.3,25.5,26,25.1,22.6
2020-05-26,27.5,27.5,27.7,28.5,28.2,28.6,27.9,26.3,28.2,26.9,28.5,28.5,28.6,28,26.6,28.1,28.5,28.8,28,28.7,28,24.9
2020-05-27,25.9,25.9,26.2,26.8,26.4,27,26.4,25.3,26.6,25.2,26.7,26.6,26.7,26.3,24.9,26.2,26.4,27,26.5,27,26,23.3
2020-05-28,25.7,25.7,25.8,26,26,26.4,26,24.5,26,24.8,26.2,26.2,26.3,25.6,24.2,25.7,26.2,26.5,25.7,26.3,25.5,22.6
2020-05-29,28.9,28.9,29,29,28.7,29.2,29.2,27.4,29.1,27.7,28.6,28.7,28.8,28.1,26.4,28.1,28.7,29.1,28.2,28.7,27.7,24.6
2020-05-30,24.1,24.1,24.1,24.4,24.3,24.5,24.4,23.4,24.5,23.6,24.1,24.2,24.3,23.7,22.2,23.7,24.2,24.6,23.8,24.1,23.2,20.7
2020-05-31,25.3,25.3,25.3,25.3,25.1,25.5,25.5,23.8,25.5,24.5,25,24.9,25.1,24.6,23.3,24.6,24.8,25.4,24.8,25.2,24.3,21.8
2020-06-01,24.6,24.6,24.7,25.4,25,25.4,25,23.6,25.4,24.2,25,25,25.2,24.6,23,24.6,25,25.4,24.8,25.1,24,21.4
2020-06-02,25.1,25.1,25.2,25.7,25.3,25.8,25.4,24,25.7,24.4,25.4,25.3,25.5,25,23.7,24.9,25.2,25.7,25.2,25.7,24.8,22
2020-06-03,26.5,26.5,26.6,27.7,27.3,27.6,27,25.1,27.4,25.8,27.3,27.4,27.6,26.7,25,26.9,27.6,27.8,26.9,27.4,26.4,23.2
2020-06-04,21.9,21.8,21.7,22.4,22,22.2,22,20.4,22.3,21.2,21.8,21.8,22,21.5,20.2,21.4,21.8,22.3,21.6,22.2,21.7,18.5
2020-06-05,25.3,25.3,25.2,25.8,25.2,25.5,25.5,23.5,25.7,24.4,25.2,25.1,25.2,25,24.1,24.8,25,25.5,25.3,25.9,25.7,22.1
2020-06-06,25.9,25.8,26,26,25.9,26.4,26.2,24.7,26.1,24.9,26.1,26,26.1,25.6,24.5,25.7,25.9,26.4,25.7,26.4,25.7,22.8
2020-06-07,21.8,21.8,21.5,21.2,21.5,21.6,21.8,21.1,21.8,21.4,21,21.1,21.2,20.6,19.5,20.7,21.1,21.6,20.6,21,20.1,17.9
2020-06-08,20.6,20.6,20.4,20.4,20.5,20.6,20.7,19.1,20.8,20,20.1,20.2,20.3,19.7,18.3,19.7,20.2,20.7,19.7,20.2,19.3,16.8
2020-06-09,22.9,22.9,22.7,23,22.9,23,23,21.4,23.1,22.1,22.6,22.7,22.8,22.2,20.8,22.2,22.8,23.1,22.3,22.9,22.3,18.9
2020-06-10,22.7,22.7,22.7,23.1,22.9,23.3,23,21.4,23.2,22,22.9,22.9,23,22.4,21,22.4,22.8,23.3,22.5,23.3,22.6,19
2020-06-11,22.7,22.6,22.4,22.5,22.3,22.5,22.7,21.2,22.9,22,21.8,21.8,22,21.4,19.9,21.4,21.8,22.5,21.5,21.9,20.7,18.1
2020-06-12,25.6,25.6,25.3,25.7,25.4,25.7,25.7,23.9,26,24.9,25.1,25,25.2,24.7,23,24.6,25,25.7,24.8,25.4,24.5,21.1
2020-06-13,26.8,26.8,26.5,26.7,26.5,26.8,26.9,25.7,27.1,26.4,26.1,26,26.2,25.7,24.3,25.6,25.9,26.7,25.8,26.4,25.7,22.4
2020-06-14,25,25,25,25.4,25,25.5,25.4,23.4,25.5,24.1,25,24.9,25.1,24.6,23.1,24.5,24.8,25.5,24.8,25.4,24.3,21.3
2020-06-15,24.7,24.7,24.8,25.1,25.1,25.5,25.1,23.4,25.3,24,25.2,25.2,25.3,24.7,23.3,24.8,25.1,25.6,24.7,25.4,24.3,21.8
2020-06-16,20.8,20.8,20.6,20.9,20.7,21,21,19.7,21.3,20.7,20.4,20.3,20.5,20.1,19,20,20.2,20.9,20.2,20.7,19.8,17.5
2020-06-17,24.4,24.4,24.2,24.7,24.5,24.7,24.5,23,24.8,23.7,24.4,24.4,24.6,24,22.9,24,24.4,24.8,24.1,24.8,24.3,21
2020-06-18,23.4,23.4,23.5,23.8,23.5,23.9,23.7,21.6,23.7,22.2,23.6,23.5,23.6,23.1,21.6,23.1,23.4,23.9,23.3,24,23.2,19.7
2020-06-19,24.5,24.5,24.5,24.6,24.5,24.8,24.8,23.5,24.8,23.8,24.3,24.3,24.5,23.8,22.2,23.9,24.3,24.8,23.9,24.3,23.1,20.8
2020-06-20,26.3,26.3,26.5,27.2,26.5,27,26.7,24.2,27,25.3,26.6,26.5,26.6,26.2,24.7,26.1,26.3,27,26.4,26.9,26,23.2
2020-06-21,28,28,28.2,28.7,28.6,29,28.4,26.4,28.6,27.1,28.9,28.9,29,28.4,27.4,28.5,28.8,29.1,28.5,29.3,28.6,25.7
2020-06-22,28.6,28.5,28.6,28.8,28.4,28.9,28.8,27.2,28.9,27.6,28.4,28.3,28.4,28.1,27,28,28,28.7,28.4,28.9,28.1,25.4
2020-06-23,29.2,29.1,29.4,30,29.4,29.9,29.5,27.3,29.7,28.1,29.4,29.5,29.6,28.9,27.4,29,29.5,29.9,29.1,29.3,28.2,26.2
2020-06-24,29.6,29.6,29.8,30.1,29.6,30.1,29.9,28.1,30,28.7,29.6,29.6,29.7,29.2,27.8,29.2,29.5,30,29.4,29.8,28.9,26.5
2020-06-25,30.1,30.1,30.2,30.4,30,30.5,30.4,29.1,30.5,29.3,30.1,30,30.2,29.8,28.5,29.7,29.8,30.5,30,30.5,29.6,26.9
2020-06-26,30.3,30.3,30.4,30.7,30.6,31,30.6,29.8,30.8,29.8,30.7,30.7,30.8,30.2,28.8,30.3,30.6,31.1,30.3,30.9,29.9,27.1
2020-06-27,29,29,29.2,29.4,28.9,29.5,29.4,28,29.4,28.1,29.1,28.9,29.1,28.8,27.7,28.7,28.6,29.4,29.1,29.7,28.9,26
2020-06-28,30.8,30.8,30.9,30.9,30.8,31.2,31.1,29.6,31.1,29.8,30.9,30.8,31,30.4,29.1,30.4,30.7,31.2,30.5,31.2,30.3,27.2
2020-06-29,28.8,28.7,28.9,29.7,29,29.6,29.2,27.5,29.5,28.1,29.2,29.1,29.2,28.9,27.7,28.8,28.8,29.5,29.2,29.7,28.8,26.1
2020-06-30,28.8,28.8,28.9,28.9,28.8,29.1,29.1,27.6,29,28.1,28.9,28.8,28.9,28.5,27.5,28.5,28.7,29.1,28.7,29.1,28.5,26.1
2020-07-01,32.6,32.6,32.8,33,32.6,33.1,32.9,31.6,33,31.6,32.7,32.6,32.7,32.3,31.1,32.2,32.3,33,32.5,33.2,32.4,29.3
2020-07-02,30.9,30.8,30.8,30.9,30.7,31.1,31.1,29.3,31.1,29.8,30.6,30.6,30.7,30.2,28.7,30.2,30.4,31.1,30.3,31,30.1,27.1
2020-07-03,25.9,25.8,25.9,26.5,26.1,26.5,26.2,24,26.4,25,26.4,26.3,26.4,26.2,25.4,26,26,26.5,26.4,27.2,27.1,23.6
2020-07-04,26.9,26.9,27,27.2,27.1,27.5,27.2,25.6,27.2,26.2,27.4,27.2,27.3,27.1,26.4,27,27,27.5,27.2,27.9,27.5,25
2020-07-05,31.9,31.8,31.9,32.3,31.7,32.2,32.1,29.9,32.1,30.6,31.8,31.7,31.9,31.5,30.3,31.4,31.5,32.2,31.7,32.4,31.8,28.7
2020-07-06,32.1,32.1,32.3,32.7,32.1,32.7,32.4,30.5,32.4,30.9,32.5,32.3,32.4,32.3,31.5,32.1,32,32.6,32.6,33.5,33.5,29.6
2020-07-07,28.8,28.7,28.8,29,28.7,29.1,29,27.1,29,27.8,29,28.8,28.9,28.8,28.1,28.6,28.5,29.1,29,29.7,29.6,26.4
2020-07-08,30.2,30.2,30.4,30.6,30,30.6,30.5,28.9,30.6,29.3,30.3,30.1,30.2,30,29.1,29.8,29.8,30.5,30.3,30.9,30.4,27.4
2020-07-09,33.1,33,33.3,33.2,32.7,33.4,33.3,30.9,33.1,31.5,33.2,32.9,33,33,32.4,32.7,32.4,33.2,33.2,34.2,34.2,30.7
2020-07-10,30.9,30.9,31,31.1,30.4,31,31.2,29.3,31.3,30,30.4,30.2,30.3,30.3,29.1,29.9,29.7,30.8,30.6,31.1,30.2,27.6
2020-07-11,32.1,32,32.1,32.2,31.6,32.2,32.3,30,32.2,30.6,31.7,31.5,31.7,31.4,30.1,31.2,31.2,32,31.7,32.4,31.9,28.2
2020-07-12,30.1,30.1,30.2,30.4,29.6,30.3,30.4,28.6,30.5,29.2,29.9,29.5,29.7,29.8,29.1,29.4,29,30,30.2,30.9,30.6,27.3
2020-07-13,31.8,31.8,31.7,31.6,31.3,31.7,31.9,30.7,31.9,30.7,31.1,31,31.2,30.6,28.9,30.5,30.9,31.6,30.8,31.3,30.2,27.3
2020-07-14,29.4,29.4,29.2,29.5,29.2,29.5,29.5,28.6,29.7,28.9,28.8,28.8,29,28.5,27.2,28.4,28.7,29.4,28.7,29.1,28.1,25.6
2020-07-15,29.5,29.4,29.3,30.4,29.5,29.9,29.7,28.3,30.1,28.8,29.5,29.4,29.6,29.2,28.1,29,29.3,29.9,29.5,30.1,30,25.8
2020-07-16,25.9,25.8,26,26.4,26.1,26.5,26.2,23.5,26.2,24.7,26.3,26.3,26.4,25.9,24.7,25.9,26.2,26.6,26,26.5,25.6,23.3
2020-07-17,28.3,28.2,28.3,28.7,28.4,28.8,28.6,26.7,28.7,27.4,28.4,28.3,28.5,28,26.5,27.9,28.2,28.8,28.2,28.7,27.8,24.9
2020-07-18,29.6,29.6,29.8,30.7,30.2,30.7,30.1,28.8,30.4,29.1,30.6,30.5,30.6,30.3,29.3,30.2,30.4,30.8,30.5,31.3,31,27.4
2020-07-19,31.9,31.9,32.1,32.9,32.3,32.8,32.3,30.1,32.5,30.9,32.4,32.5,32.6,31.9,30.2,31.9,32.5,32.8,32.1,32.5,31.4,28.7
2020-07-20,30.9,30.9,31,31.7,31,31.4,31.3,29.5,31.5,30.1,30.7,30.7,30.9,30.3,28.4,30.2,30.7,31.3,30.6,30.5,28.9,27.3
2020-07-21,32.4,32.4,32.6,32.3,31.9,32.5,32.6,30.6,32.4,30.9,32,31.8,32,31.6,30.3,31.5,31.6,32.3,31.9,32.4,31.5,28.9
2020-07-22,31.8,31.8,32.1,32.5,32.3,32.8,32.3,31.2,32.5,31.2,32.6,32.5,32.7,32.2,30.9,32.2,32.4,32.9,32.4,33,32.2,29.4
2020-07-23,33.2,33.1,33.3,33.2,32.9,33.4,33.5,32.1,33.4,32.1,32.8,32.7,32.9,32.4,30.8,32.3,32.5,33.3,32.7,33.2,32,29.1
2020-07-24,32.1,32.1,32,32.5,32,32.4,32.3,31.1,32.5,31.3,32,31.9,32,31.6,30.2,31.5,31.7,32.4,31.9,32.5,31.8,28.2
2020-07-25,31.3,31.3,31.4,31.6,31.4,31.8,31.6,30.2,31.7,30.5,31.5,31.4,31.6,31,29.6,31,31.4,31.8,31.2,31.8,30.9,28
2020-07-26,32.5,32.4,32.6,32.5,32,32.6,32.7,30.8,32.5,31,32.1,32,32.1,31.8,30.4,31.6,31.7,32.5,32,32.6,31.8,28.8
2020-07-27,34,34,34.4,35,34.8,35.2,34.5,32.4,34.6,32.9,35.3,35.4,35.4,34.7,33.4,34.9,35.5,35.5,34.8,35.3,34.6,32.1
2020-07-28,34.1,34,34.4,34.2,33.7,34.4,34.4,31.2,34,32,34.1,33.9,34,33.8,32.9,33.6,33.4,34.2,34.1,35,34.6,31.1
2020-07-29,34.3,34.2,34.4,34.4,34,34.5,34.5,32.5,34.3,32.8,34.2,34.1,34.2,33.7,32.5,33.7,33.9,34.5,33.9,34.5,33.7,30.9
2020-07-30,36.5,36.4,36.6,36.1,36.2,36.6,36.6,33.9,36.1,34.4,36.4,36.4,36.5,35.9,34.8,36,36.4,36.7,36,36.8,36.4,32.9
2020-07-31,36,36,36.3,36.3,36.4,36.8,36.3,33.6,36,34.2,36.9,36.9,36.9,36.3,35.1,36.4,36.8,37,36.3,37.2,36.7,33.5
2020-08-01,35.7,35.7,35.8,35.9,36,36.4,36,34.8,36,34.7,36.2,36.2,36.3,35.7,34.2,35.8,36.2,36.5,35.8,36.6,35.8,32.4
2020-08-02,32.9,32.9,32.8,34.2,33.3,33.7,33.1,31.2,33.5,32.1,33.4,33.4,33.5,33.2,32.4,33.1,33.4,33.7,33.4,34,33.8,30.9
2020-08-03,28,28,28,28.4,27.9,28.4,28.3,27.2,28.5,27.4,28.1,27.8,28,27.9,27.1,27.6,27.4,28.3,28.2,29.1,28.7,25.4
2020-08-04,27.5,27.4,27.5,27.8,27.5,28,27.8,26.4,28,26.8,27.6,27.5,27.6,27.2,26,27.1,27.3,27.9,27.4,28,27,24.5
2020-08-05,31,31,31.1,31.2,30.2,30.9,31.3,29.5,31.2,29.9,30.4,30,30.2,30.4,29.6,29.9,29.4,30.6,30.9,31.7,31.6,27.7
2020-08-06,32.7,32.6,33,33.7,32.8,33.5,33.2,31.9,33.4,32,33.1,32.9,33.1,32.8,31.6,32.6,32.6,33.3,33.2,33.7,32.9,30
2020-08-07,34.4,34.4,34.9,35.9,34.8,35.5,35,31.9,35,32.8,35.1,35.2,35.3,34.6,33,34.7,35.2,35.5,34.8,35.1,33.9,31.7
2020-08-08,35.1,35.1,35.4,35.2,34.5,35.2,35.4,32.8,35.1,33.5,34.7,34.5,34.6,34.5,33.3,34.2,34.1,35,34.8,35.4,34.8,31.8
2020-08-09,35.5,35.5,35.6,34.8,34.5,35.1,35.7,33.4,35.2,33.9,34.4,34.1,34.3,34.2,33.2,34,33.6,34.7,34.5,35.1,34.4,31.8
2020-08-10,34.9,34.9,35,34.9,34.5,34.9,35.1,32.6,34.8,33.3,34.3,34.3,34.5,33.8,32.1,33.8,34.2,34.8,33.9,34.4,33.2,30.9
2020-08-11,34.6,34.6,34.8,35.2,34.4,35.1,35,32.9,34.9,33.2,34.7,34.5,34.7,34.4,33.1,34.2,34.2,35,34.8,35.6,35.1,31.2
2020-08-12,33.6,33.5,33.2,33.1,32.7,33,33.5,32.1,33.4,32.4,32.4,32.1,32.3,32.2,31.1,31.9,31.8,32.8,32.5,33.2,32.8,29.3
2020-08-13,32.1,32,32.1,32.3,31.9,32.5,32.4,31.1,32.5,31.3,32.1,31.9,32,31.8,30.5,31.6,31.6,32.4,32,32.8,32.2,28.7
2020-08-14,30,30,30.2,31.2,30.9,31.3,30.5,29.5,30.9,29.7,31.2,31.1,31.3,30.6,29.3,30.7,31.1,31.5,30.8,31.4,30.4,27.7
2020-08-15,31.1,31.1,31.3,32.5,31.5,32.1,31.6,30.2,32.1,30.6,31.6,31.5,31.6,31.2,29.7,31.1,31.2,32,31.6,31.9,30.9,28.3
2020-08-16,30.9,30.9,30.6,31.1,30,30.6,30.9,29.4,31.1,29.9,29.9,29.5,29.7,29.9,28.9,29.4,29.1,30.2,30.4,31,30.5,27.1
2020-08-17,29.6,29.6,29.6,30,28.8,29.6,30,29.1,30.2,29,28.7,28.3,28.5,28.6,27.2,28.1,27.7,29.1,29.2,29.5,28.1,25.7
2020-08-18,29.4,29.4,29.1,29.3,28.5,29,29.5,28.7,29.6,28.9,28.2,28,28.2,28.2,27.1,27.8,27.5,28.7,28.6,29.1,28.4,25.5
2020-08-19,33.4,33.4,33.5,34.1,33.1,33.8,33.7,31.4,33.9,32.1,33.1,32.9,33.1,32.8,31.2,32.5,32.5,33.5,33.2,33.7,32.8,29.6
2020-08-20,34.1,34.1,34.2,33.9,33.3,34,34.3,32.4,34.1,32.7,33.3,33,33.2,33,31.7,32.7,32.6,33.6,33.4,34,33.1,30
2020-08-21,34.4,34.4,34.7,34.5,33.4,34.3,34.7,32.3,34.5,32.7,33.7,33.2,33.4,33.6,32.6,33.1,32.6,33.8,34.1,34.8,34.2,31
2020-08-22,32.8,32.8,32.8,33,32.3,32.9,33.1,31.5,33.1,31.8,32.2,32,32.2,31.9,30.5,31.7,31.7,32.6,32.2,32.6,31.4,29.2
2020-08-23,29.1,29.1,29.3,30.5,29.2,30,29.6,28.4,30.1,28.7,29.6,29.3,29.4,29.5,28.6,29.1,28.8,29.8,30,30.7,30.2,27
2020-08-24,28.6,28.5,28.6,29.1,28,28.7,28.9,27.1,29.1,27.9,27.9,27.7,27.9,27.9,26.7,27.5,27.2,28.3,28.3,28.6,27.2,25.4
2020-08-25,32.6,32.6,32.9,33.7,32.6,33.4,33.1,30.9,33.3,31.5,32.8,32.6,32.8,32.4,30.9,32.3,32.3,33.2,32.8,33.2,32.1,29.7
2020-08-26,33.1,33.1,33.4,34.2,32.7,33.5,33.6,32,33.8,32.2,32.8,32.5,32.7,32.7,31.4,32.3,32.1,33.2,33.3,33.6,32.7,29.8
2020-08-27,31.6,31.6,31.7,31.8,31.3,31.9,31.9,30.3,31.9,30.7,31.4,31.2,31.4,31.2,30.1,31,30.9,31.7,31.5,32.1,31.4,28.5
2020-08-28,31.2,31.2,31,31.6,30.7,31.2,31.3,29.7,31.6,30.4,30.5,30.3,30.5,30.4,29.3,30.1,30,31,30.7,31.3,30.6,27.8
2020-08-29,24.3,24.2,24,24,23.2,23.6,24.3,23.1,24.3,23.5,22.8,22.6,22.8,22.7,21.4,22.3,22.3,23.3,23.1,23.5,22.9,19.5
2020-08-30,26.4,26.4,26.1,26.2,25.4,25.9,26.4,24.6,26.5,25.4,25.1,24.8,25.1,25,23.7,24.5,24.5,25.6,25.4,26,25.6,21.5
2020-08-31,27,27,26.8,27.3,26.6,27,27.1,25.6,27.2,26.1,26.4,26.3,26.5,26.2,25.1,26,26.1,26.8,26.5,27.1,26.6,23.2
2020-09-01,26.5,26.5,26.2,26.6,25.6,26.1,26.6,25.1,26.8,25.8,25.5,25.1,25.3,25.6,24.8,25,24.6,25.8,26,26.7,26.5,23.2
2020-09-02,26.2,26.2,26,26.7,26.2,26.5,26.4,25.5,26.8,26,26,25.9,26.1,25.8,24.8,25.7,25.8,26.4,26,26.4,25.6,23.5
2020-09-03,27.4,27.4,27.5,28.5,27.3,28,27.9,27.2,28.3,27.2,27.6,27.2,27.3,27.6,26.8,27.1,26.6,27.7,28.1,28.7,28.2,25.1
2020-09-04,30.2,30.2,30.3,30.5,29.5,30.2,30.5,29.8,30.6,29.5,29.6,29.2,29.4,29.5,28.5,29.1,28.7,29.9,30,30.4,29.7,26.9
2020-09-05,29.9,29.8,30,30.2,29.3,30,30.2,29.1,30.2,29,29.4,29.1,29.3,29.3,28.1,28.9,28.7,29.7,29.7,30.2,29.4,26.6
2020-09-06,30,30,29.8,30.3,29.4,29.8,30.1,29.1,30.3,29.4,29.1,28.9,29.1,29.1,28.1,28.7,28.7,29.5,29.5,29.8,29.3,26.7
2020-09-07,26.3,26.2,26.2,26.8,25.8,26.4,26.5,24.8,26.6,25.1,25.7,25.5,25.7,25.4,24,25.1,25.2,26.2,25.8,26.4,25.6,22.2
2020-09-08,28.8,28.8,28.5,27.1,26.8,27.2,28.6,25.9,27.9,26.8,26.1,26,26.2,25.9,24.4,25.6,25.6,26.8,26.1,26.5,25.5,22.8
2020-09-09,23.1,23.1,22.9,23.5,22.8,23.2,23.3,21.1,23.5,22.3,22.8,22.5,22.7,22.7,21.8,22.4,22.2,23.1,22.9,23.7,23.4,20.3
2020-09-10,28.6,28.5,28.5,28.7,28,28.6,28.8,27,28.8,27.5,28,27.7,27.9,27.8,26.4,27.4,27.4,28.4,28.1,29,28.4,24.3
2020-09-11,30.8,30.7,30.5,31.1,30.2,30.7,30.9,29.9,31.1,30.2,30.1,29.8,30,30,29.2,29.7,29.5,30.5,30.4,31,30.7,27.3
2020-09-12,31.3,31.3,31.2,31.5,30.7,31.4,31.5,30.5,31.6,30.5,30.8,30.5,30.7,30.7,29.6,30.3,30,31.1,31.1,31.9,31.5,27.5
2020-09-13,31.8,31.8,31.8,31.7,31.4,31.9,32,30.8,32,30.9,31.4,31.2,31.3,31.1,29.9,30.9,30.8,31.7,31.3,32,31.3,28.2
2020-09-14,31,31,31.1,31.1,30.5,31.1,31.3,29.6,31.2,29.8,30.5,30.3,30.5,30.2,28.9,30,29.9,30.9,30.6,31.2,30.4,27.2
2020-09-15,30,30,30.1,30.6,29.6,30.3,30.3,28.8,30.4,29,29.6,29.4,29.6,29.3,27.9,29.1,29.1,30,29.7,30,29.1,26.4
2020-09-16,30.8,30.7,30.8,30.8,30.3,30.9,31,29.2,30.9,29.6,30.3,30.1,30.3,30,28.8,29.8,29.8,30.7,30.2,30.9,30.1,27
2020-09-17,31.1,31,31,30.6,30.5,30.9,31.1,29.3,31,29.9,30.3,30.2,30.3,29.9,28.6,29.8,30,30.7,29.9,30.5,29.6,27.1
2020-09-18,24.6,24.6,24.2,23.5,23.7,23.9,24.5,24.5,24.6,24.6,22.9,22.9,23.1,22.6,21.2,22.6,22.8,23.7,22.6,22.6,20.9,20.2
2020-09-19,27.9,27.8,27.5,27.4,27.3,27.5,27.9,26.5,27.9,27.1,26.8,26.7,26.9,26.4,24.9,26.3,26.6,27.4,26.5,27,25.9,23.4
2020-09-20,28.4,28.4,28.1,28.2,27.8,28.1,28.4,27.3,28.4,27.5,27.4,27.3,27.5,27.1,25.8,27,27.2,27.9,27.3,27.8,27.3,24
2020-09-21,25,25,24.7,24.4,24,24.4,24.9,22.9,24.8,23.8,23.8,23.6,23.7,23.7,22.8,23.4,23.2,24.1,23.9,24.8,24.7,21
2020-09-22,26.3,26.2,26,26.7,26.1,26.4,26.4,25.2,26.6,25.6,25.9,25.9,26.1,25.7,24.4,25.5,25.8,26.4,25.8,26.4,26,22.5
2020-09-23,29,29,28.7,29,28.4,28.7,29,27.8,29.1,28,28,27.9,28.1,27.8,26.6,27.6,27.7,28.5,28.1,28.7,28.2,24.6
2020-09-24,28,28,27.7,28,27.4,27.8,28.1,27.9,28.3,27.7,27,26.8,27,26.9,25.4,26.5,26.5,27.5,27.2,27.8,27.3,23.5
2020-09-25,21.4,21.4,21.1,21.3,21.3,21.5,21.5,20.6,21.7,21,20.8,20.8,21,20.4,18.8,20.4,20.9,21.4,20.4,20.9,20,17.2
2020-09-26,22.8,22.8,22.5,22.7,22.2,22.5,22.9,21.4,22.9,22,21.9,21.8,22,21.7,20.6,21.4,21.6,22.4,22,22.8,22.7,18.5
2020-09-27,18.7,18.7,18.4,18.6,18.6,18.9,18.8,17.4,19.1,18.3,18.4,18.3,18.5,18.1,16.9,18,18.1,18.8,18.3,18.8,17.6,15.3
2020-09-28,24.9,24.9,24.7,25.1,24.4,24.7,24.9,23.9,25,24,24.1,24,24.2,23.9,22.7,23.7,23.9,24.6,24.2,24.6,24.1,20.9
2020-09-29,25.5,25.5,25.4,25.2,24.9,25.2,25.6,24.3,25.4,24.5,24.7,24.6,24.7,24.4,23.3,24.3,24.5,25,24.6,25,24.4,21.9
2020-09-30,25.5,25.5,25.6,25.9,25.5,25.9,25.8,24.6,25.9,24.8,25.5,25.5,25.6,25.2,23.9,25.1,25.3,25.9,25.3,25.9,25.2,22.4
2020-10-01,28.3,28.3,28,28.4,27.6,27.9,28.3,26.7,28.3,27.1,27.2,27.1,27.3,27,25.7,26.7,27,27.7,27.3,27.8,27.3,23.8
2020-10-02,19.9,19.9,19.6,19.5,19.1,19.4,19.9,18.4,20,19.3,18.4,18.4,18.6,18.2,16.6,18,18.2,19.1,18.4,18.6,17.4,15.3
2020-10-03,18.4,18.4,18,18,17.8,18.1,18.4,17.3,18.6,17.9,17.2,17.1,17.4,16.8,15,16.6,17,17.9,17,17.4,16.2,13.2
2020-10-04,21.5,21.5,21.2,21.9,20.9,21.4,21.7,21,22.1,21.2,20.3,20.2,20.4,20.1,18.2,19.7,19.9,21.1,20.5,20.9,19.8,16.2
2020-10-05,22.4,22.4,22.1,22.2,21.7,22,22.4,21.5,22.5,21.8,21.3,21.2,21.4,21,19.6,20.8,21,21.8,21.2,21.8,21.2,17.8
2020-10-06,25.9,25.8,25.6,25.6,25.3,25.5,25.9,25.1,25.8,25.1,24.9,24.8,25,24.6,23.2,24.4,24.7,25.4,24.7,25.3,24.8,21.3
2020-10-07,24,24,24,24.1,23.3,23.9,24.2,22.4,24.3,23.1,23.2,22.9,23.1,23.2,22.1,22.7,22.4,23.6,23.6,24.1,23.4,20.4
2020-10-08,24.8,24.8,24.8,25.2,24.5,24.9,25,23.7,25.1,24,24.4,24.2,24.4,24.1,23,24,24.1,24.8,24.4,24.7,23.9,21.7
2020-10-09,25.7,25.7,25.7,25.8,25.5,25.9,25.9,24.5,25.9,24.7,25.5,25.4,25.5,25.1,23.8,25,25.2,25.9,25.2,25.9,25.3,22.1
2020-10-10,21.9,21.9,21.7,22,20.7,21.3,22,20.1,22.1,21.1,20.7,20.2,20.4,20.9,20.6,20.2,19.5,20.8,21.5,22.1,22.1,19
2020-10-11,22.1,22,21.6,21.2,21.1,21.4,21.9,19.8,21.7,20.5,20.7,20.6,20.8,20.3,18.8,20.2,20.6,21.3,20.4,21.3,20.7,16.7
2020-10-12,23.2,23.2,22.8,22.4,22.1,22.4,23.1,21.8,23.1,22.4,21.4,21.3,21.5,21.2,19.7,20.9,21.1,22.1,21.4,22,21.3,17.7
2020-10-13,21.8,21.7,21.4,21,20.2,20.7,21.6,19.5,21.4,20.4,19.8,19.5,19.7,19.9,19,19.4,19.1,20.2,20.3,20.9,20.5,17.2
2020-10-14,18.2,18.1,17.8,17.5,17.3,17.6,18.1,17.2,18.2,17.6,16.8,16.7,16.9,16.6,15.2,16.3,16.5,17.4,16.8,17.4,16.7,13.3
2020-10-15,19.6,19.6,19.3,19.2,18.9,19.2,19.6,18.3,19.6,18.7,18.5,18.4,18.6,18.2,16.7,18,18.3,19.1,18.3,19.1,18.6,14.6
2020-10-16,19.1,19.1,18.8,18.9,18.5,18.8,19.1,18.2,19.2,18.5,18.1,18,18.2,17.9,16.6,17.7,17.9,18.7,18.1,18.6,17.8,15.1
2020-10-17,19.9,19.9,19.7,19.8,19.4,19.6,19.9,19.4,20,19.4,19.1,19,19.2,18.9,17.9,18.8,18.9,19.5,19.1,19.6,19.2,16.4
2020-10-18,20.5,20.4,20.2,20,19.4,19.7,20.4,19.2,20.3,19.6,19,18.8,19,19,18.2,18.7,18.4,19.4,19.4,19.8,19.4,16.9
2020-10-19,20.8,20.8,20.6,20.8,20.1,20.4,20.9,20.2,21,20.4,19.6,19.5,19.7,19.5,18.3,19.2,19.3,20.1,19.8,20,19.2,16.9
2020-10-20,21.6,21.6,21.3,21.2,20.8,21.1,21.6,20.3,21.6,20.8,20.3,20.3,20.5,20,18.6,19.9,20.2,20.9,20.2,20.4,19.5,17.3
2020-10-21,25.6,25.6,25.4,24.6,24.2,24.7,25.6,23.1,25.2,24,23.8,23.5,23.8,23.5,22.1,23.2,23.2,24.3,23.8,24.5,23.7,20.3
2020-10-22,22.3,22.3,21.9,21.3,21.1,21.3,22.1,20.3,22,21.2,20.2,20.3,20.5,19.9,18.3,19.9,20.2,21,20.1,20.1,18.7,17.5
2020-10-23,23.3,23.3,22.9,22.8,22.6,22.9,23.3,22.4,23.5,22.8,22,21.9,22.1,21.7,20,21.5,21.7,22.7,21.9,22.4,21.4,18.1
2020-10-24,22.2,22.2,22,21.8,21.5,21.8,22.2,21.4,22.2,21.6,21.1,21,21.2,20.8,19.5,20.7,20.9,21.6,21,21.4,20.9,17.8
2020-10-25,21.6,21.6,21.4,21.6,21.3,21.5,21.7,20.7,21.9,21.2,20.8,20.8,21,20.5,19,20.4,20.8,21.4,20.7,21,20.2,17.3
2020-10-26,19.4,19.4,19.1,19,18.8,19,19.4,18,19.4,18.7,18.3,18.2,18.4,18,16.5,17.8,18.2,18.9,18.1,18.7,18.2,14.8
2020-10-27,18.5,18.4,18.2,18.2,17.7,18,18.5,17.4,18.6,18,17.2,17.1,17.3,17.1,15.6,16.8,16.9,17.7,17.3,17.6,16.7,14.2
2020-10-28,21.5,21.5,21.2,21.4,21.1,21.3,21.5,20.3,21.7,20.9,20.8,20.7,20.8,20.6,19.6,20.4,20.5,21.2,20.8,21.2,20.7,18.2
2020-10-29,21.9,21.9,21.8,22.4,22,22.2,22,21.3,22.2,21.4,21.9,21.9,22,21.6,20.5,21.6,22,22.2,21.8,22.2,21.9,19
2020-10-30,25.4,25.3,25.4,25,24.6,25,25.4,23.6,25.1,23.9,24.5,24.4,24.5,24.3,23.4,24.1,24.2,24.8,24.6,25.1,24.9,22.1
2020-10-31,25.4,25.3,25.4,25.3,25,25.3,25.4,24.1,25.1,24.1,25,25,25.1,24.7,23.9,24.7,25,25.3,24.8,25.4,25.5,22.6
2020-11-01,25.4,25.3,25.4,24.4,24.8,24.9,25.2,22.9,24.6,23.5,24.8,24.8,24.9,24.3,23.4,24.5,25,25,24.2,25,25.2,21.9
2020-11-02,24.5,24.4,24.7,24.4,24.2,24.6,24.6,22.4,24.3,22.9,24.3,24.3,24.4,23.9,23,24,24.3,24.6,23.9,24.3,23.7,22.1
2020-11-03,20,20,19.7,19.5,19,19.3,19.9,18.5,19.9,19.2,18.3,18.3,18.5,18.1,16.6,18,18.3,19,18.4,18.5,17.5,15.5
2020-11-04,14.6,14.5,14.2,13.6,14.1,14.1,14.4,12.9,14.3,13.9,13.3,13.5,13.7,12.8,11.1,13,13.7,14.1,12.6,12.6,11.1,10.3
2020-11-05,17.8,17.8,17.6,17.4,17.2,17.4,17.8,16.4,17.7,17.2,17,16.9,17,17,16.4,16.8,16.6,17.3,17,17.7,17.7,15.1
2020-11-06,18.7,18.6,18.4,18.1,17.9,18.1,18.6,16.7,18.4,17.7,17.5,17.5,17.6,17.3,16.4,17.2,17.3,17.9,17.4,17.8,17.3,15.2
2020-11-07,19.2,19.2,18.9,18.9,18,18.4,19.2,17.5,19.2,18.3,17.3,17.2,17.4,17.3,16,16.9,16.9,18,17.7,17.7,16.6,14.8
2020-11-08,20.8,20.8,20.5,20.5,20,20.3,20.8,20.4,20.9,20.4,19.4,19.3,19.5,19.3,17.8,19,19.1,20,19.5,19.6,18.4,16.8
2020-11-09,20.9,20.9,20.6,20.5,20.1,20.4,20.9,20,20.8,20.2,19.7,19.6,19.7,19.6,18.4,19.3,19.4,20.1,19.8,20.2,19.7,17.2
2020-11-10,20.4,20.4,20.1,19.9,19.6,19.9,20.4,20.1,20.5,20,19.2,19,19.2,19,17.8,18.7,18.7,19.7,19.2,19.7,19,16.4
2020-11-11,20.4,20.3,20.1,20.2,19.6,19.9,20.4,19.9,20.5,19.9,19.2,19,19.2,19.1,17.8,18.8,18.8,19.7,19.3,19.6,18.9,16.5
2020-11-12,19.7,19.6,19.4,19,18.8,19,19.6,18.7,19.5,19,18.3,18.2,18.4,18.1,17,18,18.1,18.8,18.3,18.5,17.7,16
2020-11-13,20.5,20.5,20.2,19.6,19.3,19.5,20.3,19.3,20.1,19.6,18.6,18.6,18.8,18.4,17.1,18.3,18.5,19.2,18.6,18.7,17.7,16.2
2020-11-14,20.7,20.7,20.5,20.3,20,20.2,20.7,19.8,20.7,20.2,19.5,19.4,19.6,19.4,18.2,19.2,19.3,20,19.5,19.9,19.2,17
2020-11-15,22.2,22.2,21.9,21.8,21.4,21.6,22.2,21.3,22.1,21.5,20.9,20.8,21,20.7,19.3,20.5,20.7,21.4,20.9,21.4,21,17.6
2020-11-16,20,19.9,19.7,19.3,18.4,18.7,19.8,18.6,19.6,19,17.6,17.6,17.8,17.4,16.3,17.2,17.5,18.3,17.8,17.4,15.9,15.3
2020-11-17,20.3,20.3,20.1,19.6,19.4,19.6,20.1,19.6,20,19.6,18.9,18.9,19.1,18.8,17.7,18.7,18.9,19.4,18.9,19,18.2,17
2020-11-18,19,19,18.9,18.9,18.5,18.7,19,18.2,19.1,18.7,18.2,18.1,18.2,18.2,17.4,18,17.9,18.5,18.4,18.5,18.1,16.7
2020-11-19,21.1,21.1,20.8,20.5,20.4,20.5,21.1,20.8,21.1,20.9,19.6,19.6,19.8,19.4,17.5,19.2,19.6,20.3,19.6,19.6,18.5,15.3
2020-11-20,16.6,16.5,16.3,16.7,16.2,16.5,16.7,16.6,17,16.5,15.7,15.6,15.9,15.5,13.7,15.2,15.6,16.3,15.7,15.9,14.9,11.7
2020-11-21,16.2,16.1,15.9,15.5,15.2,15.3,16,14.1,15.8,15.2,14.6,14.6,14.7,14.6,13.4,14.3,14.4,15.1,14.7,14.9,14.4,12.1
2020-11-22,16.4,16.4,16.3,15.9,15.8,15.8,16.3,15.7,16.2,15.9,15.3,15.3,15.4,15.1,14.1,15.1,15.4,15.7,15.2,15.1,14.3,13.5
2020-11-23,17,17,16.8,16.9,16.4,16.7,17,17,17.1,16.9,16,16,16.1,16,15,15.8,15.8,16.4,16.2,16.3,15.7,14.2
2020-11-24,16.1,16.1,15.9,16.3,15.9,16.1,16.2,16.3,16.5,16.3,15.6,15.5,15.6,15.5,14.6,15.3,15.3,15.9,15.7,15.9,15.3,13.6
2020-11-26,18.9,18.8,18.4,17.5,17,17.3,18.7,17.1,18.4,17.8,15.8,15.8,16.1,15.6,13.6,15.3,15.7,16.8,15.9,15.7,14,12.3
2020-11-27,17.4,17.3,17,16.2,16,16.2,17.2,14.8,16.9,16,15.1,15.1,15.4,14.8,13.3,14.7,15.1,15.9,15,15.2,14.2,11.8
2020-11-28,13.8,13.8,13.5,13.3,13.3,13.4,13.8,12.6,13.9,13.4,12.6,12.7,12.9,12.2,10.5,12.2,12.8,13.3,12.2,12.1,10.4,9.8
2020-11-29,19.2,19.2,18.9,19,18.7,19,19.3,18.4,19.4,18.8,18.2,18.2,18.4,17.9,16.4,17.8,18.1,18.8,18.1,18.4,17.5,15
2020-11-30,18,18,17.8,17.7,17.4,17.6,17.9,16.6,17.9,17.1,17,17,17.1,16.8,15.6,16.7,17,17.4,16.9,17.1,16.4,14.7
2020-12-01,12.7,12.6,12.4,12.5,12.8,12.8,12.8,12.4,13.1,12.8,12.2,12.5,12.6,11.8,10,12,12.7,12.9,11.8,11.6,9.8,9.4
2020-12-02,13.1,13.1,12.8,13,12.4,12.8,13.2,12.2,13.4,12.7,11.9,11.8,12,11.7,10,11.4,11.6,12.5,11.9,12.3,11.4,8.4
2020-12-03,12.7,12.6,12.4,12.7,12,12.3,12.7,12.3,12.9,12.3,11.5,11.4,11.6,11.5,10.3,11.2,11.1,12,11.8,12,11.1,9.1
2020-12-04,12.1,12,11.7,11.8,11.4,11.7,12.1,11,12.3,11.6,10.9,10.8,11,10.8,9.4,10.5,10.5,11.5,11,11.6,11.1,7.7
2020-12-05,10.9,10.9,10.7,10.8,10.5,10.8,11,10.3,11.2,10.6,10,10,10.2,9.7,8.1,9.6,10,10.6,9.9,10.3,9.6,6.5
2020-12-06,12.2,12.2,11.9,11.7,11.4,11.7,12.2,10.7,12.2,11.4,10.7,10.7,10.9,10.4,8.7,10.3,10.6,11.4,10.6,11,10,7.1
2020-12-07,11.4,11.4,11.2,11.2,11,11.2,11.5,11,11.7,11.3,10.5,10.4,10.6,10.2,8.8,10.1,10.4,11,10.3,10.6,9.7,7.3
2020-12-08,10.8,10.8,10.5,10.6,10.7,10.8,10.8,9.3,10.9,10.2,10.2,10.3,10.4,9.8,8.4,9.8,10.3,10.8,9.8,10.3,9.3,6.9
2020-12-09,12.3,12.3,12,12.1,12.1,12.3,12.3,11.4,12.5,11.9,11.7,11.7,11.9,11.4,9.9,11.3,11.7,12.3,11.4,12,11.5,8.2
2020-12-10,14.7,14.6,14.4,14.3,13.9,14.2,14.7,13.5,14.7,14,13.3,13.3,13.5,13,11.1,12.8,13.3,14,13.2,13.4,12.4,9.5
2020-12-11,14.1,14.1,13.9,14,13.8,14,14.2,13.9,14.4,14,13.3,13.3,13.5,13,11.4,12.9,13.3,13.9,13.1,13.1,11.6,10.3
2020-12-12,16.4,16.3,16,15.9,15.7,15.9,16.4,15.4,16.5,15.8,15.1,15,15.3,14.8,13.2,14.6,14.9,15.8,15,15.5,14.6,11.5
2020-12-13,13.7,13.7,13.4,13.8,13.8,13.7,13.7,13.5,14,13.9,13.2,13.4,13.5,13,11.8,13,13.6,13.7,13.1,12.8,11.7,11.2
2020-12-14,14.6,14.6,14.4,14.1,14.7,14.6,14.6,14.7,14.6,14.6,14.2,14.4,14.5,13.8,12.9,14.1,14.7,14.7,13.7,13.5,12.3,12.9
2020-12-15,18.3,18.2,18,18,17.8,18,18.3,17.4,18.4,17.8,17.4,17.3,17.5,17.2,15.9,17,17.1,17.9,17.4,18,17.5,14.3
2020-12-16,17.6,17.6,17.3,16.9,16.6,16.8,17.5,16.7,17.4,16.9,15.9,15.9,16.1,15.6,14.1,15.5,15.8,16.6,15.8,15.9,14.8,12.9
2020-12-17,16,16,15.8,15.4,15.6,15.7,16,14.4,15.9,15.3,15.1,15.1,15.3,14.8,13.8,14.9,15.1,15.6,14.8,15,13.9,13.1
2020-12-18,13.5,13.5,13.2,12.8,13.1,13.2,13.5,13.1,13.6,13.4,12.6,12.6,12.8,12.2,10.9,12.2,12.5,13.1,12.2,12.4,10.8,10.2
2020-12-19,15.8,15.8,15.6,15.9,15.3,15.6,15.9,15.3,16.1,15.5,14.9,14.7,14.9,14.7,13.5,14.5,14.5,15.4,14.9,15.2,14.4,12.6
2020-12-20,15.4,15.4,15.1,14.9,15.2,15.2,15.4,13.9,15.4,14.8,14.5,14.7,14.9,14,11.9,14.1,15,15.3,13.9,14.1,12.7,10.6
2020-12-21,15.5,15.4,15.2,15.5,15,15.2,15.5,15,15.7,15.3,14.2,14.3,14.5,13.9,12.1,13.8,14.4,15,14.2,13.7,11.8,11.3
2020-12-22,17.4,17.4,17.3,17.6,17.2,17.4,17.5,16.9,17.6,17,16.8,16.8,17,16.7,15.6,16.6,16.8,17.3,16.8,16.8,15.8,15.1
2020-12-23,15.7,15.7,15.5,15.8,15.3,15.5,15.8,14.9,15.9,15.5,15,14.9,15.1,14.8,13.9,14.7,14.8,15.4,15,14.9,14,13.6
2020-12-24,12.8,12.8,12.6,13.2,12.5,12.8,13,12.4,13.3,12.8,11.9,11.9,12.2,11.7,10.2,11.6,11.9,12.6,12,11.6,9.8,9.8
2020-12-25,12.2,12.2,11.8,11.2,10.9,11.2,12.1,9.7,11.9,11,10.3,10.1,10.3,10.1,8.7,9.8,9.9,10.9,10.4,11.1,10.6,6.9
2020-12-26,12.7,12.7,12.5,13.1,11.9,12.4,12.9,11.7,13.2,12.4,11.3,11.2,11.4,11.3,9.5,10.8,10.9,12,11.7,11.8,10.8,7.9
2020-12-27,8.7,8.7,8.2,8.4,8,8,8.5,8,8.8,8.8,7.3,7.2,7.4,7.3,6.6,7.1,7.2,7.8,7.5,7.2,6.2,6.4
2020-12-28,12.2,12.2,11.9,11.7,11.3,11.6,12.2,10.7,12.3,11.5,10.7,10.6,10.8,10.5,8.9,10.2,10.4,11.4,10.7,11.2,10.3,7.2
2020-12-29,12.4,12.4,12.1,12.2,11.7,12,12.5,11.5,12.7,12,11.1,11,11.2,10.9,9.2,10.6,10.8,11.8,11.2,11.6,10.7,7.3
2020-12-30,11.9,11.8,11.5,11.3,11.1,11.4,11.8,10.2,11.9,11,10.5,10.4,10.7,10.2,8.4,10,10.3,11.2,10.4,10.9,10.1,6.5
2020-12-31,12.5,12.4,12.1,12.1,11.6,11.9,12.5,11.6,12.6,12,11,10.9,11.1,10.8,9.1,10.5,10.7,11.7,11.1,11.5,10.7,7.3
2021-01-01,8.5,8.5,8.3,8.2,8.2,8.4,8.6,7.4,8.7,8.1,7.8,7.8,7.9,7.5,6.3,7.5,7.7,8.3,7.6,7.9,6.9,5.3
2021-01-02,9.1,9.1,8.8,8.4,8.7,8.8,9,7.7,9,8.4,8,8.2,8.4,7.5,5.4,7.6,8.5,8.8,7.4,7.8,6.8,3.6
2021-01-03,9.7,9.7,9.4,9.6,9,9.4,9.8,9.1,9.9,9.3,8.4,8.3,8.6,8.3,6.5,7.9,8.2,9.1,8.6,8.9,7.9,4.9
2021-01-04,9.6,9.5,9.2,9.1,8.7,9.1,9.6,9,9.7,9.2,8.2,8,8.3,7.9,6.3,7.6,7.8,8.8,8.2,8.7,7.9,4.4
2021-01-05,8.4,8.4,8.1,8.5,7.9,8.3,8.6,8.4,8.9,8.3,7.5,7.3,7.6,7.3,5.8,7,7.1,8.1,7.6,8.3,7.7,4
2021-01-06,9.4,9.4,9.1,9,8.8,9,9.4,8.7,9.5,9,8.2,8.2,8.4,7.9,6.3,7.8,8.2,8.8,8.1,8.3,7.3,5.1
2021-01-07,6.8,6.7,6.5,6.4,6.4,6.5,6.8,5.6,6.8,6.2,5.9,5.9,6.1,5.5,4.2,5.6,6,6.5,5.6,5.8,4.7,3.3
2021-01-08,6.1,6.1,5.9,5.9,5.9,6,6.2,5.6,6.4,6.1,5.4,5.4,5.6,5.1,3.8,5.1,5.4,6,5.2,5.2,3.9,3.2
2021-01-09,6.4,6.3,6.2,6.3,6.4,6.4,6.4,5.2,6.5,6.1,5.9,6,6.2,5.5,4.2,5.7,6.2,6.4,5.4,5.5,4.4,3.5
2021-01-10,6.3,6.3,6.2,6.6,6.7,6.8,6.5,5.9,6.8,6.4,6.6,6.6,6.7,6.4,5.8,6.4,6.6,6.8,6.3,6.8,6.5,5
2021-01-11,7.3,7.3,7.1,6.9,7.7,7.5,7.3,6.7,7.4,7.1,6.9,7.3,7.5,6.1,3.6,6.5,7.9,7.8,5.8,5.6,3.6,2.7
2021-01-12,8.5,8.4,8,7.5,8.3,8,8.2,6.8,8.2,8,7.4,7.7,7.8,7,5.6,7.3,8.1,8.1,6.8,6.7,5.3,5
2021-01-13,10.8,10.8,10.6,10.3,10.8,10.7,10.8,10.2,10.9,10.7,10.1,10.3,10.5,9.7,7.8,9.8,10.6,10.8,9.6,9.5,7.9,6.9
2021-01-14,9.5,9.5,9.1,8.7,9.5,9.2,9.3,9,9.4,9.6,8.7,9,9.1,8.3,7,8.6,9.3,9.3,8.1,7.8,6.3,6.5
2021-01-15,13.1,13,12.7,11.7,12.3,12.3,12.9,10.5,12.5,11.8,11.6,11.7,11.9,11.1,9.3,11.2,11.9,12.3,11,11.3,9.9,8.2
2021-01-16,12.3,12.3,12.1,12.2,11.8,12.1,12.4,12,12.7,12.2,11.4,11.3,11.5,11.3,9.9,11,11.1,11.9,11.6,11.8,10.8,8.6
2021-01-17,16.4,16.4,16.1,15.8,15.9,16,16.4,15.3,16.4,15.8,15.3,15.3,15.5,15,13.5,14.9,15.3,15.9,15.1,15.6,14.8,11.9
2021-01-18,12.7,12.6,12.4,12.6,12.2,12.4,12.7,11.5,12.8,12.1,11.5,11.6,11.8,11.2,9.5,11.1,11.6,12.2,11.4,11.2,9.7,8.4
2021-01-19,15,15,14.8,15,14.4,14.7,15.1,14.2,15.1,14.5,13.9,13.8,14,13.7,12.4,13.5,13.7,14.4,13.9,14.1,13.1,11.3
2021-01-20,12.9,12.8,12.5,12,12,12.2,12.8,11.3,12.7,12.2,11.3,11.3,11.5,11,9.6,10.9,11.2,12,11.1,11.3,10,8.6
2021-01-21,15.8,15.8,15.5,15.4,14.9,15.3,15.8,14.7,15.9,15.3,14.3,14.2,14.4,14.1,12.4,13.8,14,15,14.3,14.6,13.5,10.9
2021-01-22,14.5,14.5,14.2,14.4,13.6,14,14.6,13.3,14.7,14,12.9,12.8,13,12.8,11.3,12.5,12.6,13.6,13.1,13.2,12,10.3
2021-01-23,14.1,14,13.7,13.7,13.2,13.5,14.1,13.3,14.3,13.7,12.6,12.4,12.7,12.4,10.8,12.1,12.2,13.2,12.7,13.1,12.3,8.9
2021-01-24,15.5,15.4,15.1,15,14.7,15,15.5,14.7,15.6,15,14.3,14.1,14.3,14,12.5,13.8,13.9,14.8,14.2,14.8,14.3,10.8
2021-01-25,14.8,14.8,14.6,14.9,14.2,14.5,14.9,13.6,15.1,14.3,13.6,13.5,13.8,13.4,11.7,13.1,13.4,14.3,13.7,13.7,12.5,10.2
2021-01-26,13.8,13.8,13.6,13.9,13.2,13.5,13.8,13,13.9,13.2,12.8,12.8,12.9,12.7,11.7,12.5,12.6,13.3,13,13.2,12.7,10.4
2021-01-27,19.3,19.3,19,18.7,18.7,18.8,19.2,17.5,18.9,17.9,18.4,18.4,18.6,18,16.8,18,18.5,18.8,18,18.5,17.9,15.4
2021-01-28,20.6,20.6,20.4,20.5,19.7,20,20.6,19.1,20.5,19.7,19.2,19.1,19.3,19.1,17.8,18.8,19.1,19.7,19.4,19.5,19,16.1
2021-01-29,21.6,21.6,21.3,21.3,20.7,21,21.6,20.5,21.7,21,20.1,20.1,20.3,20,18.6,19.7,19.9,20.8,20.3,20.5,19.7,16.9
2021-01-30,18.3,18.3,18,18,17.5,17.8,18.3,17.5,18.4,17.9,17,16.9,17.1,16.8,15.5,16.6,16.7,17.6,17,17.4,16.7,13.8
2021-01-31,17.3,17.3,17,16.9,16.6,16.9,17.3,15.9,17.3,16.6,16.1,16,16.2,15.8,14.4,15.7,15.9,16.7,16,16.3,15.4,12.9
2021-02-01,19.8,19.8,19.4,19,18.8,19,19.7,18.5,19.7,19.1,18.1,18,18.2,17.9,16.5,17.7,17.8,18.8,18.1,18.6,17.8,14.8
2021-02-02,20.2,20.2,20,20.2,19.7,20,20.3,19.7,20.4,19.8,19.4,19.3,19.5,19.2,18.1,19,19.2,19.8,19.5,19.9,19.6,16.5
2021-02-03,21.3,21.3,21,20.9,20.5,20.7,21.3,20.2,21.2,20.6,20,19.9,20,19.9,18.6,19.6,19.7,20.5,20.1,20.5,20,17.1
2021-02-04,18.5,18.5,18.6,18.2,17.9,18.3,18.6,17.1,18.4,17.3,17.8,17.6,17.8,17.6,16.7,17.4,17.4,18.1,17.8,18.3,17.9,15.8
2021-02-05,18.2,18.2,18.3,17.8,17.4,17.9,18.3,15.5,18,16.6,17.4,17.2,17.3,17.3,16.5,17,16.8,17.7,17.5,18.2,17.9,15
2021-02-06,18.3,18.2,18,18.2,17.8,18.1,18.3,17.1,18.3,17.4,17.5,17.4,17.6,17.3,16.1,17.1,17.3,18,17.5,18,17.5,14.5
2021-02-07,12.9,12.9,12.6,12.7,12.3,12.5,12.9,11.9,13,12.5,11.7,11.8,12,11.5,9.8,11.3,11.8,12.4,11.8,12,11.1,8.2
2021-02-08,12.6,12.5,12.3,12,12,12.1,12.5,11,12.6,12,11.5,11.5,11.6,11.2,9.9,11.1,11.4,12,11.3,11.6,10.9,8.5
2021-02-09,14.5,14.5,14,14.1,13.5,13.7,14.3,12.8,14.4,13.8,12.7,12.7,12.9,12.7,11.5,12.4,12.5,13.4,12.9,13.1,12.5,10.1
2021-02-10,15.3,15.3,15,14.8,14.4,14.7,15.3,14.3,15.3,14.8,13.9,13.8,14,13.7,12.3,13.4,13.5,14.5,13.9,14.4,13.8,10.7
2021-02-11,17.5,17.4,17.3,17.4,17,17.2,17.5,16.7,17.5,16.8,16.8,16.7,16.8,16.6,15.5,16.4,16.7,17.1,16.7,17.1,16.9,14.1
2021-02-12,17.3,17.3,17.1,17.2,16.9,17,17.3,16.1,17.2,16.4,16.5,16.5,16.7,16.2,15,16.2,16.6,17,16.3,16.6,15.8,14.1
2021-02-13,17.1,17,16.8,17,16.6,16.9,17.1,16.1,17.1,16.3,16.4,16.3,16.5,16.2,15.2,16,16.2,16.8,16.3,17,16.7,13.6
2021-02-14,11.3,11.3,11.1,10.8,10.5,10.7,11.2,10,11.1,10.7,10,10,10.1,9.9,8.9,9.8,10,10.5,10,10,9.4,8.1
2021-02-15,9.9,9.9,9.7,9.6,9.3,9.4,9.8,9.1,9.9,9.9,8.8,8.8,8.9,8.9,8.3,8.7,8.7,9.2,9,8.8,8.4,7.9
2021-02-16,15.2,15.2,15.3,15.8,15,15.5,15.4,14.4,15.6,14.8,15.2,14.9,15,15.2,14.7,14.9,14.5,15.3,15.5,16.1,16,13.8
2021-02-17,18.7,18.7,18.7,18.3,17.9,18.4,18.8,16.9,18.6,17.5,17.8,17.6,17.8,17.6,16.5,17.4,17.3,18.2,17.8,18.4,17.7,15.1
2021-02-18,17.3,17.3,17.4,16.4,16.1,16.7,17.4,15.7,17,15.9,15.9,15.7,15.9,15.7,14.5,15.5,15.3,16.3,16,16.4,15.2,13.4
2021-02-19,16.5,16.5,16.7,16.6,16.3,16.8,16.8,15.7,16.7,15.6,16.5,16.4,16.5,16.2,15.4,16.1,16.1,16.7,16.4,16.9,16.1,14.3
2021-02-20,15.7,15.7,15.9,15.6,15.2,15.8,16,15.4,16,15.1,15.2,15,15.1,15,14,14.8,14.5,15.5,15.4,15.7,14.7,12.8
2021-02-21,16.2,16.2,16.1,15.3,14.9,15.3,16.1,13.2,15.7,14.5,14.5,14.3,14.5,14.4,13.4,14.1,13.9,14.9,14.6,15.1,14.7,12.1
2021-02-22,13.9,13.9,13.6,13.5,13.4,13.6,13.9,12.7,14,13.4,13.1,13,13.1,12.9,12.2,12.8,12.8,13.5,13,13.5,13.2,10.9
2021-02-23,19.6,19.5,19.2,18.5,18.3,18.5,19.4,17.1,19.1,18.2,17.6,17.5,17.7,17.4,16,17.2,17.3,18.2,17.6,18.1,17.3,14.5
2021-02-24,18.1,18,17.8,17.8,17.6,17.9,18.1,17.6,18.1,17.6,17.4,17.3,17.4,17.2,16.4,17.1,17.1,17.8,17.3,17.9,17.4,15.1
2021-02-25,16.9,16.9,16.9,17.2,16.5,17,17.1,16.4,17.2,16.5,16.5,16.3,16.4,16.4,15.5,16.1,15.9,16.7,16.6,16.9,16.3,14.6
2021-02-26,16,16,16,16,15.5,15.9,16.1,15.7,16.2,15.7,15.2,15.1,15.3,15,13.8,14.9,14.9,15.7,15.2,15.1,13.8,13.3
2021-02-27,17.2,17.2,17,17.4,16.5,16.8,17.3,16.3,17.4,16.6,15.8,15.7,16,15.6,13.8,15.3,15.6,16.5,16,15.9,14.7,12.3
2021-02-28,17.3,17.2,16.9,16.3,15.8,16.2,17.1,14.7,16.8,15.7,15.2,15,15.2,15,13.7,14.7,14.7,15.8,15.3,15.8,14.9,12.2
2021-03-01,16.4,16.3,16,15.4,14.7,15.1,16.2,13.8,15.8,14.9,14.2,14,14.1,14.2,13.3,13.8,13.6,14.7,14.6,14.9,14.5,11.9
2021-03-02,15.7,15.6,15.3,14.8,14.5,14.8,15.5,13.8,15.3,14.6,14,13.9,14.1,13.9,12.8,13.7,13.7,14.5,14,14.3,13.7,11.6
2021-03-03,17.5,17.4,17.2,16.6,16.3,16.5,17.3,15.5,17,16.2,15.8,15.7,15.8,15.7,14.7,15.5,15.5,16.3,15.9,16.2,15.6,13.5
2021-03-04,15.5,15.5,15.3,15.3,15,15.2,15.5,14.6,15.6,15.1,14.7,14.7,14.8,14.6,13.8,14.5,14.6,15.1,14.7,15,14.6,12.6
2021-03-05,16.8,16.8,16.7,16.1,15.8,16.2,16.8,14.9,16.5,15.5,15.5,15.3,15.5,15.2,14,15,15,15.9,15.4,15.9,15,12.6
2021-03-06,15.9,15.9,15.6,15.4,14.8,15.2,15.8,14.1,15.7,14.7,14.4,14.2,14.4,14.2,13.1,13.9,13.9,14.9,14.5,15,14.5,11.5
2021-03-07,15.9,15.9,15.6,14.8,14.4,14.7,15.7,13.3,15.4,14.4,13.9,13.7,13.9,13.8,12.8,13.5,13.3,14.4,14,14.5,13.9,11.4
2021-03-08,13.5,13.5,13.5,13.7,13.1,13.7,13.8,11.9,13.9,12.7,13.4,13,13.2,13.3,12.5,12.9,12.5,13.5,13.6,14.4,14,11
2021-03-09,16.8,16.8,16.5,16.7,16.3,16.6,16.9,15.5,17,16,15.8,15.7,16,15.5,13.8,15.3,15.7,16.4,15.7,16.2,15.4,11.9
2021-03-10,17.5,17.5,17.3,17.6,16.9,17.2,17.5,16.2,17.5,16.6,16.6,16.6,16.7,16.5,15.4,16.3,16.5,17,16.8,17.2,17.1,13.9
2021-03-11,20.9,20.8,20.9,21.3,20.5,21,21,19.3,20.9,19.6,20.6,20.4,20.6,20.4,19.2,20.2,20.3,20.9,20.6,21.3,21.3,17.6
2021-03-12,13.8,13.8,13.6,13.9,13.1,13.6,14,14.6,14.3,14.1,12.8,12.6,12.7,12.9,12.2,12.5,12.1,13.2,13.3,13.5,12.8,10.9
2021-03-13,18.9,18.9,18.6,18.8,18.1,18.4,18.9,17.6,18.8,17.9,17.7,17.6,17.8,17.5,16.2,17.3,17.5,18.2,17.8,18.2,17.7,14.7
2021-03-14,17.4,17.3,17.4,17.7,16.6,17.4,17.7,16.1,17.8,16.4,16.6,16.3,16.5,16.5,15.2,16,15.7,17,17,17.8,17,13.4
2021-03-15,18.9,18.9,18.6,18.6,18.1,18.4,18.8,17.7,18.8,17.9,17.8,17.7,17.8,17.5,16.4,17.3,17.6,18.2,17.8,18.3,18,14.8
2021-03-16,18.8,18.7,18.8,19,18.1,18.8,19,17.5,19,17.5,18.3,17.9,18.1,18.1,17.2,17.7,17.4,18.5,18.5,19.4,19.1,15.3
2021-03-17,19.1,19,18.8,19.7,18.9,19.3,19.3,18,19.7,18.6,18.7,18.5,18.7,18.5,17.2,18.2,18.3,19.2,18.9,19.5,18.9,15.5
2021-03-18,16.5,16.4,16.4,16.2,15.2,16,16.7,15.7,16.7,15.6,15.1,14.7,14.9,15.1,13.7,14.5,14,15.5,15.6,16.5,15.8,11.6
2021-03-19,12,12,11.9,11.9,11.4,12,12.2,10.5,12.3,11.1,11.2,11.1,11.3,11,9.5,10.7,10.7,11.7,11.2,11.9,11,7.5
2021-03-20,15.9,15.9,15.5,15.1,14.4,14.9,15.7,13.6,15.5,14.3,14,13.7,13.9,14,13.1,13.5,13.2,14.4,14.4,15.3,15.3,11
2021-03-21,17.3,17.2,17.3,17.7,16.9,17.6,17.6,16.1,17.7,16.2,17.1,16.8,17,16.8,15.5,16.5,16.4,17.4,17.2,18.1,17.5,13.3
2021-03-22,19,18.9,18.7,19.3,18.4,18.9,19.1,18.3,19.3,18.3,18.2,18,18.2,18.1,16.9,17.7,17.7,18.7,18.4,19.1,18.6,15
2021-03-23,18.1,18.1,18.3,18.4,17.4,18.2,18.4,17.6,18.4,17.3,17.7,17.3,17.4,17.8,17,17.2,16.6,17.8,18.2,19.1,19.1,15.3
2021-03-24,20.4,20.4,20.5,20.6,19.9,20.5,20.6,19.2,20.5,19.3,20.1,19.8,20,19.9,19.1,19.7,19.5,20.3,20.2,20.9,20.6,17.7
2021-03-25,19.9,19.9,20.1,19.5,19,19.7,20.1,18.6,19.8,18.6,19.2,18.9,19,19.1,18.4,18.8,18.3,19.4,19.4,20.2,19.9,16.9
2021-03-26,19.7,19.7,19.8,19.7,19,19.6,19.9,18,19.8,18.4,19,18.8,19,18.8,17.6,18.5,18.5,19.4,19.1,19.5,18.5,16.4
2021-03-27,18.8,18.8,18.5,18.6,18,18.3,18.8,17.5,18.8,17.8,17.5,17.4,17.6,17.3,16.1,17.1,17.3,18.1,17.6,17.8,16.7,14.8
2021-03-28,20.6,20.6,20.8,20.7,19.7,20.5,20.8,18.7,20.6,19.1,19.9,19.6,19.7,19.9,19.2,19.5,19,20.1,20.4,20.9,20.5,17.6
2021-03-29,21.2,21.1,21.4,21.6,20.6,21.4,21.5,19.1,21.5,19.8,21,20.6,20.7,20.9,20,20.5,20,21.1,21.3,22,21.6,18.5
2021-03-30,22.3,22.2,22.6,22.2,21.1,22,22.5,19.8,22.1,20.2,21.4,21,21.1,21.4,20.5,20.9,20.3,21.5,21.9,22.6,22.3,18.9
2021-03-31,20.6,20.6,20.8,20.8,20.1,20.7,20.9,19.6,20.8,19.6,20.3,20.1,20.2,20.2,19.4,19.9,19.7,20.5,20.5,21,20.3,18.1
2021-04-01,23,22.9,23.1,22.4,21.8,22.4,23.1,21,22.6,21.3,21.8,21.5,21.6,21.8,21.1,21.4,20.9,22,22.1,22.7,22.3,19.6
2021-04-02,21.2,21.2,21.5,21.6,21.3,21.8,21.6,19.7,21.6,20.2,21.7,21.4,21.5,21.4,20.5,21.3,21.1,21.8,21.5,22.3,21.9,19.2
2021-04-03,23.8,23.7,23.9,25,23.9,24.6,24.2,23.1,24.6,23.2,24.1,23.9,24.1,23.9,22.6,23.6,23.5,24.4,24.3,25,24.3,20.8
2021-04-04,19.5,19.4,19.2,19.2,19,19.3,19.5,19,19.5,18.9,18.8,18.7,18.8,18.6,18,18.5,18.4,19.1,18.8,19.3,18.8,16.5
2021-04-05,21.7,21.7,21.8,22.7,21.7,22.3,22,20.4,22.2,20.7,21.9,21.7,21.8,21.6,20.5,21.4,21.4,22.1,22,22.8,22.7,18.7
2021-04-06,16.7,16.6,16.8,17.5,16.9,17.5,17.1,15.9,17.4,16.2,17.4,17.1,17.2,17.2,16.4,16.9,16.7,17.4,17.4,18.2,17.9,14.8
2021-04-07,13.2,13.2,13.2,13.5,13.1,13.6,13.5,13,13.7,13,13.1,12.9,13.1,12.9,11.8,12.7,12.6,13.4,13.1,13.6,12.6,10.5
2021-04-08,16.8,16.8,16.9,17.4,16.6,17.1,17.1,15.6,17.2,16.1,16.5,16.4,16.5,16.3,15.1,16.1,16.1,16.9,16.6,16.8,15.7,14.1
2021-04-09,14.6,14.6,14.4,14.2,13.9,14.2,14.6,14.1,14.7,14.4,13.4,13.3,13.5,13.3,12.2,13.1,13.1,13.9,13.5,13.5,12.3,11.5
2021-04-10,13.2,13.2,13.1,13,12.7,13,13.3,12.1,13.3,12.7,12.4,12.3,12.4,12.2,11,12,12.1,12.8,12.3,12.5,11.5,10.2
2021-04-11,18,18,17.8,18,17.8,18,18,15,17.9,16.6,17.5,17.6,17.7,17,15.7,17.1,17.7,18,17,17.6,17.1,14.2
2021-04-12,16.7,16.7,16.8,17.7,16.5,17.3,17.2,15.6,17.5,16,16.7,16.4,16.6,16.6,15.3,16.1,15.9,17,17.1,17.9,17.5,13.1
2021-04-13,16.8,16.8,16.8,16.3,16.2,16.5,16.9,15.8,16.7,16,16,15.9,16.1,15.7,14.6,15.6,15.7,16.4,15.8,16.3,15.4,13.4
2021-04-14,17.1,17.1,17.2,17.5,16.6,17.2,17.4,16,17.4,16.2,16.7,16.4,16.6,16.5,15.5,16.2,16.1,17,16.9,17.3,16.8,13.9
2021-04-15,17.8,17.8,17.8,17.8,17,17.6,18,16.1,17.9,16.5,16.8,16.6,16.8,16.5,15.2,16.2,16.2,17.2,16.9,17.3,16.2,13.6
2021-04-16,16,16,15.6,15.2,14.4,14.9,15.9,14.9,15.8,15.1,13.8,13.5,13.8,13.7,12.2,13.2,13.1,14.4,14.1,14.7,14.4,10
2021-04-17,15.5,15.5,15.2,15.3,14.5,15,15.5,14.2,15.6,14.7,14.2,13.9,14.2,14.1,12.9,13.7,13.6,14.7,14.4,15.1,14.6,10.9
2021-04-18,17.6,17.5,17.3,17.4,17.1,17.5,17.6,17,17.7,17,17.1,16.9,17,16.9,16.3,16.7,16.5,17.4,17.1,18,17.7,14.6
2021-04-19,19.2,19.1,19.2,18.6,18.1,18.7,19.3,17.3,19,17.8,18,17.7,17.9,17.8,16.6,17.5,17.3,18.4,18.1,18.7,18.1,15
2021-04-20,18.5,18.4,18.1,17.6,17.1,17.3,18.3,16.4,18.1,17.1,16.2,16.2,16.4,16,14.4,15.8,16.1,17,16.2,16.4,15.4,12.9
2021-04-21,14.2,14.2,13.9,13.7,13.5,13.7,14.2,12.5,14.2,13.5,13.2,13,13.2,13,12.1,12.8,12.8,13.6,13.1,13.7,13.3,10.7
2021-04-22,17.7,17.7,17.4,17.3,16.6,17,17.7,16.3,17.6,16.9,16.2,16,16.2,16.2,15.2,15.8,15.6,16.7,16.5,16.9,16.3,13.7
2021-04-23,20.5,20.4,20.6,20.5,20,20.6,20.7,19.2,20.7,19.4,20.2,19.9,20.1,19.9,18.8,19.7,19.5,20.4,20.1,20.9,20.4,17.1
2021-04-24,21,21,21.1,21,20.5,21.1,21.3,19.9,21.2,20,20.6,20.3,20.5,20.4,19.4,20.1,19.9,20.8,20.7,21.3,20.7,17.8
2021-04-25,22.3,22.2,22.2,21.4,21.2,21.7,22.3,19.9,21.9,20.6,21,20.8,21,20.7,19.5,20.6,20.6,21.4,20.9,21.5,20.8,18.1
2021-04-26,19.6,19.5,19.2,18.6,18.5,18.7,19.4,18.2,19.2,18.6,17.7,17.8,18,17.4,15.6,17.4,17.8,18.5,17.5,17.7,16.7,14.6
2021-04-27,19.1,19,18.7,18.4,18.3,18.5,19,18.1,18.9,18.3,17.8,17.7,17.9,17.5,16.1,17.3,17.6,18.3,17.7,18.3,17.9,14.3
2021-04-28,19,19,18.7,18.8,18.5,18.7,19,17.9,19.2,18.4,18,18,18.2,17.7,16.5,17.6,17.9,18.6,17.9,18.2,17.2,15.2
2021-04-29,20.3,20.3,20.2,20.3,19.8,20.3,20.5,17.9,20.4,18.9,19.7,19.6,19.8,19.3,17.8,19.2,19.4,20.2,19.5,20,19.2,16.1
2021-04-30,21.3,21.3,21,20.7,20.4,20.6,21.2,19.5,21,20,19.8,19.8,20,19.5,18,19.4,19.8,20.5,19.6,20,19.3,16.3
2021-05-01,19.4,19.4,19.1,19.4,18.7,19,19.4,17.6,19.5,18.4,18.1,18.1,18.3,17.9,16.2,17.6,18.1,18.8,18.2,18.5,17.7,14.3
2021-05-02,16.9,16.9,16.8,16.3,15.9,16.4,17,14.9,16.8,15.7,15.8,15.5,15.7,15.5,14.4,15.3,15.1,16.1,15.7,16.5,15.9,12.7
2021-05-03,19.5,19.5,19.5,19.7,18.9,19.6,19.8,18.5,19.8,18.6,19,18.7,18.9,18.8,17.8,18.5,18.2,19.3,19.2,19.9,19.3,16
2021-05-04,21.9,21.9,22,22.4,22,22.5,22.2,20.3,22.3,20.8,22.2,22.1,22.3,21.8,20.5,21.7,22,22.5,22,22.8,22.3,18.7
2021-05-05,24.8,24.7,24.9,25.3,24.1,24.8,25,22.4,24.9,23,24.3,24,24.2,24.1,22.9,23.7,23.6,24.6,24.6,25.4,25.2,20.8
2021-05-06,24.9,24.9,25.1,25.9,24.9,25.5,25.2,22,25.2,23,25,24.9,25.1,24.6,23.2,24.5,24.8,25.4,24.9,25.4,24.8,21.6
2021-05-07,23,23,23.3,23.7,22.8,23.5,23.4,21.8,23.5,21.9,23.2,22.9,23,23.1,22.1,22.7,22.4,23.3,23.5,24.4,24,20.2
2021-05-08,25.3,25.3,25.5,26.3,25.3,26,25.7,23.4,25.8,24.1,25.5,25.3,25.5,25.2,24.1,25,25,25.8,25.5,26,25.2,22.7
2021-05-09,23.3,23.2,23.3,23.5,23.1,23.7,23.5,21.6,23.5,22.1,23.5,23.2,23.3,23.2,22.7,23.1,22.8,23.6,23.4,24.3,24.2,21.2
2021-05-10,22,22,22,22,21.6,22.1,22.2,20.7,22.3,21.1,21.5,21.3,21.5,21.1,19.7,20.9,21.1,21.9,21.4,21.9,20.9,17.9
2021-05-11,22,22,21.7,22.1,21.3,21.7,22.1,20.9,22.4,21.5,20.8,20.6,20.9,20.5,18.8,20.2,20.4,21.5,20.9,21.3,20.5,16.9
2021-05-12,23.8,23.8,23.5,23.8,23.1,23.5,23.8,22.3,23.9,22.8,22.6,22.5,22.7,22.3,20.8,22.1,22.4,23.3,22.6,23.1,22.3,18.9
2021-05-13,24,23.9,23.7,24.4,23.1,23.6,24,22.7,24.2,23,22.6,22.4,22.7,22.5,21,22.1,22.2,23.2,23,23.2,22.4,19.2
2021-05-14,21.6,21.6,21.7,23,21.2,22.1,22.1,20.9,22.6,21.1,21.2,20.9,21.2,21.1,19.3,20.5,20.5,21.7,21.8,22.1,21.1,17.4
2021-05-15,26.6,26.5,26.6,27.1,26.3,26.8,26.8,24.9,26.7,25.3,26.2,26.2,26.3,25.9,24.5,25.8,26.1,26.7,26.1,26.7,26.2,22.5
2021-05-16,29.3,29.3,29.4,29.4,28.1,28.8,29.5,27.3,29.3,27.6,27.7,27.6,27.8,27.4,25.6,27.1,27.4,28.4,27.9,28.2,27.4,23.6
2021-05-17,21.4,21.4,21.7,23.2,22.3,22.9,22,20.6,22.5,20.8,23,22.9,23,22.6,21.7,22.5,22.8,23.1,22.9,23.8,23.9,19.5
2021-05-18,21.7,21.7,21.9,22.6,21.9,22.5,22.1,20.5,22.3,21,22,21.9,22.1,21.6,20.2,21.6,21.8,22.4,21.8,22.2,21.1,19
2021-05-19,21.1,21.1,21.3,22,21.4,21.9,21.5,19.5,21.6,20.1,21.6,21.5,21.6,21.2,20.2,21.2,21.3,21.9,21.4,22.2,21.7,18.6
2021-05-20,22.6,22.6,22.9,23.7,22.7,23.2,23,21.7,23.3,21.9,22.8,22.7,22.8,22.5,21.2,22.3,22.5,23.1,22.8,23.1,22.2,19.8
2021-05-21,23.3,23.3,23.5,24.2,23.6,24.1,23.7,21.7,23.8,22.3,23.7,23.7,23.8,23.2,21.6,23.2,23.5,24.1,23.4,23.8,22.6,20.4
2021-05-22,21.7,21.7,21.8,21.8,22,22.3,21.9,20.7,21.9,20.8,22.1,22.1,22.3,21.6,20.3,21.7,22.2,22.4,21.5,22.2,21.6,18.6
2021-05-23,20,20,19.8,19.9,19.8,20,20,18,20,18.8,19.7,19.7,19.8,19.3,18.3,19.3,19.7,20.1,19.4,20.1,19.7,16.4
2021-05-24,26.7,26.7,26.7,26.9,26,26.5,26.8,24,26.6,24.7,25.7,25.6,25.9,25.3,23.6,25.2,25.5,26.3,25.6,26.3,25.5,21.6
2021-05-25,20.2,20.2,20.2,20.4,20,20.5,20.5,19.4,20.6,19.5,19.9,19.8,20,19.6,18.2,19.5,19.7,20.4,19.7,20.2,19.2,16.9
2021-05-26,22.7,22.7,22.9,23.4,23.1,23.5,23.1,21.5,23.2,21.8,23.3,23.3,23.4,22.8,21.5,22.8,23.2,23.6,23,23.6,22.9,19.7
2021-05-27,26.4,26.4,26.6,26.8,26.2,26.9,26.7,24.8,26.6,25,26.6,26.4,26.5,26.3,25.3,26.1,26,26.8,26.6,27.5,27.1,23.6
2021-05-28,26.3,26.3,26.5,26.6,26.2,26.8,26.7,25.7,26.7,25.4,26.5,26.4,26.5,26.2,25,26,26.1,26.8,26.4,27.2,26.5,23.2
2021-05-29,29.9,29.8,29.9,30.2,29.8,30.4,30.2,28.5,30.2,28.7,29.9,29.8,30,29.5,28,29.4,29.6,30.3,29.7,30.5,29.7,25.9
2021-05-30,28.5,28.4,28.5,28.4,27.8,28.4,28.7,27.2,28.6,27.2,27.6,27.5,27.7,27.3,25.8,27.1,27.2,28.1,27.6,28.2,27.3,23.8
2021-05-31,26.6,26.5,26.7,26.7,26.2,26.7,26.8,26,26.9,25.8,26.1,26,26.2,25.8,24.4,25.6,25.7,26.5,26.1,26.5,25.7,22.8
2021-06-01,27.5,27.4,27.6,27.9,27.1,27.6,27.7,25.7,27.5,25.9,27.1,27,27.1,26.9,25.6,26.7,26.7,27.5,27.2,27.8,27.2,24
2021-06-02,26.4,26.4,26.5,26.4,25.8,26.4,26.6,25,26.5,25.1,25.8,25.6,25.7,25.5,24.3,25.3,25.2,26.1,25.8,26.5,25.8,22.6
2021-06-03,25.5,25.5,25.7,26.2,25.7,26.3,25.9,24.3,26,24.6,26.1,25.9,26,25.8,24.8,25.7,25.6,26.3,26,26.8,26.2,23.2
2021-06-04,26.8,26.8,26.8,26.7,26.4,26.8,26.9,24.7,26.7,25.3,26.3,26.2,26.3,25.9,24.6,25.8,26,26.7,26.1,26.8,26.2,22.8
2021-06-05,26.7,26.7,26.7,26.7,26.1,26.5,26.8,24.7,26.7,25.3,25.9,25.8,25.9,25.7,24.5,25.5,25.5,26.3,25.9,26.5,25.7,22.8
2021-06-06,27.3,27.3,27.1,27.9,27.3,27.6,27.4,25.6,27.7,26.4,27,27,27.2,26.6,24.9,26.5,27.1,27.6,26.8,27.1,26.1,23.6
2021-06-07,26.9,26.9,27,27.3,26.8,27.4,27.3,26.3,27.4,26.2,27.1,26.9,27,26.7,25.4,26.5,26.6,27.4,27,27.9,27.2,23.4
2021-06-08,28.6,28.6,28.8,29.1,28.9,29.3,29,28.1,29.1,27.9,29.1,29,29.1,28.7,27.6,28.7,28.8,29.3,28.9,29.7,29.3,25.8
2021-06-09,30.1,30.1,30.2,30.1,30.2,30.5,30.4,29.5,30.4,29.3,30.2,30.2,30.4,29.7,28.2,29.7,30.2,30.6,29.7,30.4,29.5,26.3
2021-06-10,30.2,30.2,30.3,31.6,30.7,31.2,30.7,29.7,31.2,29.9,30.7,30.6,30.8,30.3,28.7,30.2,30.5,31.2,30.6,31,29.9,27.2
2021-06-11,31.5,31.5,31.2,31.2,31,31.3,31.5,30.5,31.5,30.6,30.5,30.5,30.7,30.2,28.7,30.1,30.4,31.2,30.3,30.7,29.5,27.1
2021-06-12,32.4,32.4,32.4,33,32.6,33.1,32.8,32.1,33,31.9,32.7,32.6,32.7,32.3,30.9,32.2,32.4,33.1,32.5,33.3,32.6,28.8
2021-06-13,32.5,32.5,32.8,33.8,32.8,33.6,33.1,32,33.4,31.9,33.4,33.1,33.2,33.2,32.2,32.8,32.5,33.5,33.6,34.6,34.2,30.3
2021-06-14,34.9,34.9,35.1,35.7,34.4,35.3,35.3,33.4,35.3,33.5,34.6,34.3,34.5,34.4,33,34,33.8,35,34.9,35.7,35.1,30.9
2021-06-15,33.5,33.4,33.5,34.1,34,34.4,33.9,33.1,34.1,32.9,34.1,34.1,34.3,33.5,31.9,33.6,34.1,34.5,33.6,34.2,33.1,30.2
2021-06-16,33.2,33.2,33.4,33.6,33.1,33.7,33.6,31.8,33.4,31.7,33.3,33.1,33.3,32.8,31.4,32.7,32.9,33.6,33.1,33.9,33.2,29.4
2021-06-17,28.2,28.2,27.9,27.4,27.6,27.7,28,25,27.7,26.4,27.1,27.2,27.4,26.6,25.2,26.7,27.4,27.7,26.5,27.1,26.5,23.7
2021-06-18,32.1,32,32.1,31.8,31.5,32,32.2,29.6,31.9,30.2,31.6,31.4,31.6,31.2,30.1,31.1,31.1,31.9,31.4,32.4,32.1,28.1
2021-06-19,29.9,29.9,30,30.4,30,30.6,30.2,27.8,30.2,28.5,30.4,30.2,30.3,30,29,29.9,29.9,30.6,30.2,31.2,30.8,27.2
2021-06-20,29.7,29.7,29.4,29.8,29.1,29.5,29.8,28.6,30,28.9,28.7,28.6,28.8,28.4,26.8,28.2,28.4,29.3,28.7,29.2,28.2,24.9
2021-06-21,31.5,31.5,31.2,31.6,30.9,31.3,31.6,29.5,31.7,30.2,30.3,30.3,30.5,29.9,28.1,29.8,30.2,31.1,30.2,30.6,29.2,26.4
2021-06-22,27.8,27.7,27.5,27.9,27.4,27.8,27.8,27,28,27,27.3,27.1,27.2,27.1,25.9,26.8,26.8,27.6,27.3,28.2,27.8,24.1
2021-06-23,26.2,26.2,25.9,25.9,25.7,25.9,26.3,25.6,26.4,25.8,25.1,25,25.3,24.7,22.9,24.6,24.9,25.8,24.9,25.5,24.6,20.9
2021-06-24,27.7,27.7,27.7,27.8,27.1,27.7,28,26.6,27.9,26.7,27.1,26.8,27,26.8,25.5,26.5,26.4,27.5,27.2,27.9,27.1,23.5
2021-06-25,27.8,27.8,28,28.6,28.1,28.6,28.2,26.3,28.4,26.8,28.3,28.2,28.3,27.8,26.4,27.8,28.1,28.6,28,28.6,27.8,24.9
2021-06-26,30.1,30.1,30.3,31,30.4,30.9,30.5,28.6,30.6,28.9,30.4,30.5,30.6,29.8,28.1,29.9,30.5,30.9,30,30.4,29.1,26.8
2021-06-27,30,29.9,30.1,30.2,30.3,30.7,30.3,29.2,30.4,29.1,30.5,30.5,30.6,29.9,28.4,30,30.4,30.8,30,30.9,30.2,26.7
2021-06-28,29.6,29.6,29.7,29.9,29.6,30.1,29.9,28.3,29.9,28.4,30,29.8,29.9,29.6,28.7,29.5,29.5,30.1,29.8,31,30.9,26.6
2021-06-29,27.5,27.5,27.7,27.8,27.9,28.3,27.9,25.1,27.9,26.2,28.2,28.1,28.2,27.6,26.3,27.7,28.1,28.4,27.6,28.6,27.9,24.4
2021-06-30,27.2,27.1,27.3,28.2,27.2,27.8,27.6,26.3,27.9,26.5,27.2,27.1,27.3,26.8,25.2,26.7,26.9,27.7,27.2,27.5,26.3,23.7
2021-07-01,30.1,30,30.4,31.4,30.3,31,30.6,28.7,30.8,29,30.5,30.5,30.6,30.1,28.7,30,30.3,30.9,30.5,30.9,29.9,27.2
2021-07-02,31.4,31.3,31.7,33.1,31.9,32.6,32,30.4,32.4,30.6,32.2,32.1,32.3,31.8,30.3,31.7,31.9,32.5,32.2,32.6,31.6,28.7
2021-07-03,31.9,31.8,32.1,32.7,32.2,32.8,32.3,30,32.3,30.5,32.6,32.5,32.7,32,30.8,32.1,32.5,32.9,32.2,32.8,32,29.2
2021-07-04,32,32,32.2,32.3,31.5,32.2,32.3,30.1,32.2,30.5,31.7,31.5,31.7,31.3,29.8,31.1,31.2,32.1,31.6,32.4,31.6,27.9
2021-07-05,31.3,31.3,31.6,31.4,31.6,32.1,31.7,30.2,31.6,30.2,32,32,32.1,31.4,30.3,31.6,31.9,32.2,31.4,32.4,31.8,28.6
2021-07-06,31.8,31.7,31.9,31.7,31.3,31.9,32.1,30.7,31.9,30.6,31.5,31.2,31.4,31.1,30,30.9,30.9,31.8,31.4,32.2,31.4,28.2
2021-07-07,28.9,28.8,28.9,29.1,28.8,29.3,29.2,28.2,29.3,28.1,29,28.9,29,28.6,27.4,28.5,28.6,29.3,28.7,29.6,29,25.5
2021-07-08,29.9,29.9,29.7,30.5,29.9,30.2,30,28.9,30.2,29,29.8,29.8,29.9,29.5,28.3,29.4,29.7,30.2,29.7,30.5,30.3,26.4
2021-07-09,29.4,29.4,29.7,30.8,29.9,30.6,30,27.9,30.3,28.5,30.2,30.1,30.3,29.7,28.2,29.7,30,30.5,29.9,30.4,29.2,26.9
2021-07-10,32.5,32.5,32.8,33.3,32.4,33.1,32.9,30.1,32.9,30.8,32.4,32.3,32.5,31.9,30.1,31.9,32.1,32.9,32.2,32.6,31.1,28.8
2021-07-11,30.1,30.1,30.5,30.7,30.3,30.9,30.5,29.1,30.6,29.3,30.8,30.7,30.7,30.5,29.6,30.4,30.4,30.9,30.8,31.5,31,28.2
2021-07-12,30.6,30.6,30.7,31,30.4,30.9,30.8,28.1,30.8,29.2,30.6,30.4,30.5,30.4,29.7,30.2,30.1,30.7,30.6,31.4,31.2,28
2021-07-13,29.5,29.4,29.2,29.9,28.4,29.1,29.5,27.6,29.6,28.1,28.3,27.9,28.2,28.3,27.2,27.7,27.5,28.7,28.8,29.6,29.5,25.1
2021-07-14,28.6,28.6,28.7,29,28.3,28.9,29,27.5,29,27.5,28.5,28.2,28.4,28.2,27,27.9,27.7,28.7,28.6,29.6,29.1,24.7
2021-07-15,28.4,28.4,28.5,29.4,28.4,29.1,28.8,27.7,29.1,27.8,28.8,28.5,28.6,28.7,27.9,28.3,28,29,29.1,30,29.8,25.8
2021-07-16,29.2,29.1,29.3,29.9,29.2,29.8,29.6,28.5,29.8,28.5,29.5,29.3,29.4,29.3,28.3,29,28.8,29.7,29.6,30.4,29.8,26.5
2021-07-17,31.2,31.2,31.5,31.7,30.8,31.6,31.6,29.8,31.6,29.9,31.3,30.9,31,31.1,30.2,30.7,30.4,31.3,31.5,32.5,32.4,28.1
2021-07-18,32,32,32.2,32,31.1,32,32.3,31,32.2,30.9,31.3,30.9,31.1,31.2,30.3,30.8,30.3,31.5,31.7,32.5,31.9,28.4
2021-07-19,34.3,34.3,34.4,34.8,34.1,34.7,34.6,32.4,34.6,33,34.1,34,34.2,33.7,32.1,33.6,33.8,34.6,33.9,34.4,33.3,30.6
2021-07-20,34.2,34.2,34.5,34.9,34.1,34.8,34.6,32.1,34.6,32.7,34.3,34.1,34.3,33.8,32.2,33.7,33.9,34.7,34.1,34.7,33.7,30.7
2021-07-21,34.4,34.4,34.7,34.3,33.9,34.5,34.7,32.8,34.4,32.9,34.1,33.8,34,33.8,32.6,33.6,33.4,34.3,34.1,35,34.4,30.8
2021-07-22,35.9,35.9,36.3,37,36.2,36.9,36.4,33.9,36.5,34.4,36.5,36.4,36.6,36,34.3,36,36.3,36.9,36.3,36.8,35.6,32.8
2021-07-23,36.3,36.3,36.4,36.8,35.9,36.6,36.6,34,36.5,34.5,35.9,35.8,36,35.4,33.7,35.3,35.6,36.4,35.7,36.2,34.9,32.3
2021-07-24,32.6,32.5,32.8,32.9,31.9,32.8,32.9,30.8,32.7,30.9,32.6,32,32.1,32.7,32.5,32.1,31.1,32.4,33.1,34.6,35.2,30.3
2021-07-25,30.8,30.7,30.9,31.2,30.3,31.1,31.1,29.9,31.3,29.9,30.5,30.2,30.3,30.3,28.9,29.9,29.7,30.8,30.7,31.3,30.3,27.4
2021-07-26,29.4,29.4,29.1,29.7,29,29.5,29.6,28.6,29.9,29,28.9,28.7,28.9,28.8,27.8,28.4,28.3,29.3,29.1,29.9,29.6,25.7
2021-07-27,32.4,32.4,32.5,32.9,32,32.7,32.7,30.3,32.7,30.9,31.9,31.8,32,31.6,29.8,31.4,31.5,32.5,31.9,32.5,31.4,28
2021-07-28,30.5,30.5,30.6,30.9,30.1,30.8,30.8,29.7,30.9,29.5,30.3,30,30.1,30.1,28.8,29.7,29.5,30.5,30.4,31.2,30.7,26.9
2021-07-29,30.8,30.7,31.1,31.4,30.8,31.5,31.2,30,31.3,29.9,31.2,31,31.1,30.9,29.6,30.7,30.7,31.4,31.1,31.8,31.1,28.2
2021-07-30,32.9,32.9,33.2,33.1,32.1,33,33.3,31,33.1,31.4,32.4,32.1,32.2,32.3,31.1,31.8,31.4,32.6,32.7,33.6,33.1,29.2
2021-07-31,30.1,30,29.7,29.7,28.9,29.4,30,28.6,30,28.9,28.4,28.2,28.4,28.3,26.9,27.9,27.8,29,28.6,28.9,27.7,25.4
2021-08-01,27.6,27.6,27.3,27.3,26.5,26.9,27.6,26,27.5,26.4,26,25.9,26.1,25.9,24.7,25.6,25.6,26.6,26.3,26.8,26.2,22.9
2021-08-02,28.4,28.4,28.6,29,28.2,28.9,28.8,27.2,29,27.5,28.5,28.2,28.3,28.2,26.8,27.9,27.8,28.7,28.6,29.5,29.2,24.7
2021-08-03,29.6,29.6,29.6,29.9,29.5,30,29.9,28.2,30,28.7,29.2,29.2,29.4,28.7,26.9,28.7,29.1,29.9,28.9,29.3,27.7,25.5
2021-08-04,28.9,28.8,29,29.7,28.8,29.6,29.4,29,29.8,28.7,29.3,28.9,29,29.3,28.3,28.7,28.3,29.4,29.7,31,31.2,25.8
2021-08-05,30.5,30.5,30.8,31.8,31,31.7,31.1,29.5,31.4,29.7,31.3,31.3,31.4,30.8,29.2,30.8,31.2,31.7,31.1,31.6,30.7,27.7
2021-08-06,28.9,28.8,29.1,29.4,28.5,29.2,29.3,27.9,29.3,27.9,28.6,28.4,28.5,28.4,27.1,28.1,27.9,29,28.8,29.3,28.3,25.5
2021-08-07,33,33,33.1,33,32.5,33.1,33.3,31.7,33.1,31.7,32.8,32.5,32.6,32.5,31.4,32.2,32.1,33,32.8,33.9,33.9,29.2
2021-08-08,28.6,28.5,28.6,28.3,27.8,28.4,28.7,27.1,28.6,27.3,27.7,27.5,27.7,27.3,25.8,27.1,27.1,28.1,27.6,28.2,27.3,24.2
2021-08-09,30.3,30.3,30.6,30.1,29.8,30.4,30.6,28.8,30.4,29,29.7,29.6,29.8,29.4,27.9,29.3,29.3,30.1,29.6,30.1,28.9,26.5
2021-08-10,31.6,31.6,31.8,31.2,30.6,31.2,31.8,29.4,31.5,30.3,30.5,30.3,30.4,30.3,29.3,30.1,29.8,30.8,30.7,30.9,29.9,28.4
2021-08-11,34,34,34.3,33.9,33.4,34.2,34.3,31.9,34.1,32.4,33.8,33.4,33.5,33.6,32.8,33.3,32.8,33.8,33.9,34.7,34,31.6
2021-08-12,37.5,37.4,38,37.4,36.5,37.5,37.8,33.7,37.2,34.6,37.1,36.6,36.7,36.9,36,36.5,35.9,37.1,37.3,38.4,38,34.3
2021-08-13,37.7,37.7,38.1,37.5,36.7,37.6,38,34.4,37.4,35.2,37.1,36.7,36.8,36.9,36.1,36.6,36,37.2,37.3,38.2,37.7,34.5
2021-08-14,37.2,37.2,37.7,38.1,37.6,38.2,37.8,35.8,37.8,36,38,37.9,38.1,37.4,35.9,37.5,37.8,38.2,37.6,38,37,34.4
2021-08-15,34.5,34.5,35.1,34.8,33.8,34.9,35,32.5,34.6,32.6,34.5,34,34.1,34.4,33.7,34,33.3,34.5,34.8,35.7,35.3,32.1
2021-08-16,33.3,33.2,33.4,34.2,33.4,33.9,33.6,31.6,33.7,32.1,33.6,33.5,33.6,33.2,32.1,33.1,33.4,33.9,33.4,33.9,33.4,30.6
2021-08-17,29.7,29.7,29.9,30.4,29.9,30.4,30.1,28.9,30.2,29,30.4,30.2,30.3,30.2,29.5,30,29.9,30.4,30.4,31.5,31.6,27.5
2021-08-18,29.7,29.7,29.9,30.7,29.7,30.3,30.1,28.4,30.3,28.8,29.9,29.7,29.9,29.7,28.8,29.5,29.4,30.2,30.1,30.6,29.9,27.2
2021-08-19,28.4,28.4,28.6,28.8,28.2,28.7,28.7,26.8,28.7,27.3,28.3,28.2,28.3,27.9,26.6,27.8,28,28.6,28.2,28.6,27.6,25.2
2021-08-20,30.1,30,30.2,30.2,29.4,30,30.4,29.1,30.4,29.3,29.3,29.1,29.2,29.2,27.9,28.8,28.6,29.7,29.6,29.9,28.8,26.5
2021-08-21,32.5,32.5,32.9,33.6,32.7,33.4,33,30.9,33.2,31.3,33,32.9,33.1,32.5,31,32.5,32.8,33.3,32.9,33.2,32,29.5
2021-08-22,30.8,30.8,31,31.2,30.4,31.2,31.2,30.2,31.3,30.1,30.7,30.4,30.5,30.6,29.6,30.2,29.8,30.9,31,31.6,30.8,28.1
2021-08-23,29.5,29.4,29.5,29.1,28.8,29.4,29.6,27.5,29.5,28.3,28.9,28.7,28.8,28.7,27.7,28.5,28.3,29.2,28.9,29.7,29.1,26.2
2021-08-24,27.8,27.7,27.7,27.7,27.5,27.9,28,26.8,28.1,27.2,27.4,27.3,27.5,27.1,25.8,27,27.1,27.8,27.2,27.8,27,24.3
2021-08-25,28.9,28.9,28.9,29.1,28.2,28.9,29.2,27.8,29.2,27.9,28.1,27.8,28,27.8,26.3,27.5,27.4,28.5,28.3,28.6,27.5,24.7
2021-08-26,31.4,31.3,31.6,32,31.7,32.2,31.7,29.6,31.7,30,31.9,31.9,32.1,31.3,29.8,31.4,32,32.3,31.4,31.9,31,28
2021-08-27,33.5,33.4,33.7,33.9,33,33.7,33.8,31.9,33.6,32,33.3,33,33.2,33.1,32.1,32.7,32.7,33.5,33.5,34.4,34.2,30
2021-08-28,27.9,27.8,28,28.5,27.9,28.5,28.3,28.1,28.6,27.7,28,27.8,28,27.9,26.7,27.6,27.4,28.3,28.2,28.6,27.7,25.2
2021-08-29,27.6,27.5,27.5,27.8,27.1,27.6,27.8,26.8,27.9,26.9,26.9,26.7,26.9,26.6,25.2,26.4,26.4,27.3,26.9,27.2,26,23.9
2021-08-30,26.5,26.4,26.4,25.3,24.9,25.4,26.4,23.7,25.9,24.7,24.5,24.2,24.4,24.3,23.3,24,23.7,24.9,24.5,25,24.1,22.1
2021-08-31,27.6,27.5,27.7,28.2,27.4,28.1,28,27.2,28.2,27.1,27.5,27.2,27.4,27.3,26.1,27,26.7,27.8,27.7,28.3,27.6,24.4
2021-09-01,26.5,26.5,26.4,26.1,26.2,26.4,26.5,24.5,26.3,25.3,26.1,26,26.2,25.7,24.7,25.7,26,26.4,25.7,26.3,26,23.1
2021-09-02,28.9,28.9,28.8,27.7,27.3,27.9,28.9,26.5,28.4,27.2,27,26.7,26.9,26.8,25.7,26.5,26.3,27.5,27.1,27.7,27.2,23.9
2021-09-03,29.6,29.6,29.5,29.5,28.7,29.3,29.8,29.2,29.8,28.9,28.4,28.2,28.4,28.3,26.9,27.9,27.7,28.9,28.7,29.1,28.1,25.3
2021-09-04,29,29,29.1,29.4,28.8,29.3,29.3,27.8,29.3,28,28.8,28.7,28.9,28.3,26.8,28.3,28.5,29.2,28.5,29.1,28.4,25.2
2021-09-05,31.8,31.8,32,32.7,32.3,32.7,32.2,30,32.3,30.5,32.4,32.5,32.6,31.8,30.1,31.9,32.5,32.9,31.9,32.5,31.7,28.4
2021-09-06,31.6,31.6,31.8,32.3,31.1,31.9,32,30.1,32,30.5,31.4,31.1,31.3,31.3,30.3,30.9,30.7,31.6,31.7,32.4,32.1,28.6
2021-09-07,30,30,29.8,29.4,29.1,29.3,29.9,28.7,29.8,29.1,28.7,28.6,28.8,28.5,27.6,28.4,28.5,29.1,28.7,29,28.5,26.4
2021-09-08,31.9,31.9,31.9,31.5,30.6,31.2,32,30.4,31.7,30.5,30.2,30,30.3,30.1,28.6,29.7,29.7,30.8,30.5,30.8,30,26.9
2021-09-09,31.3,31.2,30.9,30.8,30.3,30.6,31.2,28.9,30.9,29.6,29.8,29.7,29.9,29.5,28.1,29.3,29.6,30.4,29.7,30.1,29.1,26.4
2021-09-10,29.2,29.2,29,29.5,28.9,29.2,29.3,28.9,29.5,28.7,28.6,28.5,28.7,28.3,26.9,28.1,28.4,29.1,28.4,29,28.3,25.1
2021-09-11,28.6,28.6,28.5,28.4,28.3,28.6,28.8,28.2,28.8,28.1,28,28,28.2,27.6,25.9,27.5,27.9,28.5,27.7,28.2,27.1,24.5
2021-09-12,29.3,29.3,29.3,29.1,28.2,28.9,29.5,28.4,29.5,28.5,28,27.7,27.9,28,26.8,27.5,27.1,28.4,28.4,28.9,28,25.3
2021-09-13,29.7,29.7,29.7,30.2,29.5,29.9,30,28.7,30.1,29,29.2,29.2,29.4,28.9,27.4,28.8,29.1,29.8,29.2,29.5,28.6,26.1
2021-09-14,31.1,31,30.7,30.4,30.2,30.5,31,29.9,30.9,30.1,29.8,29.7,29.8,29.7,28.7,29.4,29.4,30.3,29.8,30.5,29.9,27
2021-09-15,32.8,32.8,32.4,32.2,31.6,32,32.7,31,32.4,31.4,31.1,30.9,31.2,30.8,29.5,30.6,30.7,31.7,31.1,31.5,30.6,28
2021-09-16,28.1,28.1,27.8,27.6,27.3,27.6,28.1,26.9,28.1,27.3,26.8,26.7,26.9,26.6,25,26.3,26.5,27.4,26.7,27.4,26.7,23.4
2021-09-17,29.5,29.5,29.2,29.4,28.8,29.1,29.5,29,29.6,28.9,28.3,28.2,28.4,28.1,26.6,27.8,28.1,28.9,28.3,28.7,28,24.8
2021-09-18,26.7,26.7,26.4,26.1,25.6,26,26.7,25.1,26.7,25.9,25.1,24.9,25.1,25,23.9,24.7,24.5,25.7,25.3,25.8,25.2,22.2
2021-09-19,25.9,25.8,25.6,25.9,25.6,25.8,26,25.7,26.2,25.6,25.3,25.2,25.3,25.1,24.1,24.9,25,25.7,25.3,25.9,25.4,22.3
2021-09-20,26.3,26.2,25.9,25.7,25.1,25.5,26.2,24.9,26.1,25.2,24.6,24.5,24.7,24.5,23.1,24.1,24.2,25.2,24.8,25.3,24.7,21
2021-09-21,22.9,22.9,22.6,22,21.7,22.1,22.8,21.5,22.7,22,21.1,21,21.2,21,19.7,20.7,20.8,21.8,21.3,21.5,20.1,18.4
2021-09-22,27.3,27.2,26.8,25.5,25.2,25.5,26.9,24.3,26.2,25.2,24.4,24.2,24.4,24.3,23.1,24,24,25,24.4,25,24.6,21.6
2021-09-23,25.4,25.4,25.1,24.7,24.6,24.8,25.3,23.6,25.2,24.3,24,24,24.2,23.7,22.3,23.6,23.9,24.6,23.8,24.1,23.2,20.8
2021-09-24,25.3,25.3,25,24.5,24.8,24.8,25.2,24.4,25.1,24.7,24.3,24.3,24.4,24.1,23.1,24,24.2,24.8,24,24.3,23.5,22.1
2021-09-25,29.3,29.3,29,29.1,28.8,29.1,29.3,28.2,29.3,28.5,28.6,28.4,28.6,28.4,27.5,28.2,28.2,29,28.5,29.3,28.9,25.8
2021-09-26,29.9,29.9,29.6,29.8,29.3,29.6,30,30,30.2,29.6,28.9,28.7,28.9,28.7,27.4,28.4,28.5,29.4,29,29.6,29.1,25.4
2021-09-27,30.5,30.5,30.3,30.4,29.8,30.2,30.5,29.6,30.5,29.7,29.6,29.4,29.5,29.5,28.5,29.1,29.1,29.9,29.7,30.3,30.2,26.7
2021-09-28,28.1,28.1,27.9,28.1,27.3,27.7,28.1,26.6,28.1,27.1,26.8,26.7,26.9,26.6,25.2,26.4,26.6,27.4,26.9,27.3,26.6,23.8
2021-09-29,23.8,23.8,23.6,24,24,24.2,24,22.8,24.3,23.6,24.1,23.9,24,23.9,23.3,23.8,23.7,24.3,24,24.8,24.7,21.8
2021-09-30,24.8,24.8,24.7,25.7,25,25.3,25.1,23.5,25.4,24.3,25,24.8,25,24.8,23.8,24.6,24.7,25.3,25.1,25.6,25.1,22.2
2021-10-01,24.8,24.8,24.8,24.7,24,24.7,25,23.9,25,24,24.1,23.7,23.9,24.1,23.2,23.6,23.2,24.3,24.4,25.2,25,21.5
2021-10-02,26.7,26.7,26.6,26.7,26,26.5,26.9,25.5,26.9,25.7,25.8,25.6,25.8,25.5,24.1,25.2,25.3,26.3,25.8,26.4,25.6,22.4
2021-10-03,25.9,25.8,25.5,25.9,25.4,25.7,25.9,24.3,26,25,25,25,25.2,24.7,23.3,24.6,24.9,25.6,24.9,25.4,24.6,21.5
2021-10-04,18.3,18.3,18,18,17.8,18,18.3,16.9,18.4,17.6,17.4,17.3,17.5,17.1,15.8,17,17.3,17.9,17.2,17.5,16.3,14.6
2021-10-05,24.4,24.3,24.1,24.4,23.6,24,24.4,23.9,24.7,24.1,23.2,23,23.2,23,21.6,22.7,22.7,23.7,23.4,23.8,23.3,19.6
2021-10-06,22.5,22.5,22.2,22.4,22,22.3,22.5,22,22.7,22,21.9,21.6,21.8,21.8,21.2,21.5,21.3,22.1,22.1,22.8,22.8,19.5
2021-10-07,23.9,23.8,23.6,23.7,23.1,23.5,23.9,23,23.9,23.2,22.9,22.7,22.8,22.8,21.9,22.5,22.4,23.3,23,23.4,22.9,20.6
2021-10-08,22.8,22.8,22.6,22.8,22.2,22.5,22.9,21.5,23,22.2,21.9,21.8,22,21.8,20.9,21.6,21.6,22.3,22.1,22.4,21.8,19.6
2021-10-09,21.3,21.3,21.2,21.1,20.8,21.1,21.4,20.1,21.4,20.6,20.5,20.4,20.6,20.3,19.2,20.2,20.2,21,20.4,20.7,19.9,18
2021-10-10,21,21,20.8,21.3,20.9,21.1,21.1,20.3,21.3,20.6,20.7,20.6,20.8,20.5,19.7,20.4,20.6,21.1,20.7,21.1,20.7,18.3
2021-10-11,24.3,24.3,24.1,24.2,23.7,24,24.4,23.4,24.4,23.7,23.3,23.2,23.4,23.1,21.8,22.9,23.1,23.8,23.4,23.7,22.9,20.1
2021-10-12,24.5,24.4,24.2,24.5,24.1,24.3,24.5,23.8,24.6,23.9,23.8,23.7,23.9,23.6,22.2,23.4,23.7,24.3,23.8,24.2,23.7,20.6
2021-10-13,22.6,22.5,22.3,22.3,21.9,22.2,22.6,22.1,22.6,22.1,21.8,21.5,21.7,21.7,20.9,21.4,21.2,22,21.9,22.6,22.3,19.5
2021-10-14,21.4,21.4,21.4,21.5,21.1,21.5,21.6,21,21.7,21,21,20.9,21,20.8,19.8,20.6,20.7,21.3,21,21.3,20.7,18.5
2021-10-15,24.2,24.1,23.9,24,23.6,23.9,24.2,23.1,24.3,23.6,23.2,23.2,23.3,23,21.8,22.8,23.1,23.7,23.2,23.5,22.9,20.2
2021-10-16,23.1,23.1,22.9,23,22.5,22.8,23.1,22.2,23.1,22.4,22.3,22.1,22.2,22.1,21.3,21.9,21.9,22.6,22.3,22.9,22.6,19.9
2021-10-17,22.3,22.3,22.1,22.1,21.4,21.8,22.3,21.1,22.3,21.6,21.1,20.8,21,21.1,20.4,20.7,20.4,21.4,21.4,21.8,21.4,19
2021-10-18,23,23,23.1,23.2,22.9,23.3,23.3,22.6,23.4,22.5,23,22.8,22.9,22.8,21.9,22.6,22.5,23.2,23,23.8,23.6,20.1
2021-10-19,25.3,25.3,25.3,25.2,24.5,25,25.4,24.3,25.3,24.4,24.2,24.1,24.2,24,22.7,23.7,23.8,24.7,24.3,24.6,23.9,21.2
2021-10-20,22.5,22.5,22.2,22,21.4,21.7,22.5,22.4,22.6,22.4,20.7,20.6,20.8,20.6,19.3,20.3,20.3,21.3,20.9,20.8,19.4,18.5
2021-10-21,21.4,21.4,21.1,20.7,20.4,20.7,21.4,20.6,21.3,20.8,20,19.8,20,19.9,19.1,19.6,19.5,20.4,20.1,20.5,19.7,17.9
2021-10-22,20.9,20.8,20.6,20.7,20.4,20.7,20.9,20.2,21.1,20.4,20.2,20,20.2,20.1,19.1,19.8,19.7,20.6,20.2,20.9,20.3,17.6
2021-10-23,22.2,22.2,21.9,21.4,20.8,21.1,22,20.6,21.8,21,20.3,20.1,20.3,20.4,19.4,19.9,19.8,20.8,20.7,21.1,20.6,18
2021-10-24,23.3,23.3,23,22.7,22.6,22.7,23.2,22.1,23.1,22.4,22.1,22.1,22.2,21.8,20.4,21.7,22.1,22.6,21.9,22.2,21.5,18.9
2021-10-25,22.1,22.1,21.9,22,21.6,21.9,22.1,20.8,22.1,21.2,21.4,21.3,21.4,21.3,20.4,21,21.1,21.8,21.5,22.1,21.9,18.8
2021-10-26,22.3,22.3,22.1,22.3,21.7,22.1,22.4,22,22.6,21.9,21.4,21.2,21.4,21.3,20.2,21,21,21.9,21.6,22,21.3,18.7
2021-10-27,22.1,22.1,21.8,21.3,20.8,21.1,21.9,20,21.7,20.8,20.4,20.1,20.3,20.4,19.6,20,19.8,20.7,20.6,21.1,21,18.3
2021-10-28,21.1,21.1,20.8,21.1,20.3,20.8,21.2,20.1,21.3,20.5,20,19.8,20,20,18.8,19.6,19.4,20.5,20.3,20.8,20.2,17.2
2021-10-29,21,21,20.8,21.2,20.5,21,21.2,21.2,21.6,21,20,19.9,20.1,19.9,18.4,19.6,19.6,20.7,20.2,20.4,19.1,17.1
2021-10-30,20.7,20.7,20.4,20.5,19.9,20.2,20.7,19.5,20.8,20.2,19.2,19.2,19.4,19,17.4,18.8,19.1,19.9,19.3,19.2,17.7,16.4
2021-10-31,25.1,25.1,24.9,24.9,24.3,24.6,25.1,24.2,25.1,24.5,23.7,23.7,23.8,23.5,22.2,23.3,23.5,24.3,23.8,24,23.3,20.7
2021-11-01,22.9,22.8,22.6,22.6,22.1,22.4,22.9,22,23,22.4,21.7,21.6,21.8,21.6,20.3,21.3,21.5,22.2,21.8,22.4,22.2,18.6
2021-11-02,18.5,18.4,18.2,18.4,17.5,18,18.6,18.1,18.8,18.2,17,16.8,17,17,15.7,16.6,16.4,17.6,17.4,17.7,16.9,14
2021-11-03,15.8,15.8,15.5,15.8,15.2,15.6,15.9,15.4,16.2,15.6,14.8,14.6,14.8,14.6,13.1,14.3,14.4,15.3,14.9,15.2,14.3,11.5
2021-11-04,16,15.9,15.7,15.9,15.3,15.7,16.1,14.7,16.3,15.5,14.9,14.7,15,14.7,13.2,14.4,14.5,15.5,15,15.4,14.4,11.6
2021-11-05,16.6,16.6,16.3,16.2,15.9,16.2,16.6,15.1,16.6,15.6,15.5,15.3,15.5,15.2,13.8,15,15.2,16,15.4,16.1,15.4,12
2021-11-06,18.4,18.3,18,17.8,17.4,17.7,18.3,16.7,18.3,17.5,16.9,16.8,17,16.8,15.4,16.5,16.6,17.5,17,17.5,16.9,13.9
2021-11-07,18,17.9,17.7,17.6,17.9,17.9,18,17.1,18.1,17.5,17.3,17.4,17.6,16.8,15,16.9,17.5,18,16.8,17.1,15.8,13.6
2021-11-08,20.8,20.8,20.5,20.1,19.5,19.9,20.7,19.7,20.5,19.8,19.2,18.9,19.1,19.2,18.3,18.7,18.4,19.6,19.6,20.3,20,16.8
2021-11-09,16.6,16.6,16.6,17,15.9,16.6,16.9,15.3,17.1,16,16,15.6,15.8,16.1,15.5,15.6,15,16.2,16.6,17.3,17,14.2
2021-11-10,15.3,15.2,15,14.5,15.1,15,15.2,14.1,15.1,14.8,14.4,14.6,14.8,13.9,12.4,14.2,14.9,15.1,13.7,13.8,12.5,11.5
2021-11-11,18,18,17.7,17.6,17.5,17.7,18,16.7,18,17.4,16.9,16.9,17.1,16.6,15.2,16.6,16.9,17.5,16.8,17,15.8,14.1
2021-11-12,18.7,18.7,18.4,17.3,18,17.9,18.6,17.2,18.3,18,16.9,17.2,17.5,16.2,14,16.6,17.6,17.9,16,15.7,13.4,13.6
2021-11-13,19.8,19.8,19.5,19.5,19.2,19.5,19.8,19.1,19.9,19.4,18.8,18.7,18.9,18.6,17.3,18.4,18.6,19.3,18.8,19.2,18.5,15.9
2021-11-14,17.3,17.3,17,16.8,16.4,16.6,17.2,15,17.2,16.1,15.6,15.7,16,15.3,13.4,15.2,15.8,16.4,15.5,15.5,14.2,11.8
2021-11-15,14.2,14.2,14,14.7,14.4,14.7,14.4,13.2,14.8,13.9,14.5,14.3,14.5,14.3,13.5,14.1,14.2,14.7,14.4,15.1,14.7,11.9
2021-11-16,12.2,12.2,12,11.7,12.8,12.6,12.3,12.8,12.5,12.6,12.2,12.5,12.7,11.5,9.9,12,12.9,12.9,11.1,11.1,9.4,9.6
2021-11-17,15.8,15.8,15.5,15.4,15,15.3,15.8,15.4,16,15.6,14.4,14.3,14.6,14.3,12.7,14,14.2,15.1,14.6,14.8,13.6,11.5
2021-11-18,16.9,16.9,16.7,16.4,16.3,16.4,16.9,16.7,16.9,16.6,15.8,15.8,15.9,15.6,14.3,15.4,15.7,16.3,15.7,15.9,15,13.4
2021-11-19,18.1,18.1,17.8,17.2,17,17.2,17.9,16.6,17.7,17.1,16.6,16.4,16.6,16.5,15.7,16.3,16.2,16.9,16.7,17,16.5,14.7
2021-11-20,14.3,14.3,14.2,14.6,14.7,14.8,14.6,15.1,15,15,14.4,14.4,14.6,14.1,12.9,14.1,14.4,14.8,14.1,14,12.4,12.8
2021-11-21,17.6,17.6,17.3,17.4,17.3,17.5,17.6,16,17.7,16.8,17,17,17.1,16.7,15.4,16.6,16.9,17.5,16.8,17.4,16.7,14.2
2021-11-22,14.9,14.9,14.6,14.2,13.5,13.9,14.9,13.6,14.8,14.2,12.8,12.6,12.8,12.7,11.3,12.3,12.2,13.4,13.1,13.2,12,10
2021-11-23,14.1,14,13.7,13.4,13.1,13.4,14,12.4,13.9,13.2,12.6,12.5,12.7,12.4,11.3,12.2,12.2,13.1,12.6,13.1,12.6,9.9
2021-11-24,12.6,12.5,12.3,12.2,12.1,12.3,12.6,12,12.8,12.5,11.5,11.5,11.7,11.3,9.9,11.2,11.4,12.1,11.3,11.5,10.4,8.9
2021-11-25,12.9,12.9,12.6,12.3,12.7,12.8,12.9,11.2,12.9,12.3,12.5,12.5,12.6,12.1,11.1,12.2,12.5,12.9,12.1,12.6,11.9,9.9
2021-11-26,12.3,12.3,12,12,11.8,12,12.3,11.6,12.5,12,11.2,11.2,11.4,11,9.2,10.8,11,11.9,11.2,11.6,10.5,7.7
2021-11-27,12.3,12.3,12,12,11.7,12,12.3,11.3,12.5,11.8,11.2,11.1,11.3,11,9.3,10.7,10.9,11.8,11.2,11.8,11.1,7.7
2021-11-28,10.4,10.4,10,10,9.8,10.1,10.4,9.5,10.6,9.9,9.4,9.2,9.4,9.1,7.5,8.9,9,9.9,9.2,9.9,9.2,5.8
2021-11-29,14.1,14.1,13.7,13.9,13.2,13.6,14.1,13.8,14.3,13.7,12.7,12.5,12.7,12.6,11.1,12.2,12.1,13.3,12.9,13.6,13,9.4
2021-11-30,14.1,14,13.8,13.9,13.5,13.7,14.1,14,14.2,13.8,13,13,13.1,12.9,11.6,12.7,12.8,13.5,13.1,13.4,12.8,10.3
2021-12-01,13.7,13.7,13.2,13.4,12.9,13,13.6,13,13.8,13.6,12.2,12.1,12.3,12.2,11,11.9,12,12.7,12.4,12.4,11.8,9.8
2021-12-02,13.7,13.7,13.3,13.3,13.2,13.4,13.7,12.6,13.8,13.1,12.7,12.7,12.9,12.3,10.6,12.2,12.6,13.3,12.4,12.9,12,8.9
2021-12-03,14.2,14.2,13.9,13.5,13.3,13.5,14.1,13.2,14.1,13.5,12.7,12.6,12.8,12.6,11.3,12.4,12.5,13.3,12.8,13.2,12.5,9.9
2021-12-04,15.8,15.8,15.5,15.7,15.1,15.5,15.9,15.3,16.2,15.7,14.7,14.5,14.7,14.6,13.3,14.3,14.3,15.2,14.9,15.3,14.8,11.6
2021-12-05,11.9,11.8,11.5,11.1,11.1,11.3,11.8,10.4,11.8,11.1,10.5,10.4,10.6,10.2,8.8,10.1,10.2,11.1,10.3,11,10.2,7
2021-12-06,14,14,13.7,13.5,13.2,13.4,14,12.5,13.9,13.3,12.7,12.6,12.8,12.6,11.4,12.3,12.4,13.2,12.8,13.1,12.4,10.1
2021-12-07,16,16,15.8,16.1,15.5,15.8,16.1,15.7,16.2,15.7,15.1,15,15.2,15,13.8,14.7,14.8,15.6,15.3,15.4,14.5,12.6
2021-12-08,12.8,12.7,12.5,12.9,12.6,12.8,12.9,12.3,13.2,12.7,12.2,12.1,12.3,11.9,10.7,11.8,12.1,12.7,12.1,12.4,11.4,9.7
2021-12-09,11.3,11.3,10.9,11.1,10.7,10.8,11.2,10.3,11.4,11,10.2,10.1,10.3,10.1,9,9.9,10,10.7,10.2,10.6,10.3,7.7
2021-12-10,16.6,16.5,16.3,16.2,15.8,16.1,16.6,14.8,16.6,15.8,15.2,15.2,15.4,15,13.6,14.8,15,15.8,15.2,15.7,15.2,11.9
2021-12-11,15.7,15.7,15.3,14.3,14,14.3,15.4,13.6,15,14.3,13.3,13.1,13.3,13.2,12,12.9,12.9,13.9,13.3,13.8,13.2,10.7
2021-12-12,14.9,14.9,14.7,14.9,15,15,15,14.6,15.3,15,14.5,14.6,14.7,14.2,12.7,14.2,14.6,15,14.3,14.2,12.8,12.1
2021-12-13,16.2,16.2,16,16.3,15.7,15.9,16.2,16.6,16.4,16.3,15.4,15.2,15.4,15.4,14.7,15.1,15,15.7,15.7,15.6,15.1,14.2
2021-12-14,17.8,17.8,17.7,16.7,16.5,16.7,17.7,16.3,17.2,16.6,16,15.9,16,15.9,15,15.7,15.7,16.4,16.1,16,15,14.8
2021-12-15,18,18,17.7,17.1,16.8,17.1,17.9,16.7,17.7,17.1,16.5,16.3,16.4,16.5,15.7,16.1,15.9,16.8,16.7,17,16.4,15.1
2021-12-16,15.2,15.2,15,14.8,14.6,14.8,15.2,14.5,15.1,14.8,14.4,14.3,14.4,14.4,13.9,14.2,14.1,14.6,14.5,14.6,14.1,13.4
2021-12-17,14.7,14.7,14.5,13.5,13.7,13.7,14.5,12.8,14.2,13.7,12.8,13,13.1,12.6,11.3,12.6,13,13.5,12.6,12.2,10.4,11.5
2021-12-18,15.7,15.6,15.3,14.2,14.1,14.3,15.4,13.7,15,14.5,13.4,13.3,13.4,13.3,12.4,13.1,13,13.9,13.5,13.5,12.2,12.3
2021-12-19,13.4,13.4,13.3,13.3,13,13.2,13.5,13.7,13.6,13.5,12.4,12.5,12.6,12.3,11.1,12.2,12.4,13,12.5,12,10.3,11
2021-12-20,14,14,13.8,13.7,13.6,13.8,14.1,13.7,14.2,14.1,13.1,13.1,13.3,12.9,11.5,12.8,13.1,13.6,13,12.7,11.4,10.8
2021-12-21,13.7,13.7,13.5,13,12.8,12.9,13.6,11.9,13.3,12.8,12.2,12.2,12.3,12,11.2,12,12.2,12.7,12.2,12,11,10.8
2021-12-22,10.4,10.4,10.4,10.2,10.2,10.4,10.5,9.8,10.5,10.3,10.2,10,10.1,10.1,9.7,10,9.8,10.3,10.2,10.3,9.8,9.4
2021-12-23,13.4,13.4,13.2,13.7,13,13.3,13.5,12.4,13.8,13.1,12.6,12.5,12.7,12.5,11.3,12.3,12.4,13.1,12.8,12.8,12,10.2
2021-12-24,13.9,13.9,13.7,14.3,14.1,14.3,14.1,13.9,14.4,14.1,14,13.9,14,13.8,13,13.7,13.8,14.3,13.9,14.2,13.5,12.3
2021-12-25,17.6,17.6,17.3,17.3,17.2,17.4,17.7,16.8,17.8,17.2,16.7,16.7,16.9,16.4,14.9,16.3,16.7,17.3,16.5,17,16.4,13.1
2021-12-26,16.7,16.6,16.4,16.8,16.7,16.8,16.8,16.1,17,16.4,16.3,16.4,16.6,15.8,14.1,15.9,16.6,16.9,15.8,16.1,15.2,12.7
2021-12-27,19.3,19.3,19,19,18.6,18.9,19.3,17.7,19.4,18.6,18.1,18.1,18.3,17.8,16.3,17.7,18,18.7,18,18.4,17.9,14.4
2021-12-28,19,19,18.7,18.8,18.3,18.6,19,17.4,19.2,18.4,17.8,17.7,18,17.6,16.1,17.4,17.6,18.4,17.8,18.1,17.3,14.7
2021-12-29,19.3,19.3,19.1,18.9,19.9,19.6,19.3,18.3,19.4,19,19.4,19.7,19.8,18.7,17,19.2,20.2,20,18.5,18.6,17.3,15.9
2021-12-30,20,20,19.8,19.7,20.5,20.1,19.9,20.1,20,20.1,20,20.3,20.4,19.5,18.2,19.8,20.7,20.4,19.2,19.2,18.2,18
2021-12-31,20.4,20.4,20.4,19.6,19.2,19.5,20.4,19.3,20,19.4,18.7,18.6,18.8,18.7,17.9,18.5,18.4,19.2,19,18.7,17.3,18.2
2022-01-01,21.4,21.3,21.6,21.3,21.7,21.7,21.4,20.7,21,20.1,21.5,21.9,22,20.9,19.7,21.3,22.4,21.9,20.8,20.7,19.7,19
2022-01-02,17,17,17.2,16.8,16.2,16.8,17.2,16.4,17,16.3,16.6,16.2,16.2,16.8,17.1,16.4,15.6,16.4,17.1,17.7,17.9,16.9
2022-01-03,17.4,17.4,17.3,17.4,17.2,17.3,17.4,16.7,17.3,16.7,17.1,17,17.1,16.9,16.4,16.9,17,17.3,17.1,17.3,16.8,15.7
2022-01-04,21,21,20.8,21,20.4,20.7,21.1,20.5,21.1,20.5,19.9,19.8,20,19.7,18.2,19.5,19.7,20.5,20,20.2,19.3,16.7
2022-01-05,13.5,13.5,13.2,13.3,12.6,13.1,13.5,11.8,13.6,12.7,12.4,12.1,12.3,12.4,11.4,12,11.7,12.8,12.7,13.5,13.3,9.8
2022-01-06,11.1,11.1,10.9,10.8,10.9,11,11.2,9.6,11.2,10.5,10.5,10.5,10.7,10.1,8.6,10.1,10.5,11,10.1,10.6,9.8,7
2022-01-07,12.5,12.5,12.2,12.1,11.9,12.1,12.5,11.9,12.5,12,11.4,11.4,11.6,11.2,9.8,11,11.3,12,11.4,11.8,11,8.6
2022-01-08,13.2,13.1,12.9,12.8,12.3,12.6,13.2,12.3,13.2,12.7,11.8,11.7,11.9,11.7,10.2,11.4,11.5,12.4,12,12.3,11.4,8.7
2022-01-09,14.6,14.5,14.3,14.3,14,14.2,14.6,13.8,14.6,14.1,13.5,13.5,13.6,13.3,11.9,13.1,13.4,14,13.4,13.7,12.9,10.6
2022-01-10,9.2,9.2,9,9.1,9,9.1,9.3,9.5,9.6,9.6,8.6,8.6,8.7,8.5,7.6,8.4,8.5,9,8.6,8.7,8.2,6.8
2022-01-11,16,16,15.6,15.5,15.1,15.3,16,15,16,15.3,14.2,14.3,14.5,13.9,11.9,13.7,14.2,15.1,14.2,14,12.1,10.9
2022-01-12,12.7,12.7,12.5,12.6,12.2,12.4,12.7,11.1,12.8,12,11.9,11.8,11.9,11.7,10.7,11.5,11.6,12.3,11.9,12.4,12.1,9.4
2022-01-13,14.6,14.6,14.3,13.2,13.1,13.3,14.3,12.9,13.9,13.3,12.6,12.5,12.6,12.6,11.8,12.3,12.2,13,12.7,13.1,12.8,10.9
2022-01-14,14,13.9,13.7,13.3,13,13.2,13.9,12.9,13.8,13.2,12.4,12.4,12.5,12.3,11.1,12.1,12.2,13,12.6,12.8,12,10.1
2022-01-15,13.5,13.5,13.3,13.5,13.6,13.7,13.6,13.2,13.7,13.4,13.3,13.4,13.5,13,11.7,13,13.5,13.8,13,13.2,12.4,10.7
2022-01-16,14.7,14.6,14.4,14.2,13.9,14.1,14.6,13.5,14.5,13.9,13.4,13.4,13.6,13.1,11.7,13,13.4,14,13.3,13.3,12.2,10.9
2022-01-17,14.8,14.8,14.6,14.9,14.8,14.9,14.9,14.4,15.2,14.8,14.4,14.4,14.6,14.1,12.6,14.1,14.5,14.9,14.2,14.1,12.9,11.9
2022-01-18,13.5,13.5,13.4,13.4,12.9,13.1,13.5,11.5,13.4,12.7,12.6,12.5,12.6,12.7,12.2,12.4,12.3,12.9,12.9,13.1,12.9,11.5
2022-01-19,12.2,12.2,12.1,12.3,12,12.1,12.3,12,12.4,12.1,11.6,11.6,11.7,11.5,10.3,11.3,11.5,12,11.6,11.8,11.2,9.4
2022-01-20,13.7,13.7,13.4,13.8,13.2,13.6,13.8,14,14,13.6,12.8,12.7,12.9,12.6,11.1,12.3,12.5,13.4,12.9,13.2,12.2,9.6
2022-01-21,9.6,9.6,9.4,9.7,9,9.3,9.8,9.5,10.1,9.8,8.4,8.3,8.5,8.4,7,8,8.1,9,8.8,8.8,7.7,5.4
2022-01-22,11.3,11.2,11,11,10.9,11,11.3,10.8,11.4,11.1,10.4,10.4,10.6,10.1,8.5,10,10.5,10.9,10.2,10.2,9,7.6
2022-01-23,12.6,12.6,12.4,12.7,12.4,12.6,12.7,12.9,12.9,12.6,12.2,12.1,12.2,12.1,11.3,11.9,11.9,12.5,12.3,12.7,12.4,10.3
2022-01-24,13.9,13.9,13.7,13.7,13.3,13.5,13.9,13.4,14,13.5,12.9,12.8,12.9,12.8,11.7,12.6,12.6,13.3,13.1,13.3,12.6,10.6
2022-01-25,15.6,15.5,15.5,15.1,14.6,15,15.6,14.8,15.4,14.7,14.4,14.2,14.3,14.3,13.2,13.9,13.8,14.7,14.6,15,14.6,11.9
2022-01-26,17.3,17.2,17.2,16.8,16.3,16.8,17.3,16,17,16.1,16.2,16,16.1,16,15,15.8,15.6,16.5,16.3,16.9,16.3,13.9
2022-01-27,17.3,17.2,17.3,17,16.5,17,17.4,15.2,17.2,15.9,16.3,16.2,16.3,16.1,14.7,15.8,15.9,16.7,16.4,16.8,16.1,13.4
2022-01-28,17.9,17.9,17.7,17.7,18.1,18.2,18,17.8,18.2,17.9,17.7,17.8,17.9,17.2,15.6,17.3,17.9,18.3,17.2,17.5,16.3,14.4
2022-01-29,19.6,19.5,19.3,18.8,18.5,18.8,19.5,17.9,19.3,18.5,18,17.9,18,17.9,16.8,17.6,17.6,18.5,18.2,18.6,17.7,15.8
2022-01-30,19.6,19.6,19.4,19.5,19.5,19.6,19.6,19.1,19.6,19.1,19.2,19.2,19.3,18.9,17.7,18.9,19.3,19.6,18.9,19.2,18.5,16.8
2022-01-31,16.2,16.2,16,16.1,16,16.2,16.2,15.8,16.3,15.8,15.7,15.7,15.9,15.4,14.2,15.4,15.8,16.1,15.5,15.9,15.4,12.9
2022-02-01,17,17,16.8,16.8,16.4,16.6,17,16.4,17,16.4,16,15.9,16.1,15.8,14.5,15.6,15.9,16.5,16,16.3,15.9,13.1
2022-02-02,20.2,20.2,20.2,20,20.1,20.3,20.3,19,20.1,19.1,20,20.1,20.2,19.5,18,19.6,20.2,20.4,19.5,20,19.3,16.8
2022-02-03,20.8,20.8,21,20.5,20.8,21,20.9,19.2,20.5,19.4,21.2,21.1,21.1,20.9,20.5,21,21,21.1,20.9,22,22.5,19.3
2022-02-04,15.4,15.4,15.2,15.1,15.3,15.4,15.4,14.5,15.3,14.9,15.4,15.2,15.3,15.3,15.1,15.2,15,15.4,15.3,16.2,16.7,14
2022-02-05,15.1,15.1,14.8,14.8,14.5,14.8,15.1,14.1,15.2,14.5,14.1,14,14.2,13.8,12.5,13.7,14,14.6,14,14.4,13.6,10.8
2022-02-06,15.5,15.5,15.2,15.4,14.7,15.1,15.5,15.6,15.7,15.4,14.3,14.1,14.3,14.2,12.9,13.9,13.8,14.8,14.6,14.8,14.1,11.5
2022-02-07,17.7,17.6,17.4,17.5,17.4,17.5,17.7,16,17.7,16.9,16.9,17,17.1,16.5,14.8,16.5,17.1,17.5,16.6,16.7,15.6,13.6
2022-02-08,16.3,16.2,16.4,16.8,16.4,16.7,16.5,16.3,16.7,16.1,16.5,16.4,16.5,16.3,15.6,16.2,16.2,16.7,16.5,16.8,16.5,14.7
2022-02-09,17.4,17.4,17.5,17.5,17.1,17.5,17.6,16.6,17.5,16.6,17.1,17,17.1,16.9,15.9,16.8,16.9,17.4,17.1,17.4,16.7,15.1
2022-02-10,16.1,16.1,16.2,16.4,16.1,16.5,16.4,16.1,16.5,15.7,16.2,16.1,16.2,15.9,14.9,15.8,15.9,16.4,16.1,16.5,15.7,13.8
2022-02-11,17.7,17.7,17.4,17.6,17.3,17.6,17.7,17.1,17.8,17.1,17.1,17,17.1,16.9,15.9,16.7,16.8,17.5,17,17.7,17.3,14.3
2022-02-12,11.9,11.8,11.8,11.7,11.2,11.7,12.1,11,12.2,11.5,11.2,10.8,11,11.1,10.4,10.7,10.3,11.4,11.4,12.1,11.6,9.1
2022-02-13,15.3,15.2,14.9,15.1,14.6,14.9,15.3,14.6,15.5,14.8,13.7,13.8,14,13.3,11.2,13.2,13.8,14.6,13.6,13.5,11.7,9.9
2022-02-14,16.4,16.3,16,16.1,15.7,16,16.4,15.6,16.6,16,15.2,15.1,15.3,15,13.4,14.7,14.9,15.8,15.2,15.7,15.1,11.6
2022-02-15,16.9,16.9,16.5,16.4,16.1,16.4,16.9,16.1,17,16.4,15.6,15.4,15.7,15.3,13.8,15.1,15.2,16.2,15.5,16.2,15.4,12
2022-02-16,17.1,17.1,16.8,16.9,16.1,16.5,17.1,15.9,17.1,16.3,15.6,15.5,15.7,15.5,14.2,15.2,15.3,16.1,15.9,15.9,15,12.7
2022-02-17,21.8,21.8,21.6,21.6,21.4,21.5,21.7,20.7,21.7,21,21,21,21.2,20.7,19.3,20.6,21.1,21.5,20.7,21,20.4,18.1
2022-02-18,23.5,23.5,23.7,24,23.3,23.8,23.7,21.3,23.5,21.6,23.5,23.4,23.5,23.1,21.8,23,23.2,23.8,23.3,23.9,23.5,20.2
2022-02-19,12.4,12.4,12.2,11.8,11.7,11.9,12.4,11.6,12.3,12,11.4,11.3,11.4,11.2,10.6,11.1,11.2,11.7,11.3,11.5,11.1,9.4
2022-02-20,17.5,17.4,17.2,17.4,16.8,17.1,17.5,16.9,17.5,16.8,16.3,16.2,16.4,16.1,14.6,15.8,16.1,16.9,16.4,16.6,15.8,13.1
2022-02-21,20.3,20.3,20,20.2,19.9,20.2,20.4,19.6,20.5,19.8,19.5,19.4,19.6,19.3,17.9,19.1,19.2,20,19.4,20,19.5,16.2
2022-02-22,19.5,19.5,19.3,19.5,18.9,19.2,19.5,18,19.5,18.5,18.6,18.6,18.7,18.4,17.3,18.3,18.5,19.1,18.7,19,18.5,15.9
2022-02-23,18.6,18.6,18.5,18.4,18,18.3,18.6,17.9,18.6,18.1,17.8,17.6,17.8,17.7,17,17.5,17.5,18.1,17.9,18.1,17.7,16.1
2022-02-24,18.5,18.4,18.5,18.8,18.2,18.6,18.7,17.3,18.7,17.6,18,18,18.1,17.7,16.3,17.6,17.9,18.5,17.9,18.1,17.2,15.1
2022-02-25,15.5,15.5,15.3,15.3,15,15.2,15.5,13.7,15.5,14.7,14.7,14.6,14.8,14.5,13.7,14.4,14.5,15.1,14.7,15.1,14.6,12.4
2022-02-26,13.6,13.5,13.6,13,13.2,13.4,13.6,11.8,13.3,12.5,13,13,13.1,12.7,11.8,12.8,12.9,13.3,12.6,12.9,12.2,11.1
2022-02-27,15.4,15.4,15.4,15.9,15.5,15.9,15.7,15.3,15.9,15.1,15.5,15.4,15.5,15.1,13.9,15.1,15.2,15.8,15.3,15.7,14.8,12.6
2022-02-28,15.2,15.2,15.1,14.9,14.4,14.8,15.3,14.1,15.3,14.5,14,13.9,14.1,13.9,12.5,13.6,13.6,14.6,14.1,14.4,13.3,11.2
2022-03-01,16.7,16.7,16.8,17.1,16.4,17,17,15.7,17.1,16.1,16.5,16.3,16.4,16.4,15.6,16.1,15.9,16.7,16.8,17.3,16.9,14.3
2022-03-02,14.9,14.9,14.7,14.4,13.9,14.2,14.9,12.9,14.7,13.9,13.5,13.4,13.5,13.4,12.5,13.2,13.1,13.9,13.6,13.8,13,11.6
2022-03-03,17.4,17.4,17.2,17.7,17,17.4,17.5,16.8,17.8,17,16.8,16.6,16.8,16.6,15.5,16.4,16.4,17.2,16.9,17.3,16.7,14.2
2022-03-04,18.4,18.4,18.1,18.4,17.9,18.2,18.4,16.7,18.4,17.2,17.6,17.5,17.7,17.3,15.9,17.1,17.3,18.1,17.5,18.4,18.1,13.8
2022-03-05,16.5,16.4,16.2,16.4,15.9,16.3,16.5,15.4,16.7,15.9,15.6,15.4,15.6,15.4,14.1,15.1,15.2,16.1,15.7,16.2,15.4,12.6
2022-03-06,11.4,11.4,11.1,11.1,10.6,11,11.4,10,11.5,10.8,10.2,10,10.2,10,8.8,9.8,9.8,10.7,10.2,10.4,9.3,7.9
2022-03-07,14.7,14.6,14.3,13.6,13.1,13.5,14.5,12.7,14.2,13.4,12.4,12.3,12.5,12.3,10.8,12,12,13.1,12.6,12.9,12.2,9.2
2022-03-08,11.9,11.8,11.5,11.2,10.8,11.2,11.8,10.1,11.8,11,10.4,10.2,10.4,10.3,9.4,10,9.9,10.9,10.5,11.1,10.4,8.2
2022-03-09,16.2,16.2,15.9,15.5,15.1,15.4,16.1,14.6,16,15.1,14.6,14.4,14.6,14.4,13.2,14.1,14.1,15.1,14.7,15.1,14.1,11.9
2022-03-10,16.3,16.3,16,16.1,15.2,15.6,16.3,13.7,16.2,15,14.5,14.4,14.7,14.3,12.6,14,14.3,15.2,14.6,14.7,13.5,11.4
2022-03-11,14.6,14.6,14.3,13.9,13.5,13.8,14.5,12.5,14.4,13.6,12.8,12.7,12.9,12.5,11,12.3,12.5,13.5,12.7,13.1,12.3,9.4
2022-03-12,13.5,13.5,13.2,13.1,12.9,13,13.4,11.6,13.4,12.5,12.3,12.4,12.6,11.9,10.5,11.9,12.5,12.9,12.1,12.1,10.9,9.3
2022-03-13,16.1,16.1,15.8,15.7,15.3,15.7,16.1,14.5,16.2,15.4,14.9,14.7,14.9,14.7,13.5,14.4,14.5,15.4,14.9,15.5,14.9,11.8
2022-03-14,15.2,15.2,14.9,14.1,13.9,14.1,15,12.5,14.6,13.8,13.2,13.1,13.3,12.9,11.7,12.8,13,13.8,13.1,13.4,12.7,10.4
2022-03-15,15.2,15.2,15.1,14.8,14.4,14.8,15.2,13.1,15.1,14.2,14.3,14.1,14.2,14.2,13.5,14,13.9,14.5,14.3,14.8,14.5,12.3
2022-03-16,16.1,16.1,16,15.4,15.2,15.5,16.1,13.7,15.7,14.9,15.2,15,15.1,15.1,14.9,14.9,14.7,15.3,15.2,15.9,16.3,13.6
2022-03-17,18.2,18.2,17.8,16.4,16.2,16.4,17.9,15,17.2,16.3,15.4,15.2,15.4,15.3,14.2,15,14.9,16,15.4,15.9,15.4,12.8
2022-03-18,16,16,15.7,15.8,15.1,15.5,16,14.2,16,15.2,14.6,14.5,14.7,14.4,13.1,14.2,14.4,15.2,14.7,15,14.3,11.6
2022-03-19,12.9,12.8,12.6,12.7,12.4,12.6,12.9,11.4,13,12.3,12,12,12.1,11.8,10.8,11.7,11.9,12.5,11.9,12.3,11.6,9.5
2022-03-20,16.1,16,15.7,15.4,14.7,15.1,16,14,15.8,14.8,14,13.9,14.1,13.9,12.6,13.6,13.6,14.7,14.3,14.5,13.7,11.3
2022-03-21,15.4,15.3,15,14.2,13.7,14.1,15.2,13.1,14.9,14.1,13,12.8,13,12.9,11.5,12.5,12.4,13.6,13.1,13.5,12.7,10
2022-03-22,14.8,14.8,14.4,13.7,13.2,13.6,14.6,12.7,14.4,13.6,12.6,12.4,12.6,12.5,11.2,12.1,12,13.2,12.8,13.3,12.7,9.6
2022-03-23,15.1,15.1,14.8,14.2,13.9,14.1,14.9,12.5,14.7,13.7,13.3,13.2,13.4,13.2,12,12.9,13,13.8,13.4,14,13.8,10.4
2022-03-24,13.7,13.6,13.5,13,12.5,12.9,13.7,12,13.5,12.7,12.1,11.9,12.1,11.9,10.7,11.6,11.6,12.6,12.1,12.5,11.8,9.2
2022-03-25,17.8,17.7,17.7,17.2,16.9,17.4,17.8,15,17.5,16.2,16.8,16.6,16.8,16.5,15.4,16.3,16.3,17.1,16.7,17.3,16.7,14
2022-03-26,14.1,14.1,13.9,13.6,13.5,13.7,14.1,12.1,13.9,13.2,13.1,13.1,13.2,12.9,11.9,12.8,13,13.5,12.9,13.1,12.4,11.2
2022-03-27,21.4,21.4,21,20.4,20,20.3,21.2,18.8,20.8,19.8,19.5,19.3,19.5,19.3,18.2,19,19.1,20,19.5,20.2,19.8,16.5
2022-03-28,21.3,21.2,21.2,20.5,20,20.5,21.3,18.9,20.9,19.6,19.7,19.5,19.7,19.4,18,19.1,19.1,20.2,19.7,20.2,19.3,16.5
2022-03-29,16.6,16.6,16.4,16.1,15.9,16.1,16.5,14.5,16.3,15.5,15.7,15.5,15.6,15.6,15.1,15.4,15.4,15.9,15.6,16.1,16,14.2
2022-03-30,17,16.9,16.9,16.8,16.1,16.6,17.1,14.6,16.9,15.5,16,15.7,15.9,15.7,14.7,15.5,15.4,16.4,16,16.7,16.2,13.2
2022-03-31,16.9,16.9,16.6,17.1,16.3,16.7,16.9,15.3,17.1,15.9,16.2,16,16.2,16.1,15,15.7,15.7,16.6,16.5,17.3,17.1,13.3
2022-04-01,13.9,13.9,13.5,13.6,12.9,13.3,13.9,12.5,14.1,13.3,12.4,12.1,12.4,12.2,10.6,11.8,11.8,13,12.6,13.3,12.7,8.6
2022-04-02,16,15.9,15.5,15.8,15.1,15.5,16,15,16.2,15.3,14.5,14.4,14.6,14.2,12.4,13.9,14.1,15.3,14.5,15.3,14.5,10.2
2022-04-03,10.2,10.2,10.2,9.9,9,9.7,10.4,8.4,10.2,8.9,8.9,8.5,8.7,8.8,7.6,8.4,8,9.3,9.3,9.9,9.1,6.1
2022-04-04,13.1,13.1,12.9,12.9,12.2,12.6,13.1,11.9,13.1,12.4,11.9,11.7,11.9,11.9,11.2,11.6,11.3,12.3,12.2,12.5,11.9,10.1
2022-04-05,17.7,17.7,17.7,17.4,16.9,17.4,17.8,16.4,17.7,16.5,16.9,16.6,16.8,16.7,15.5,16.4,16.3,17.2,17,17.6,17,14
2022-04-06,18.1,18,18,18.7,17.8,18.4,18.4,17.9,18.7,17.7,17.9,17.6,17.8,17.8,16.8,17.4,17.2,18.2,18.2,19,18.6,14.8
2022-04-07,24.5,24.4,24.2,24.3,23.4,23.8,24.5,23.7,24.5,23.9,22.9,22.7,22.9,22.8,21.5,22.4,22.4,23.4,23.2,23.6,23.1,19.7
2022-04-08,23.8,23.8,23.5,23.8,23,23.5,23.9,23.4,24.2,23.6,22.5,22.3,22.5,22.4,20.8,22,21.9,23.1,22.7,23.2,22.4,19.1
2022-04-09,17.9,17.9,17.9,17.9,17.5,18.1,18.3,16.7,18.4,17.4,17.4,17.2,17.3,17.2,15.8,16.9,16.7,17.8,17.6,18.3,17.3,14.1
2022-04-10,18.3,18.2,18.3,18.6,17.7,18.2,18.5,17.2,18.6,17.5,17.4,17.3,17.5,17.3,15.9,17,17.1,17.9,17.6,17.7,16.5,15
2022-04-11,18.9,18.9,19.1,19,18.6,19.1,19.2,17.6,19.1,17.9,18.8,18.6,18.7,18.6,17.8,18.4,18.2,18.9,18.9,19.6,19.3,16.4
2022-04-12,15.5,15.5,15.7,15.7,15.5,15.9,15.8,13.6,15.8,14.7,15.7,15.6,15.7,15.5,14.7,15.4,15.3,15.9,15.6,16.3,16.3,13.1
2022-04-13,14.8,14.8,14.5,14.3,14.1,14.3,14.7,13.2,14.6,14,13.9,13.8,13.9,13.8,13.1,13.6,13.5,14.2,13.8,14.4,14.4,12.1
2022-04-14,24.6,24.6,24.5,23.6,23.2,23.7,24.5,21.3,24,22.5,23.1,22.8,23,22.9,21.9,22.6,22.4,23.4,23.1,24.1,24.2,19.7
2022-04-15,26.5,26.4,26.2,26.8,25.9,26.4,26.5,24.7,26.6,25.4,25.9,25.6,25.8,25.8,25,25.4,25.3,26.2,26.1,26.9,26.6,23.4
2022-04-16,27.7,27.7,27.5,28.5,27.6,28.1,27.9,26.1,28.2,26.8,27.7,27.4,27.6,27.5,26.7,27.2,27.2,28,27.8,28.6,28.3,25
2022-04-17,23.9,23.9,24.1,24.1,23.4,24,24.2,22.3,24.1,22.6,23.5,23.3,23.4,23.3,22.2,23.1,22.9,23.8,23.6,24.2,23.6,20.6
2022-04-18,21.2,21.2,21.3,21.4,20.3,21.1,21.5,20,21.5,20.1,20.5,20,20.2,20.5,19.7,20,19.3,20.6,21,21.7,21.2,18.3
2022-04-19,19,19,18.8,19,18.6,18.9,19.1,18.5,19.3,18.7,18.3,18.1,18.3,18.1,17.1,17.9,17.8,18.7,18.4,18.9,18.2,15.7
2022-04-20,16.8,16.8,16.5,16.2,16,16.3,16.7,14.2,16.5,15.5,15.7,15.6,15.8,15.5,14.4,15.3,15.5,16.1,15.5,16.4,16.4,12.7
2022-04-21,13,13,12.9,13,13.4,13.6,13.3,13.1,13.5,13.1,13.3,13.3,13.5,12.8,11.4,12.9,13.4,13.7,12.7,13.2,12.1,10.2
2022-04-22,21.1,21,20.8,21.2,20.4,20.8,21.1,19.2,21.2,19.9,20,19.9,20.1,19.8,18.5,19.5,19.6,20.6,20.1,20.5,19.7,16.9
2022-04-23,16.5,16.5,16.2,16.8,16,16.4,16.6,15.5,17,16,15.5,15.4,15.7,15.3,13.8,15,15.3,16.2,15.6,15.9,14.8,12.1
2022-04-24,23,23,22.7,23,22.2,22.6,23.1,21.9,23.3,22.4,21.8,21.6,21.8,21.7,20.5,21.3,21.2,22.3,22,22.6,22.1,18.6
2022-04-25,22.1,22.1,22.1,22.2,21.5,22,22.3,20.6,22.3,20.9,21.3,21.1,21.3,21,19.5,20.8,20.9,21.8,21.4,21.9,21.1,17.9
2022-04-26,23.5,23.5,23.6,24.1,22.9,23.7,23.8,22.2,24,22.5,22.8,22.6,22.8,22.7,21.2,22.3,22.2,23.3,23.1,23.5,22.5,19.7
2022-04-27,22.6,22.6,22.7,22.8,22,22.7,22.9,21.1,22.9,21.5,22,21.8,22,21.7,20.5,21.5,21.4,22.4,22.1,22.5,21.6,18.9
2022-04-28,22.5,22.5,22.6,22.9,22.2,22.9,22.8,21.5,22.9,21.6,22.4,22.1,22.3,22.2,21.2,21.9,21.7,22.6,22.5,23,22.3,19.8
2022-04-29,25.5,25.5,25.5,25.6,24.6,25.3,25.7,24.6,25.8,24.7,24.5,24.2,24.4,24.4,23.1,24,23.7,24.9,24.8,25.3,24.5,21.4
2022-04-30,23.6,23.6,23.6,23.5,22.7,23.4,23.8,22.5,23.8,22.7,22.6,22.4,22.6,22.5,21.3,22.1,21.9,23,22.9,23.5,22.6,19.6
2022-05-01,22.3,22.3,22.3,22.2,21.8,22.3,22.5,21.6,22.6,21.7,21.8,21.5,21.7,21.5,20.4,21.3,21.2,22.1,21.8,22.3,21.5,18.9
2022-05-02,21,21,20.6,20.3,20.1,20.3,20.9,20.1,20.9,20.3,19.3,19.3,19.5,18.9,17.2,18.8,19.2,20.1,19.1,19.2,17.8,15.8
2022-05-03,21,21,20.6,19.6,18.9,19.3,20.7,18.5,20.3,19.3,17.9,17.7,18,17.8,16.1,17.4,17.4,18.7,18.2,18.3,16.7,14.7
2022-05-04,21.3,21.3,21,21,20.3,20.7,21.3,19.9,21.3,20.3,19.8,19.7,19.9,19.6,18.3,19.4,19.4,20.4,19.9,20.2,19,17.1
2022-05-05,23.3,23.2,23,24,22.8,23.4,23.5,22.2,23.9,22.7,22.6,22.3,22.6,22.4,20.8,22,22,23.1,22.9,23.6,22.9,18.6
2022-05-06,23.8,23.8,23.6,24.5,23.4,24,24,22.9,24.4,23.1,23.5,23.1,23.3,23.5,22.6,22.9,22.6,23.8,23.9,25,25,20.1
2022-05-07,25.5,25.4,25.1,25.5,24.7,25.2,25.5,24.2,25.7,24.6,24.4,24.1,24.4,24.2,22.9,23.8,23.8,24.9,24.6,25.1,24.3,21
2022-05-08,26.2,26.2,26,25.5,24.6,25.3,26.2,24.9,26,24.9,24.2,23.9,24.1,24.1,22.7,23.6,23.3,24.8,24.6,25.2,24.4,20.6
2022-05-09,25.8,25.8,25.8,25.9,25.1,25.8,26,24.6,26,24.6,25.1,24.9,25,24.9,23.7,24.6,24.4,25.5,25.3,26.1,25.6,21.6
2022-05-10,27,27,27.1,27.3,26.8,27.3,27.3,25.1,27.2,25.6,26.9,26.7,26.9,26.5,25.1,26.4,26.5,27.2,26.8,27.6,27.2,23.2
2022-05-11,26.8,26.7,26.9,26.9,26.4,26.9,27,24.6,26.8,25.2,26.3,26.3,26.4,25.9,24.2,25.9,26.1,26.8,26.1,26.5,25.3,23.1
2022-05-12,26.3,26.3,26.5,26.5,26.3,26.7,26.6,25.3,26.6,25.4,26.5,26.3,26.5,26.1,24.9,26,26.2,26.7,26.3,27,26.5,23.1
2022-05-13,26.6,26.6,26.8,26.4,25.7,26.4,26.8,24.1,26.4,24.6,25.9,25.5,25.6,25.7,24.9,25.4,25,26,26.1,26.9,26.4,23.1
2022-05-14,29.2,29.2,29.3,28.8,28.5,29,29.4,27.7,29.1,27.8,28.6,28.3,28.4,28.3,27.2,28.1,27.9,28.8,28.6,29.5,29.1,25.3
2022-05-15,29.7,29.6,29.8,30.1,29.4,30,30,28.2,30,28.3,29.4,29.3,29.5,29,27.3,28.8,29.1,29.8,29.3,29.9,28.8,25.7
2022-05-16,29.8,29.7,30,30.1,29.1,30,30.1,28.2,30,28.3,29.5,29.1,29.3,29.2,28.2,28.9,28.6,29.7,29.7,30.5,30.1,26.2
2022-05-17,28.7,28.7,29.1,28.8,28.4,29.2,29.1,26.9,28.9,27.1,29,28.7,28.8,28.7,27.8,28.5,28.2,29,29,30,29.5,26.1
2022-05-18,33.4,33.3,33.4,32.2,31.9,32.5,33.4,30.7,32.7,31.1,31.7,31.5,31.6,31.3,29.9,31.1,31.1,32.1,31.6,32.3,31.4,28.1
2022-05-19,30,29.9,30.2,29.6,29,29.7,30.1,27.1,29.6,27.8,29.2,28.9,29,28.9,27.9,28.7,28.5,29.4,29.2,29.9,29.3,26.3
2022-05-20,32.2,32.2,32.4,31.7,31.5,32.1,32.3,29.4,31.8,30,31.7,31.6,31.7,31.4,30.2,31.3,31.3,32,31.6,32.3,31.7,28.7
2022-05-21,34.7,34.7,35,35.1,34.2,34.9,35,32.1,34.7,32.8,34.1,34,34.2,33.6,31.9,33.6,33.8,34.6,34,34.1,32.6,30.8
2022-05-22,36.5,36.5,36.8,37.2,36.1,36.8,36.9,34.6,36.8,34.9,36,35.9,36.1,35.6,33.8,35.4,35.6,36.5,36,36.3,35.1,32.2
2022-05-23,28.7,28.7,28.9,29.8,28.2,29.1,29.1,26.9,29.2,27.2,28.7,28.2,28.4,28.7,28,28.2,27.6,28.8,29.3,30.1,30.1,26.1
2022-05-24,20.9,20.9,20.6,20,20,20.1,20.8,19.6,20.7,20.3,19.3,19.3,19.5,19,17.5,18.9,19.3,20,19.1,19.2,18.2,16.4
2022-05-25,20.7,20.7,20.4,20.3,20.4,20.6,20.7,19.3,20.9,20.1,20,19.9,20.1,19.7,18.2,19.6,19.8,20.5,19.8,20.4,19.3,16.7
2022-05-26,26.5,26.5,26.5,26.8,26,26.6,26.8,25.5,26.9,25.7,25.9,25.7,25.8,25.8,24.6,25.4,25.2,26.3,26.1,26.8,26.1,22.7
2022-05-27,31.4,31.3,31,30.2,29.6,30,31.1,28.5,30.6,29.3,29.1,28.8,29,29,28.1,28.6,28.4,29.6,29.3,29.9,29.4,26.4
2022-05-28,33.1,33,33,32.9,31.9,32.6,33.1,30.7,32.9,31.3,31.9,31.5,31.7,31.7,30.7,31.3,31.1,32.2,32.2,33,32.8,28.5
2022-05-29,27.2,27.1,27.2,26.7,26.2,26.7,27.3,25.4,27,25.8,26,25.8,26,25.8,24.5,25.5,25.4,26.4,26,26.5,25.6,23.1
2022-05-30,26.8,26.8,26.9,27.1,26.3,27,27.1,25.8,27.1,25.7,26.4,26.1,26.3,26.1,24.9,25.9,25.7,26.7,26.5,27.1,26.3,23.3
2022-05-31,29.6,29.5,29.6,28.7,28.3,28.9,29.6,27.5,29.1,27.6,28.2,27.9,28.1,27.9,26.6,27.6,27.5,28.6,28.1,28.9,28.3,24.8
2022-06-01,30.2,30.1,30.4,30.1,29.9,30.4,30.4,28.1,30.2,28.5,30.1,30,30.1,29.7,28.5,29.7,29.7,30.4,29.8,30.6,29.8,26.9
2022-06-02,29.6,29.5,29.8,29.1,28.6,29.2,29.7,26.7,29.1,27.3,28.7,28.5,28.6,28.4,27.3,28.2,28.1,29,28.6,29.2,28.6,25.8
2022-06-03,30.7,30.6,30.8,30.3,30.2,30.7,30.9,28.4,30.5,29,30.3,30.1,30.2,29.9,28.7,29.8,29.8,30.6,30,30.7,29.9,27.2
2022-06-04,32.7,32.6,33,32.7,32.2,32.9,33,30.8,32.6,30.8,32.4,32.2,32.4,31.9,30.4,31.8,32,32.7,32.1,32.7,31.6,28.7
2022-06-05,30.1,30.1,30.2,30.2,29.5,30.1,30.4,29,30.3,28.9,29.5,29.2,29.4,29.3,28.2,29,28.8,29.8,29.6,30.3,29.6,26.1
2022-06-06,28.9,28.9,29.1,30,29.2,29.8,29.4,28.1,29.7,28.3,29.3,29.2,29.3,28.9,27.3,28.8,28.9,29.7,29.3,29.7,28.5,25.9
2022-06-07,28.8,28.8,29,29.5,28.9,29.5,29.3,28,29.4,28,29.1,29,29.2,28.7,27.1,28.6,28.8,29.5,29,29.6,28.7,25.4
2022-06-08,30.8,30.7,30.8,30.1,29.4,30,30.8,28.1,30.3,28.7,29.2,29,29.2,28.9,27.6,28.6,28.6,29.7,29.2,29.7,28.8,25.8
2022-06-09,26.6,26.6,26.9,27.8,26.4,27.3,27.2,25.6,27.5,25.9,26.8,26.4,26.6,26.8,25.8,26.3,25.7,27,27.4,28.1,27.6,24
2022-06-10,30.8,30.8,31,30.6,30.5,31,31,28.3,30.7,29,30.7,30.6,30.8,30.2,28.9,30.2,30.5,31,30.3,31,30.2,27.4
2022-06-11,32.6,32.6,32.9,32.9,32.2,33,33,31.2,32.9,31.3,32.6,32.3,32.4,32.3,31,32,31.8,32.8,32.7,33.3,32.6,29.4
2022-06-12,35.7,35.6,35.8,35,34.3,35.1,35.8,33.5,35.3,33.7,34.3,34,34.2,34.2,32.8,33.7,33.4,34.7,34.6,35.3,34.6,30.9
2022-06-13,34.3,34.2,34.4,34.6,34,34.5,34.6,33.1,34.6,33.3,33.9,33.8,34,33.6,32.1,33.4,33.5,34.4,33.9,34.4,33.4,30.4
2022-06-14,33.4,33.3,33.7,33.3,32.6,33.4,33.6,31.1,33.3,31.5,32.9,32.6,32.7,32.7,31.5,32.4,32.1,33.1,33,33.7,33.1,30
2022-06-15,37.1,37,37.4,36.7,36.6,37.2,37.3,33.5,36.7,34.5,36.9,36.8,36.9,36.3,34.9,36.4,36.6,37.2,36.5,37.3,36.5,33.2
2022-06-16,37.9,37.9,38.2,37.8,36.9,37.7,38.2,35.3,37.7,35.8,37.1,36.8,36.9,36.9,35.7,36.5,36.2,37.3,37.3,38.1,37.6,33.9
2022-06-17,37.5,37.5,37.7,37.2,36.9,37.6,37.8,35.4,37.4,35.6,37,36.9,37,36.6,35.3,36.5,36.6,37.4,36.8,37.5,36.6,33.6
2022-06-18,35,34.9,35.4,35.7,34.2,35.3,35.4,32.9,35.2,33.1,34.7,34.3,34.4,34.6,33.6,34.1,33.5,34.8,35.2,35.9,35.3,31.8
2022-06-19,32.8,32.7,33,32.7,31.7,32.5,33,30.4,32.7,30.8,31.8,31.4,31.6,31.6,30.3,31.2,30.8,32.1,32.1,32.7,31.8,28.6
2022-06-20,30.8,30.8,31,30.8,30.1,30.8,31.1,29.5,31,29.7,30,29.8,30,29.8,28.4,29.6,29.4,30.4,30.2,30.5,29.3,27.2
2022-06-21,34.2,34.1,34.3,33.9,33.3,33.9,34.4,32.5,34.1,32.6,33.2,33,33.2,32.9,31.7,32.7,32.6,33.6,33.1,33.7,32.7,30.2
2022-06-22,29.6,29.5,29.5,29.2,28.6,29.2,29.7,27.7,29.6,28.3,28.3,28.2,28.4,28.1,26.5,27.8,27.8,28.9,28.4,28.8,27.6,24.9
2022-06-23,30.4,30.4,30.5,31.2,30.2,30.9,30.8,29.1,31,29.4,30.2,30.1,30.3,29.9,28.2,29.6,29.8,30.7,30.2,30.8,29.8,26.4
2022-06-24,32.5,32.4,32.2,32.3,31.6,32,32.5,30.7,32.5,31.3,31.2,31,31.2,31,29.5,30.6,30.8,31.8,31.3,31.8,31.2,27.5
2022-06-25,30.1,30,30.1,30.5,29.6,30.4,30.4,29.4,30.5,29.1,29.6,29.4,29.6,29.3,27.7,29,29,30.1,29.7,30.2,29,25.9
2022-06-26,30.8,30.8,30.8,30.1,29.3,30,30.9,28.5,30.4,28.8,29.1,28.7,28.9,29,27.6,28.5,28.1,29.5,29.4,30.1,29.2,25.9
2022-06-27,29.7,29.7,29.5,29.9,29.2,29.6,29.8,28.4,29.9,28.8,29,28.8,29,28.8,27.8,28.5,28.5,29.4,29.1,29.8,29.2,26
2022-06-28,32.2,32.1,31.9,32.3,31.4,31.8,32.1,29.5,32,30.4,31,31,31.2,30.8,29.4,30.6,30.9,31.6,31.1,31.5,31,27.6
2022-06-29,30.4,30.4,30.7,31.6,30.6,31.3,30.9,29.4,31.2,29.5,30.7,30.6,30.8,30.3,28.6,30.2,30.4,31.1,30.7,31.1,30,27.2
2022-06-30,30.2,30.2,30.2,30.4,30,30.6,30.5,29.5,30.7,29.5,30,29.8,30,29.6,28.1,29.4,29.6,30.4,29.8,30.4,29.4,26.3
2022-07-01,27.9,27.8,28,28.3,27.9,28.4,28.2,26.8,28.3,27,28.2,28.1,28.2,27.9,27,27.8,27.8,28.4,28.1,28.9,28.4,25.6
2022-07-02,31,31,31.4,30.8,29.8,30.8,31.3,28.7,30.9,29.2,30.2,29.7,29.8,30.1,29.5,29.7,28.9,30.2,30.6,31.3,30.7,27.9
2022-07-03,33.1,33,33.4,33,32.3,33.1,33.4,31.5,33.1,31.6,32.7,32.2,32.4,32.6,31.7,32.1,31.5,32.7,33,33.8,33.2,30.2
2022-07-04,34.2,34.2,34.3,34.2,33.1,33.9,34.5,32.5,34.3,32.8,33.1,32.7,32.9,33,31.8,32.5,32.1,33.5,33.5,34.1,33.3,30
2022-07-05,32.9,32.9,33.1,33.5,32.7,33.4,33.3,32.1,33.4,32.1,32.9,32.6,32.8,32.7,31.7,32.4,32.2,33.2,33.1,33.7,33,30.1
2022-07-06,30.1,30.1,30,30.6,30.5,30.7,30.3,28.6,30.5,29.4,30.4,30.4,30.6,30,28.8,30.1,30.5,30.8,30,30.5,29.8,27.6
2022-07-07,31.6,31.6,31.6,31.9,31.5,32,31.9,30.5,32,30.7,31.6,31.4,31.6,31.2,29.8,31,31.1,31.9,31.5,32.3,31.6,27.9
2022-07-08,31.3,31.3,31.5,31.8,31.4,32,31.7,30.4,31.8,30.5,32,31.6,31.7,31.8,31.1,31.5,31,31.9,32.1,33.2,33,29.3
2022-07-09,32.3,32.3,32.5,32.6,32,32.7,32.7,30.8,32.6,31,32.4,32.1,32.3,32.2,31.2,31.9,31.7,32.5,32.5,33.3,32.6,29.7
2022-07-10,33.8,33.7,34,34.9,33.7,34.5,34.2,32.2,34.4,32.6,34,33.8,34,33.7,32.2,33.5,33.5,34.3,34.1,34.6,33.7,30.8
2022-07-11,33.1,33.1,33.4,33.2,32.2,33.1,33.5,31.7,33.3,31.7,32.5,32,32.2,32.4,31.2,31.9,31.3,32.7,32.9,33.6,32.8,29.6
2022-07-12,33.8,33.7,34.2,33.9,32.9,33.9,34.2,32.2,34,32.2,33.4,32.9,33.1,33.3,32.4,32.8,32.2,33.5,33.9,34.7,34.1,30.8
2022-07-13,33.3,33.3,33.7,33.9,33.2,34,33.8,32.8,33.9,32.5,33.6,33.4,33.5,33.4,32.2,33.1,32.9,33.8,33.7,34.4,33.6,30.7
2022-07-14,34.5,34.5,34.8,34.4,33.7,34.4,34.8,33.1,34.6,33.2,33.8,33.5,33.7,33.6,32.2,33.2,33,34.1,33.9,34.4,33.5,30.9
2022-07-15,37.6,37.6,37.8,37.8,36.8,37.6,37.9,36,37.9,36.3,37,36.6,36.8,36.8,35.5,36.4,36.1,37.3,37.2,37.8,36.9,33.8
2022-07-16,34.7,34.7,35,35.2,34.7,35.3,35.2,34.4,35.2,34,35.1,34.8,34.9,34.8,33.9,34.6,34.3,35.2,35.1,35.8,35.2,32.4
2022-07-17,36.1,36,36.3,35.4,34.8,35.6,36.2,33.6,35.7,34,35,34.6,34.8,34.8,33.8,34.5,34,35.2,35.2,35.8,35.1,32.4
2022-07-18,35.1,35.1,35.5,34.7,34.1,34.9,35.3,32.2,34.7,32.8,34.4,34.1,34.2,34.2,33.2,33.9,33.6,34.6,34.6,35.3,34.8,31.7
2022-07-19,34.3,34.3,34.7,34.6,33.8,34.6,34.7,33.1,34.6,33,34.2,33.9,34,34.1,33.1,33.7,33.3,34.3,34.5,35.2,34.7,31.6
2022-07-20,33.2,33.2,33.4,33.6,32.5,33.3,33.5,31.9,33.5,31.9,32.8,32.4,32.5,32.7,31.6,32.2,31.8,33,33.2,33.9,33.2,30
2022-07-21,33.6,33.6,34,35.1,34.1,34.8,34.2,32.5,34.6,32.8,34.4,34.3,34.4,34.1,32.6,33.9,34,34.7,34.4,34.9,33.9,31.4
2022-07-22,36.9,36.8,37.2,37.6,36.8,37.5,37.3,34.2,37.1,35,36.9,36.9,37,36.3,34.5,36.3,36.7,37.4,36.6,37,35.7,33.1
2022-07-23,31.5,31.5,31.9,32.3,31.5,32.3,32.1,30.8,32.2,30.9,32,31.7,31.8,31.9,31,31.6,31.1,32.1,32.3,33,32.4,29.7
2022-07-24,34.9,34.8,35.4,37,35.7,36.4,35.6,33.4,36,33.9,36.1,36.1,36.2,35.6,33.9,35.6,36,36.4,36,36.2,34.9,32.7
2022-07-25,33.1,33,33.4,33.4,32.5,33.4,33.5,31.8,33.3,31.8,32.9,32.5,32.6,32.7,31.8,32.4,31.9,33,33.1,33.8,33,30.4
2022-07-26,31.8,31.8,32,32.9,32,32.6,32.3,30.5,32.5,31.1,32.3,32.1,32.3,32,30.8,31.8,31.9,32.5,32.3,32.9,32.3,29.2
2022-07-27,29.8,29.8,30,30.2,29.8,30.4,30.2,28.6,30.3,29.1,30.1,29.8,30,29.8,28.8,29.6,29.5,30.2,30.1,30.6,29.6,27.6
2022-07-28,31.3,31.3,31.2,31.3,30.9,31.3,31.5,30.5,31.6,30.8,30.7,30.6,30.8,30.4,28.9,30.2,30.4,31.2,30.5,30.9,30,27.5
2022-07-29,32.5,32.5,32.5,32.5,31.5,32.2,32.7,30.4,32.6,31,31.4,31.1,31.3,31.3,30.1,30.9,30.6,31.8,31.8,32.6,32.1,28.3
2022-07-30,31.2,31.2,31.2,31.2,30.5,31,31.4,30.2,31.5,30.7,30.1,30,30.2,29.8,28.2,29.6,29.7,30.7,30.2,30.3,28.9,26.9
2022-07-31,34.1,34.1,34.1,34,33.4,33.9,34.3,33.1,34.3,33.2,33.1,33,33.2,32.9,31.4,32.6,32.6,33.6,33.2,33.6,32.6,29.9
2022-08-01,35.4,35.3,35.3,35.4,34.9,35.4,35.6,34.8,35.7,34.7,34.7,34.5,34.7,34.5,33,34.2,34.2,35.2,34.7,35.3,34.4,31.3
2022-08-02,35.7,35.7,35.8,36,35.5,36,36,35.1,36,34.9,35.6,35.4,35.6,35.2,33.9,35.1,35.2,35.9,35.5,36.2,35.6,32.1
2022-08-03,35.3,35.3,35.6,36.7,35.7,36.4,35.9,34.2,36.1,34.3,36,35.9,36,35.5,33.9,35.4,35.7,36.3,35.9,36.3,35.3,32.4
2022-08-04,35.1,35.1,35.4,35.9,35.2,35.8,35.6,33.9,35.7,34.1,35.4,35.3,35.5,34.9,33.3,34.9,35.2,35.8,35.2,35.7,34.8,31.8
2022-08-05,35.1,35,35.3,35.8,34.7,35.5,35.5,33.6,35.6,33.8,34.9,34.7,34.8,34.6,33.1,34.3,34.3,35.2,35,35.7,34.9,31.2
2022-08-06,35.2,35.1,35.2,34.8,34.5,35.1,35.4,33.9,35.2,34,34.5,34.3,34.5,34.2,33.1,34,34,34.9,34.5,35.2,34.4,31.5
2022-08-07,33.4,33.4,33.5,33.4,32.9,33.5,33.7,33.6,33.7,32.9,32.8,32.6,32.8,32.5,31,32.2,32.2,33.2,32.8,33.2,32,29.5
2022-08-08,34.4,34.4,34.4,33.8,33.3,33.9,34.5,33.1,34.3,33.2,33.1,32.8,33,33,31.7,32.6,32.3,33.5,33.3,34,33.2,30
2022-08-09,36.4,36.3,36.3,35,34.4,35.1,36.3,33.9,35.6,34.2,34.1,33.7,33.9,33.9,32.6,33.5,33.1,34.6,34.3,35,34.1,30.8
2022-08-10,36.7,36.7,36.8,36.9,36.4,37,37,35,36.9,35.3,36.5,36.3,36.5,36.1,35,36,36.1,36.8,36.4,37.2,36.8,33
2022-08-11,35.4,35.4,35.5,35.1,34.7,35.3,35.6,34,35.4,34.1,34.7,34.5,34.7,34.4,33.3,34.3,34.2,35.1,34.7,35.4,34.7,31.8
2022-08-12,39.1,39,39.2,39.2,38.5,39.1,39.2,35.5,38.8,36.5,38.5,38.5,38.6,37.9,36.5,38,38.4,39,38.1,38.7,37.8,35
2022-08-13,36.3,36.3,36.6,36.4,35.5,36.3,36.7,34.2,36.4,34.6,35.8,35.4,35.5,35.6,34.7,35.2,34.8,36,36.1,37,36.5,32.8
2022-08-14,37.9,37.8,37.6,37.8,37.1,37.5,37.9,36.3,37.9,36.6,36.7,36.6,36.8,36.4,34.9,36.2,36.4,37.3,36.7,37.3,36.7,32.8
2022-08-15,32.4,32.3,32.3,32.1,31.3,32,32.5,31.5,32.4,31.2,31.2,30.9,31.1,31.1,29.9,30.7,30.4,31.6,31.5,32.2,31.5,28
2022-08-16,32,31.9,31.7,31.8,31,31.5,32,30.7,32,31,30.6,30.4,30.6,30.5,29.3,30.2,30.1,31.2,30.8,31.2,30.1,27.8
2022-08-17,32.1,32.1,31.9,32.4,32,32.2,32.2,31.2,32.4,31.4,31.5,31.6,31.8,31.1,29.5,31.1,31.6,32.2,31.3,31.7,30.7,27.7
2022-08-18,29.5,29.4,29.1,28.6,27.7,28.2,29.3,27.7,29,28.1,27.2,26.9,27.1,27.2,26.1,26.7,26.4,27.7,27.6,28.2,27.8,24.2
2022-08-19,30.3,30.3,30,30.4,29.7,30.1,30.4,29.5,30.5,29.6,29.7,29.4,29.5,29.7,28.9,29.2,29,29.9,30.1,31,31,26.9
2022-08-20,32.6,32.5,32.7,33.2,32.3,32.9,32.9,30.6,32.9,31.3,32.2,32.1,32.3,31.8,30.4,31.7,31.9,32.7,32.2,32.5,31.4,29
2022-08-21,31.6,31.6,31.7,31.8,31.3,31.9,31.9,30.3,32,30.7,31.4,31.2,31.4,31.1,30,30.9,30.9,31.7,31.4,32.1,31.5,28.1
2022-08-22,29.6,29.6,29.6,29.6,29,29.6,29.9,28.9,29.9,29,29,28.7,28.9,28.8,27.7,28.5,28.3,29.4,29.1,29.7,28.8,25.8
2022-08-23,31.4,31.4,31.5,31.6,31,31.6,31.7,30.8,31.8,30.8,31.1,30.8,31,30.9,29.8,30.6,30.4,31.4,31.2,31.8,31.1,27.9
2022-08-24,34.1,34,34.1,33.4,32.9,33.5,34.2,33,33.9,32.9,32.8,32.6,32.7,32.6,31.2,32.3,32.2,33.2,32.8,33.4,32.4,29.6
2022-08-25,32.2,32.2,32.3,32,31.2,32,32.5,30.9,32.4,31,31.2,30.8,31,31,29.7,30.6,30.3,31.5,31.4,32,31,28.1
2022-08-26,33.4,33.3,33,32.5,32.3,32.6,33.2,32.1,33.1,32.3,31.7,31.6,31.8,31.5,30.2,31.3,31.4,32.3,31.7,32.3,31.6,28.5
2022-08-27,30.9,30.9,30.8,31.1,30.1,30.8,31.1,29.9,31.3,30.2,30,29.7,29.9,29.9,28.7,29.5,29.2,30.4,30.3,30.8,30,27
2022-08-28,33.3,33.3,33.4,33.3,32.9,33.4,33.5,31.7,33.4,32.1,32.8,32.7,32.9,32.5,31.1,32.3,32.5,33.3,32.7,33.3,32.5,29.5
2022-08-29,33.3,33.3,33.2,32.7,32.3,32.8,33.4,31.7,33.1,31.9,31.9,31.8,32,31.6,30.1,31.5,31.6,32.5,31.9,32.2,31,28.6
2022-08-30,34.6,34.6,34.6,34.5,33.8,34.3,34.7,33.1,34.5,33.2,33.5,33.4,33.6,33.1,31.7,33,33.2,34,33.4,33.8,32.7,30.3
2022-08-31,30.8,30.8,30.5,30,29.7,30,30.7,28.9,30.5,29.7,29.1,29,29.2,28.8,27.5,28.6,28.9,29.7,29,29.3,28.5,26
2022-09-01,30.5,30.4,30.4,30.5,30.1,30.6,30.7,30,30.8,29.9,30,29.8,30,29.7,28.5,29.5,29.5,30.4,30,30.6,29.7,26.9
2022-09-02,30.7,30.6,30.6,30.7,30,30.6,30.9,29.6,31,29.9,29.8,29.6,29.8,29.5,28.1,29.3,29.2,30.3,29.9,30.3,29.4,26.3
2022-09-03,30,30,29.8,29.4,28.9,29.4,30,28.6,29.9,28.8,28.6,28.4,28.6,28.4,27.1,28.1,28,29.1,28.6,29.3,28.5,25.3
2022-09-04,30.9,30.8,30.8,30.3,29.9,30.4,31,29.3,30.8,29.7,29.7,29.4,29.6,29.4,28.1,29.1,29,30.1,29.7,30.3,29.4,26.5
2022-09-05,31.5,31.5,31.4,31.3,30.6,31.2,31.6,30,31.5,30.3,30.3,30.1,30.4,30.1,28.5,29.8,29.8,30.9,30.4,30.8,29.7,27
2022-09-06,33.5,33.5,33.2,32.9,32.7,33,33.4,31.4,33.2,32.1,32.5,32.4,32.5,32.3,31.4,32.1,32.1,32.9,32.4,33.2,32.9,29.7
2022-09-07,30.7,30.7,30.4,30.6,29.8,30.3,30.7,29.4,30.8,29.8,29.5,29.2,29.4,29.5,28.5,29,28.7,29.9,29.8,30.5,29.9,26.9
2022-09-08,29.3,29.3,29,29.3,28.5,28.9,29.4,28.2,29.5,28.6,27.9,27.8,28,27.7,26.3,27.5,27.6,28.6,28.1,28.2,26.9,24.8
2022-09-09,29.5,29.4,29.5,30,28.8,29.6,29.8,28.2,29.9,28.5,28.9,28.5,28.7,28.8,27.8,28.3,27.9,29.2,29.4,30.1,29.5,25.7
2022-09-10,29.1,29.1,29.1,28.9,28.6,29.1,29.3,28.1,29.3,28.4,28.5,28.3,28.5,28.2,26.9,28,28,28.9,28.4,28.9,28,25.5
2022-09-11,30.5,30.4,30.6,30.3,29.5,30.2,30.7,28.4,30.5,29.1,29.4,29.2,29.3,29.3,28.3,29,28.6,29.8,29.7,30.1,29.2,27
2022-09-12,34,34,34,33.3,33,33.5,34.1,31.8,33.6,32.3,32.9,32.7,32.8,32.6,31.7,32.4,32.3,33.2,32.8,33.3,32.6,30.3
2022-09-13,31.3,31.3,30.9,30.6,30.4,30.6,31.2,29.2,31.2,30.3,29.6,29.6,29.8,29.2,27.3,29.1,29.5,30.4,29.4,29.6,28,25.9
2022-09-14,27.3,27.3,27,27.3,26.7,27.1,27.4,26,27.5,26.7,26.3,26.1,26.3,26.2,25.3,25.9,25.8,26.8,26.5,26.9,26,24
2022-09-15,31.1,31,30.8,31.4,30.5,30.9,31.2,30.3,31.4,30.4,30.2,30,30.2,30.1,28.9,29.7,29.6,30.7,30.4,30.9,30.2,27.3
2022-09-16,28,28,27.8,28.3,27.6,28,28.2,27.1,28.4,27.5,27.4,27.3,27.4,27.3,26.4,27.1,27,27.8,27.6,28,27.3,25.1
2022-09-17,26.6,26.5,26.3,26.2,25.9,26.1,26.6,26.1,26.6,26.1,25.4,25.4,25.5,25.2,24,25.1,25.2,26,25.4,25.6,24.5,23
2022-09-18,26.2,26.2,26.2,26,25.8,26.2,26.4,25.3,26.4,25.4,25.7,25.5,25.7,25.4,24.1,25.2,25.3,26,25.5,26,25,22.9
2022-09-19,28.1,28,28.1,27.5,26.7,27.4,28.2,26.8,27.9,26.9,26.6,26.2,26.4,26.6,25.6,26.1,25.7,26.9,27,27.6,27,24
2022-09-20,26.9,26.9,27,26.9,26.3,26.9,27.2,26.1,27.2,26.2,26.3,26.1,26.2,26.2,25.2,25.9,25.7,26.6,26.5,27,26.4,23.8
2022-09-21,27.6,27.5,27.5,26.9,25.9,26.6,27.6,25.9,27.3,26.1,25.6,25.3,25.5,25.6,24.4,25.1,24.7,26.1,26,26.4,25.6,23
2022-09-22,27.4,27.3,27,27,25.9,26.4,27.3,25.4,27.1,26,25.4,25.2,25.4,25.3,24.2,24.9,24.8,26,25.7,25.9,25.1,22.6
2022-09-23,26.1,26.1,25.8,26.1,25.3,25.8,26.2,24.5,26.3,25.4,25,24.8,25,24.9,23.9,24.6,24.4,25.4,25.2,25.5,24.6,22.5
2022-09-24,23.6,23.6,23.2,22.7,22.3,22.6,23.4,21.7,23.2,22.4,21.8,21.6,21.8,21.6,20.6,21.4,21.4,22.3,21.8,22.3,21.8,19.1
2022-09-25,24,24,23.7,23.5,23.2,23.5,24,23.2,24,23.3,22.8,22.7,22.9,22.6,21.4,22.4,22.5,23.3,22.8,23.4,22.8,19.6
2022-09-26,25,24.9,24.6,24.8,24.1,24.5,25,24.4,25.2,24.5,23.5,23.4,23.6,23.4,21.8,23,23.1,24.2,23.7,24.1,23.3,20
2022-09-27,25.5,25.4,25.1,25.1,24.4,24.8,25.4,23.9,25.5,24.5,23.9,23.7,23.9,23.7,22.4,23.4,23.4,24.5,24,24.5,23.8,20.6
2022-09-28,26.4,26.4,26.1,26.1,25.4,25.8,26.4,24.9,26.4,25.6,24.9,24.8,25,24.8,23.4,24.5,24.5,25.5,25.1,25.4,24.5,21.9
2022-09-29,23.8,23.7,23.5,24.1,23.1,23.6,23.9,23.1,24.2,23.4,22.6,22.6,22.8,22.4,20.8,22.1,22.4,23.3,22.8,23.1,22,19
2022-09-30,23.8,23.8,23.4,23.5,22.9,23.3,23.8,22.5,23.8,22.8,22.6,22.4,22.6,22.4,21.1,22.1,22.2,23.1,22.7,23.6,23.4,18.9
2022-10-01,26.4,26.4,26.2,26.3,25.8,26.1,26.4,25.4,26.3,25.5,25.5,25.5,25.6,25.3,24.3,25.2,25.4,26,25.5,26.1,25.8,22.7
2022-10-02,29.2,29.2,29.2,29.5,28.6,29.1,29.4,27.9,29.3,28.2,28.4,28.3,28.4,28.2,27.2,28.1,28,28.8,28.5,28.7,27.9,26.3
2022-10-03,27,27,27.1,27,26.3,26.9,27.2,26.2,27.2,26.2,26.4,26.1,26.2,26.3,25.5,25.9,25.6,26.6,26.7,27.2,26.8,24.1
2022-10-04,28.2,28.2,28.2,27.8,27.2,27.6,28.2,25.9,27.9,26.6,26.9,26.8,26.9,26.6,25.4,26.4,26.5,27.3,26.9,27.3,26.7,24
2022-10-05,25.9,25.9,26,25.8,25,25.6,26.1,24.6,26.1,25,24.9,24.6,24.8,24.9,23.9,24.5,24,25.2,25.3,25.8,25.2,22.5
2022-10-06,25.9,25.9,25.9,25.7,25.2,25.6,26,23.8,25.9,24.6,25,24.8,25,24.8,23.6,24.5,24.5,25.4,25,25.5,24.8,22.1
2022-10-07,18.7,18.7,18.5,18.2,18.6,18.6,18.7,18.1,18.8,18.7,18,18.1,18.2,17.6,16.3,17.7,18.2,18.5,17.5,17.5,16,15.8
2022-10-08,23.9,23.9,23.8,23.4,22.8,23.3,24,21.7,23.7,22.4,22.4,22.3,22.5,22.2,20.6,21.9,22.1,23,22.5,22.9,21.7,18.9
2022-10-09,23.5,23.5,23.4,23.4,22.6,23.2,23.7,22.6,23.7,22.8,22.5,22.2,22.4,22.4,21.3,22,21.8,22.9,22.7,23.2,22.4,19.9
2022-10-10,24.3,24.3,24,24,23.2,23.6,24.3,22.9,24.2,23.4,22.8,22.6,22.7,22.8,21.9,22.4,22.2,23.2,23.2,23.5,23.1,20.3
2022-10-11,22.6,22.6,22.3,22,21.7,22,22.6,21.4,22.5,21.9,21.2,21.1,21.3,21.1,20,20.9,20.9,21.7,21.3,21.6,20.9,18.7
2022-10-12,26.6,26.5,26.2,25.8,25.3,25.7,26.4,24.3,26.2,25.2,24.9,24.6,24.8,24.8,23.8,24.4,24.2,25.3,25.1,25.8,25.5,22.1
2022-10-13,26.9,26.9,26.6,26.5,26,26.3,26.9,25.4,26.8,25.9,25.5,25.4,25.6,25.3,23.9,25.1,25.3,26.1,25.5,26,25.4,22.2
2022-10-14,27.4,27.4,27.1,27,26.3,26.6,27.3,25.4,27.1,26.1,25.9,25.7,25.9,25.8,24.9,25.5,25.5,26.3,26.1,26.6,26.3,23.4
2022-10-15,27.2,27.1,27.2,27,26.9,27.3,27.4,26.1,27.3,26.3,26.9,26.7,26.9,26.5,25.4,26.4,26.5,27.2,26.7,27.2,26.4,24.1
2022-10-16,27,27,26.9,26.6,26.3,26.7,27.1,26.1,27.1,26.2,26,25.9,26.1,25.8,24.5,25.6,25.6,26.5,26.1,26.5,25.5,23.1
2022-10-17,26.7,26.7,26.5,25.9,25.4,25.9,26.7,24.2,26.3,25.1,25,24.8,25,24.7,23.4,24.5,24.4,25.5,25,25.4,24.6,21.9
2022-10-18,27,27,27,27,26.1,26.7,27.2,25.6,27.2,26.1,25.8,25.6,25.8,25.7,24.4,25.3,25.3,26.3,26.1,26.4,25.5,23
2022-10-19,26.8,26.8,26.9,26.9,26.2,26.7,27,25.3,27,25.7,26.1,25.9,26.1,25.8,24.8,25.7,25.6,26.5,26.1,26.3,25.3,23.8
2022-10-20,24.8,24.7,24.4,23.8,23.7,24,24.7,23.2,24.5,23.9,23.2,23,23.2,23,21.8,22.7,22.7,23.7,23.1,23.6,22.8,20.6
2022-10-21,27.5,27.5,27.2,27.4,26.7,27.1,27.5,26.1,27.6,26.5,26.2,26,26.3,26,24.5,25.7,25.7,26.8,26.3,26.9,26.1,22.7
2022-10-22,27.5,27.4,27.1,27.4,26.8,27.2,27.5,26.8,27.6,26.9,26.4,26.3,26.5,26.2,24.8,25.9,26,27,26.4,26.9,26,23.2
2022-10-23,24.9,24.9,24.5,24.1,23.9,24.2,24.8,23.9,24.8,24.4,23.1,23.1,23.3,22.8,21.2,22.7,23,23.9,22.9,22.9,21.2,20.7
2022-10-24,28,28,27.6,27.8,27.4,27.7,28,27.2,28.1,27.3,26.8,26.7,27,26.5,24.7,26.3,26.6,27.5,26.7,27.2,26.3,22.8
2022-10-25,28.3,28.3,28.3,27.7,27.6,28,28.4,26.6,28.2,27,27.3,27.2,27.4,26.8,25.3,26.8,27,27.8,27,27.5,26.3,23.9
2022-10-26,30.1,30.1,30.2,29.3,29.1,29.7,30.2,28.4,29.8,28.4,29.1,28.9,29,28.8,27.7,28.6,28.5,29.4,29,29.9,29.5,26
2022-10-27,27.6,27.6,27.8,27.3,26.9,27.5,27.7,24.7,27.2,25.3,27.2,26.9,27,26.9,26.2,26.7,26.5,27.3,27.1,28,27.8,24.9
2022-10-28,28.4,28.3,28.3,26.6,26.7,27.1,28.1,24,27.1,25.5,26.6,26.4,26.5,26.3,25.8,26.3,26.1,26.8,26.4,27.2,27,24.6
2022-10-29,24.2,24.2,24.4,24.4,23.7,24.3,24.4,21.7,24.2,22.6,23.9,23.6,23.8,23.8,23.1,23.5,23.2,24,24.1,24.7,24.4,22.1
2022-10-30,24,24,23.8,23.6,23.1,23.4,24,23.3,24,23.5,22.6,22.5,22.7,22.6,21.6,22.3,22.3,23.1,22.8,22.9,22.1,20.8
2022-10-31,24,24,23.7,23.8,23.3,23.6,24,23.3,24.1,23.5,22.7,22.7,22.9,22.5,21,22.3,22.6,23.4,22.7,23,22.1,19.7
2022-11-01,24.5,24.5,24.3,24.8,24,24.5,24.6,22.7,24.9,23.7,23.9,23.6,23.8,23.8,22.9,23.4,23.3,24.2,24.2,24.8,24.4,21.2
2022-11-02,23.7,23.7,23.4,23.3,22.6,23,23.6,21.7,23.5,22.4,22.2,22,22.2,22,20.8,21.7,21.7,22.7,22.3,22.7,22.1,19.4
2022-11-03,23.2,23.2,22.9,23,22.2,22.6,23.2,21.8,23.3,22.4,21.5,21.5,21.7,21.2,19.3,21,21.4,22.3,21.5,21.7,20.4,18
2022-11-04,20.7,20.6,20.3,20,19.6,20,20.6,19.2,20.6,19.9,19,18.8,19.1,18.7,17.1,18.4,18.6,19.6,19,19.5,18.6,15.4
2022-11-05,20.8,20.8,20.6,20.8,20.2,20.5,20.9,20.9,21,20.6,19.8,19.7,19.9,19.8,18.6,19.5,19.5,20.3,20,20.4,19.9,17.3
2022-11-06,23.7,23.7,23.5,23.6,23,23.3,23.7,22.7,23.5,22.7,22.8,22.7,22.8,22.6,21.6,22.4,22.6,23.1,22.9,23.3,23.2,20.1
2022-11-07,21.9,21.9,21.7,22,21.6,21.9,22,21.7,22.2,21.7,21.4,21.3,21.4,21.2,20.3,21.1,21.1,21.8,21.4,21.7,21.1,19.2
2022-11-08,23.4,23.4,23.1,23.1,22.6,22.9,23.4,22.7,23.4,22.7,22.1,22,22.2,21.9,20.7,21.7,21.8,22.6,22.1,22.3,21.2,19.9
2022-11-09,23.4,23.4,23.1,23.2,22.6,22.9,23.4,21.8,23.5,22.6,22.1,22,22.2,21.9,20.4,21.6,21.8,22.7,22.1,22.5,21.6,18.8
2022-11-10,21,21,20.7,20.9,20.7,20.9,21,20.6,21.1,20.6,20.5,20.4,20.5,20.3,19.4,20.1,20.3,20.8,20.5,21.1,20.8,17.9
2022-11-11,22.9,22.9,22.8,22.2,22.1,22.4,22.9,20.1,22.6,21.2,21.8,21.7,21.8,21.4,20.1,21.3,21.5,22.2,21.5,22.3,21.8,18.5
2022-11-12,21.7,21.7,21.7,21.9,21.5,22,22,20.1,22,20.9,21.6,21.4,21.5,21.4,20.3,21.2,21.1,21.8,21.5,22.3,21.9,18.8
2022-11-13,22.9,22.9,22.9,22.5,22.3,22.6,23,21.8,22.8,21.8,22.1,22,22.2,21.8,20.6,21.7,21.9,22.5,22,22.6,22,19.3
2022-11-14,21.8,21.8,21.6,22.1,21.3,21.7,21.9,21.1,22.2,21.3,20.9,20.8,21,20.7,19.2,20.4,20.6,21.5,21.1,21.3,20.2,17.9
2022-11-15,22.5,22.4,22.1,22,21.7,22,22.4,20.9,22.4,21.6,21.1,21.1,21.3,20.9,19.3,20.7,21,21.8,21,21.5,20.6,17.7
2022-11-16,21,21,20.7,21,20.4,20.7,21.1,20.3,21.3,20.7,20,19.9,20.1,19.8,18.5,19.6,19.7,20.5,20.1,20.5,19.9,16.9
2022-11-17,23.3,23.3,23,23,22.6,22.8,23.3,22,23.2,22.4,22,22,22.2,21.7,20.3,21.6,22,22.6,21.9,22.3,21.8,18.4
2022-11-18,16.7,16.7,16.4,16.4,16.3,16.5,16.8,15.9,16.9,16.4,15.6,15.7,15.9,15.3,13.5,15.2,15.7,16.3,15.4,15.5,14.1,12.4
2022-11-19,16.5,16.4,16.1,15.9,15.7,16,16.4,14.8,16.5,15.6,15.1,15,15.2,14.8,13,14.6,14.9,15.8,15,15.6,14.7,11.2
2022-11-20,17.4,17.4,17.1,17,16.6,16.9,17.4,16.7,17.4,16.8,16,15.9,16.1,15.8,14.4,15.6,15.7,16.6,16.1,16.4,15.6,12.9
2022-11-21,14.6,14.6,14.2,14.2,14.2,14.2,14.5,14,14.6,14.5,13.8,13.8,13.9,13.6,12.7,13.5,13.8,14.2,13.6,14,13.7,11.7
2022-11-22,14.6,14.5,14.3,14.3,13.8,14.1,14.5,12.9,14.5,13.7,13.2,13.2,13.4,12.9,11.4,12.8,13.2,13.9,13.1,13.4,12.5,10
2022-11-23,21.2,21.2,20.9,21.2,20.8,21.1,21.3,21.1,21.6,21.2,20.5,20.4,20.6,20.2,18.9,20,20.2,21,20.4,20.9,20.3,17.4
2022-11-24,19.4,19.4,19.1,19,18.6,18.9,19.4,18.6,19.4,18.7,18,18,18.2,17.7,16.3,17.6,17.9,18.6,17.9,18.2,17.1,15
2022-11-25,18.9,18.9,18.6,19.2,18.5,18.8,19,18.9,19.4,18.8,17.9,17.9,18.1,17.7,16.1,17.5,17.7,18.6,18,18,16.6,14.9
2022-11-26,17.6,17.6,17.1,17.3,17.5,17.3,17.5,17.3,17.7,17.7,16.8,17,17.2,16.5,15.1,16.6,17.3,17.4,16.4,16.2,15.1,14.4
2022-11-27,16.9,16.9,16.7,16.9,16.5,16.7,17,17.2,17.2,16.9,16.1,16.1,16.2,16,15.1,15.9,15.9,16.5,16.2,16.3,15.6,14.4
2022-11-28,15,15,14.8,14.9,14.6,14.8,15,14.2,15.1,14.6,14.1,14.1,14.2,13.9,12.6,13.8,14,14.6,14,14.1,13.1,11.6
2022-11-29,15.8,15.8,15.5,15.1,15.1,15.3,15.8,14.5,15.7,15.1,14.5,14.5,14.7,14.1,12.3,14,14.5,15.2,14.2,14.6,13.6,10.6
2022-11-30,14.1,14,13.8,14.1,13.9,14.1,14.2,14.6,14.4,14.2,13.7,13.6,13.8,13.4,12.4,13.3,13.5,14.1,13.5,14.1,13.6,11.2
2022-12-01,14.8,14.8,14.5,14.4,14.2,14.3,14.8,12.9,14.8,13.9,13.3,13.5,13.7,12.8,10.8,12.9,13.7,14.2,12.9,12.7,10.8,9.7
2022-12-02,13.8,13.8,13.5,13.6,13.3,13.5,13.8,12.1,13.9,13,12.9,12.9,13,12.7,11.5,12.6,12.7,13.4,12.8,13.4,13,10
2022-12-03,13.9,13.9,13.6,13.7,13.5,13.8,14,14.3,14.3,13.9,13,12.9,13.1,12.7,11,12.5,12.7,13.6,12.9,13.2,12,9.6
2022-12-04,13.5,13.5,13.2,13.4,12.8,13.1,13.5,12.4,13.6,12.8,12.2,12.1,12.3,12,10.4,11.7,11.9,12.9,12.3,12.6,11.5,8.9
2022-12-05,16.1,16.1,15.8,15,14.7,14.9,15.9,13,15.5,14.4,14,13.9,14.1,13.9,12.7,13.7,13.8,14.6,14,14.1,13,12.3
2022-12-06,16.3,16.3,16.1,15.8,15.3,15.5,16.2,15.2,16.1,15.6,14.9,14.7,14.9,14.8,14.1,14.6,14.5,15.2,15.1,15.3,15,13.2
2022-12-07,13.7,13.7,13.5,13.7,14.2,14.2,13.8,14.2,14.1,14.1,13.9,14.1,14.2,13.4,12.2,13.7,14.3,14.4,13.2,13.4,12,11.8
2022-12-08,13.3,13.3,13,12.7,12.9,12.9,13.3,12.6,13.3,13.1,12.2,12.3,12.5,11.8,10.6,11.9,12.4,12.9,11.8,11.7,10.3,10.1
2022-12-09,18.3,18.3,17.9,17.9,17.6,17.9,18.3,17.8,18.5,18,17,16.9,17.1,16.8,15.2,16.5,16.7,17.7,17,17.5,16.7,13.4
2022-12-10,13.8,13.8,13.5,13.6,12.9,13.3,13.9,13.1,14.1,13.6,12.3,12.2,12.4,12.3,10.6,11.9,11.9,13,12.6,12.9,12,9.2
2022-12-11,9.1,9,8.8,8.9,9.3,9.2,9.1,9.1,9.3,9.2,8.7,8.9,9.1,8.2,6.6,8.4,9.2,9.3,8,8,6.5,6.1
2022-12-12,9.5,9.5,9.2,9.4,9.9,9.7,9.5,10.5,9.8,10.3,9.5,9.7,9.8,9.1,8.4,9.4,10,9.9,8.9,8.6,7.5,8.8
2022-12-13,13.2,13.2,13,13.1,14.1,13.7,13.3,14.6,13.6,14.1,13.5,14,14,12.9,11.8,13.5,14.6,14.1,12.6,12,10.3,12.2
2022-12-14,19.1,19,18.7,18.1,17.3,17.6,18.8,16.9,18.5,17.6,16.5,16.4,16.6,16.5,15.3,16.1,16.2,17.2,16.9,17,16.3,13.9
2022-12-15,17.7,17.7,17.4,17.5,17,17.3,17.8,16.6,17.9,17.1,16.4,16.3,16.5,16.1,14.3,15.9,16.2,17.1,16.3,16.7,15.7,12.6
2022-12-16,16,16,15.7,16,15.2,15.6,16.1,15.5,16.3,15.7,14.6,14.5,14.7,14.5,12.8,14.1,14.3,15.3,14.9,15.2,14.5,11.2
2022-12-17,14,14,13.8,14.1,13.5,13.8,14.1,12.6,14.2,13.5,13.3,13.2,13.3,13.2,12.2,12.9,13,13.7,13.5,14,13.6,10.8
2022-12-18,14.6,14.6,14.4,14.9,14.4,14.6,14.7,15.4,15.1,14.9,13.7,13.8,14,13.4,12.1,13.5,13.9,14.4,13.6,12.8,10.5,12.3
2022-12-19,15.9,15.9,15.7,15.8,15.6,15.7,16,16.5,16.2,16.2,14.9,15,15.2,14.7,13.3,14.7,15,15.6,14.9,14.5,12.9,12.8
2022-12-20,16.2,16.2,16,16.4,15.9,16.1,16.3,15.9,16.5,16.1,15.6,15.5,15.6,15.5,14.5,15.3,15.3,15.9,15.7,15.9,15.1,13.9
2022-12-21,17.2,17.1,16.9,16.8,16.9,17,17.2,16.5,17.3,17,16.3,16.4,16.6,16,14.2,16,16.5,17,16,16.2,14.9,13
2022-12-22,18.5,18.5,18.2,18.1,17.7,18,18.5,17.9,18.6,18.2,17.1,17,17.2,17,15.7,16.8,16.8,17.7,17.3,17.5,16.7,14.4
2022-12-23,21,21,20.6,20.5,20.5,20.5,20.9,20.2,21,20.8,19.9,19.9,20.1,19.8,18.7,19.7,20,20.4,19.8,20.1,19.7,17.4
2022-12-24,21.6,21.6,21.4,21.1,21.4,21.4,21.5,21,21.4,21,20.9,21,21.2,20.5,19.3,20.6,21.2,21.4,20.5,20.8,20.2,18
2022-12-25,21.1,21,20.9,21.1,21.6,21.5,21.1,20.9,21.1,20.6,21.3,21.6,21.7,20.7,19.4,21.1,21.9,21.8,20.6,20.6,19.1,18.6
2022-12-26,21.2,21.2,20.9,20.9,20.9,21,21.2,20.4,21.3,20.8,20.3,20.4,20.6,19.9,18.5,20,20.5,21,20,20.1,18.8,17.4
2022-12-27,18.6,18.6,18.3,18.5,18.1,18.4,18.6,18.4,18.8,18.2,17.7,17.6,17.8,17.5,16.3,17.3,17.5,18.2,17.7,18.1,17.5,15
2022-12-28,18.3,18.2,18.1,18.4,18.1,18.3,18.3,18,18.4,17.7,17.7,17.7,17.9,17.4,16,17.3,17.8,18.2,17.5,17.7,16.6,14.9
2022-12-29,17.2,17.2,16.9,17.3,16.8,17.1,17.3,17.3,17.7,17.3,16.2,16.2,16.4,16,14.3,15.8,16,16.9,16.2,16.3,15.1,12.9
2022-12-30,18,18,17.8,17.8,17.1,17.4,18,16.9,18.2,17.6,16.4,16.4,16.6,16.3,14.9,16.1,16.2,17.1,16.6,16.4,15.1,13.9
2022-12-31,21.8,21.8,21.6,21.5,21.1,21.3,21.8,21.7,21.8,21.4,20.5,20.5,20.7,20.4,19.1,20.2,20.4,21.1,20.6,20.8,19.9,18.1
